tree
version=v4
num_class=1
num_tree_per_iteration=1
label_index=0
max_feature_idx=10
objective=regression
feature_names=step dists inserts first_nn_dist nn_dist furthest_dist avg_dist variance percentile_25 percentile_50 percentile_75
feature_infos=[0:156] [9:3241] [10:105] [484:160501] [484:147647] [980:215412] [821.79998779296875:173543.703125] [18320.966796875:1135112704] [775:156855] [858:174522] [875:187484]
tree_sizes=3150 3283 3289 3281 3293 3283 3276 3286 3297 3277 3298 3290 3282 3288 3299 3310 3311 3309 3301 3312 3302 3341 3338 3315 3306 3341 3305 3345 3370 3264 3361 3301 3391 3265 3328 3296 3313 3292 3246 3270 3278 3331 3262 3309 3296 3375 3294 3259 3290 3187 3279 3358 3217 3362 3226 3194 3193 3199 3312 3284 3217 3358 3188 3286 3307 3216 3269 3191 3215 3202 3290 3236 3306 3242 3236 3220 3202 3211 3257 3129 3215 3244 3167 3223 3238 3250 3140 3234 3228 3160 3180 3245 3184 3149 3149 3275 3108 3273 3181 3098

Tree=0
num_leaves=31
num_cat=0
split_feature=0 0 0 4 4 4 4 0 0 4 4 4 0 0 0 4 0 0 0 4 8 0 4 0 8 0 4 4 0 4
split_gain=529473 63869.5 56888.8 25234.4 24499.2 8261.59 7869.06 8045.67 6079.57 4303.6 4174.8 3699.71 2781.72 2094.22 2056.97 1969.26 1946.15 1899.41 1862.23 1859.46 1330.94 1249.8 1035.13 969.828 945.437 936.985 929.345 665.544 638.115 608.979
threshold=12.500000000000002 32.500000000000007 4.5000000000000009 41201.500000000007 45365.500000000007 36924.500000000007 46842.500000000007 60.500000000000007 20.500000000000004 57249.500000000007 22490.000000000004 33781.500000000007 2.5000000000000004 7.5000000000000009 8.5000000000000018 55349.500000000007 2.5000000000000004 19.500000000000004 56.500000000000007 59628.500000000007 66653.000000000015 8.5000000000000018 54078.500000000007 19.500000000000004 36959.000000000007 87.500000000000014 19960.500000000004 79790.000000000015 7.5000000000000009 33781.500000000007
decision_type=2 2 2 2 2 2 2 2 2 2 2 2 2 2 2 2 2 2 2 2 2 2 2 2 2 2 2 2 2 2
left_child=2 4 5 10 11 12 18 20 15 14 28 23 -1 -12 -5 -6 -7 -13 24 -10 -8 -11 -18 -2 -3 -9 -14 -17 -4 -15
right_child=1 6 3 9 8 16 7 25 19 21 13 17 26 29 -16 27 22 -19 -20 -21 -22 -23 -24 -25 -26 -27 -28 -29 -30 -31
leaf_value=0.80551347848147614 0.86858725242773027 0.87962232587514555 0.85336706304897836 0.82016074952281104 0.84773524119615629 0.78909542245029995 0.8700648272355278 0.87493197830603475 0.85979660920252154 0.80468062366699178 0.8335794630390202 0.8559871171594331 0.84067154015169165 0.85322991759686473 0.83497043843334096 0.83604484897766551 0.80830627255549503 0.86708373713090658 0.88066220548103347 0.84841192219794304 0.8630686879569538 0.81845278211839079 0.79457788788755901 0.87501960501373655 0.87520535206828132 0.87842629467084876 0.82114485763561085 0.81322936375363986 0.86504147028885181 0.84326825597194577
leaf_weight=120827 366653 860086 73515 190480 228724 352593 902369 1168605 436917 147446 145006 239201 35824 135317 184749 224941 104281 434364 6211198 213603 389204 119131 116040 649830 1110020 2235033 76256 13556 128935 112294
leaf_count=120827 366653 860086 73515 190480 228724 352593 902369 1168605 436917 147446 145006 239201 35824 135317 184749 224941 104281 434364 6211198 213603 389204 119131 116040 649830 1110020 2235033 76256 13556 128935 112294
internal_value=0.868723 0.87496 0.820834 0.834304 0.861294 0.800159 0.87794 0.874677 0.849808 0.82055 0.849138 0.868891 0.816039 0.843123 0.827452 0.841106 0.793703 0.863143 0.879813 0.856058 0.867957 0.810835 0.801076 0.872699 0.877134 0.877227 0.827386 0.834748 0.860802 0.848712
internal_weight=1.7727e+07 1.56843e+07 2.04269e+06 1.23687e+06 2.80779e+06 805821 1.28765e+07 4.69521e+06 1.11774e+06 641806 595067 1.69005e+06 232907 392617 375229 467221 572914 673565 8.1813e+06 650520 1.29157e+06 266577 220321 1.01648e+06 1.97011e+06 3.40364e+06 112080 238497 202450 247611
internal_count=17726998 15684304 2042694 1236873 2807789 805821 12876515 4695211 1117741 641806 595067 1690048 232907 392617 375229 467221 572914 673565 8181304 650520 1291573 266577 220321 1016483 1970106 3403638 112080 238497 202450 247611
is_linear=0
shrinkage=1


Tree=1
num_leaves=31
num_cat=0
split_feature=0 0 0 4 4 4 4 0 0 0 4 4 0 4 8 4 0 0 4 0 8 0 4 0 4 8 4 0 8 0
split_gain=429617 52737.2 45561.6 19491.8 19128.3 9929.19 5710.3 5361.24 4414.61 4120.55 3464.65 3213.22 2265.71 2182.51 2131.73 1744.69 1743.21 1591.48 1507.14 1218.55 1155.26 1093.82 1060.4 956.133 812.584 711.501 632.718 623.988 612.454 580.141
threshold=13.500000000000002 5.5000000000000009 35.500000000000007 41201.500000000007 42978.500000000007 40506.500000000007 51625.000000000007 22.500000000000004 65.500000000000014 2.5000000000000004 55349.500000000007 28435.500000000004 2.5000000000000004 55111.000000000007 33475.000000000007 57249.500000000007 63.500000000000007 22.500000000000004 19960.500000000004 9.5000000000000018 44635.000000000007 9.5000000000000018 57249.500000000007 9.5000000000000018 16504.000000000004 79227.500000000015 72178.500000000015 1.5000000000000002 70233.000000000015 46.500000000000007
decision_type=2 2 2 2 2 2 2 2 2 2 2 2 2 2 2 2 2 2 2 2 2 2 2 2 2 2 2 2 2 2
left_child=1 5 4 11 14 9 16 13 25 27 19 24 -7 -6 -2 -9 20 -16 -11 -5 -4 -13 -14 -12 -3 29 -15 -1 -10 -8
right_child=2 3 6 10 7 12 8 15 28 18 23 21 22 26 17 -17 -18 -19 -20 -21 -22 -23 -24 -25 -26 -27 -28 -29 -30 -31
leaf_value=-0.063736993362032993 0.0064467296227009628 -0.0011053761461359093 0.0093498025321828108 -0.039086405919636691 -0.015515152539213817 -0.072200599326427209 -0.0031973452902233179 -0.0048645590190511514 0.0083620573078407087 -0.022018122800764317 -0.053372550713326777 -0.028375851395389153 -0.054345941882502115 -0.025644419306534244 -0.0054926699099822184 -0.014605387562832972 0.010662279564069371 0.0025040680403004677 -0.041417794116873762 -0.027068630808534319 0.0050850579568657659 -0.016172030486292958 -0.066412927707828182 -0.041802225261098128 -0.011695488219156433 -0.0097802539468784602 -0.038824563394115413 -0.050461050798398133 0.0047041697166374727 0.0020628659761717113
leaf_weight=84780 664128 118703 1565667 170503 316372 327852 335264 494767 1630831 55111 155987 145760 153031 223412 426615 292632 6601489 597331 146505 167018 1068763 148033 138944 131741 185966 79483 43517 60788 636337 559668
leaf_count=84780 664128 118703 1565667 170503 316372 327852 335264 494767 1630831 55111 155987 145760 153031 223412 426615 292632 6601489 597331 146505 167018 1068763 148033 138944 131741 185966 79483 43517 60788 636337 559668
internal_value=1.51334e-10 -0.0414575 0.00584579 -0.027665 -0.00509166 -0.0589112 0.00852703 -0.0138675 0.00491604 -0.0453719 -0.0400125 -0.0147649 -0.066495 -0.0211338 0.00203424 -0.00848468 0.0097944 -0.000827678 -0.036115 -0.0331396 0.00761964 -0.0222267 -0.0600883 -0.0480749 -0.00756944 -0.000713042 -0.0277932 -0.0581931 0.00733538 9.22587e-05
internal_weight=1.7727e+07 2.19072e+06 1.55363e+07 1.22371e+06 3.05877e+06 967011 1.24775e+07 1.3707e+06 3.24158e+06 347184 625249 598462 619827 583301 1.68807e+06 787399 9.23592e+06 1.02395e+06 201616 337521 2.63443e+06 293793 291975 287728 304669 974415 266929 145568 2.26717e+06 894932
internal_count=17726998 2190722 15536276 1223711 3058774 967011 12477502 1370700 3241583 347184 625249 598462 619827 583301 1688074 787399 9235919 1023946 201616 337521 2634430 293793 291975 287728 304669 974415 266929 145568 2267168 894932
is_linear=0
shrinkage=0.1


Tree=2
num_leaves=31
num_cat=0
split_feature=0 0 0 4 4 4 8 0 0 4 4 4 0 0 0 0 4 0 0 8 4 4 0 0 4 8 4 0 4 4
split_gain=347990 42772 36947.4 18320.7 15360.5 5578.26 4962.24 3629.06 3588.44 3261.2 3057.61 2858.9 2052.24 1715.76 1675.57 1646.41 1631.9 1387.19 1271.42 1126.92 1090.67 1076.56 926.282 688.827 659.353 632.937 624.668 555.294 532.894 485.701
threshold=13.500000000000002 4.5000000000000009 34.500000000000007 41201.500000000007 47187.500000000007 33781.500000000007 58452.500000000007 67.500000000000014 21.500000000000004 55111.000000000007 19960.500000000004 33781.500000000007 8.5000000000000018 53.500000000000007 1.5000000000000002 7.5000000000000009 55349.500000000007 21.500000000000004 7.5000000000000009 69813.500000000015 39924.500000000007 62267.000000000007 1.5000000000000002 44.500000000000007 14150.500000000002 28199.500000000004 71074.500000000015 20.500000000000004 40251.500000000007 33781.500000000007
decision_type=2 2 2 2 2 2 2 2 2 2 2 2 2 2 2 2 2 2 2 2 2 2 2 2 2 2 2 2 2 2
left_child=1 5 4 10 11 14 13 23 21 15 -3 25 -12 20 -1 -5 22 -13 -11 -10 -4 -6 -7 -8 -16 -2 -20 -27 -15 -14
right_child=2 3 6 9 8 16 7 -9 19 18 12 17 29 28 24 -17 -18 -19 26 -21 -22 -23 -24 -25 -26 27 -28 -29 -30 -31
leaf_value=-0.055237648426462775 0.0070872929758950022 -0.003850640594897225 0.0078868993544934703 -0.040618224808711509 -0.018394565466750404 -0.062753400908265672 -0.004596283938654749 0.0065282504067565991 -0.0074595250040722094 -0.052662826907560592 -0.026316277403583294 -0.0090826187652123733 -0.0096610661243888146 0.010045364313604708 -0.0219263423816515 -0.026648114146868421 -0.065312186382487494 -0.00061841463798008203 -0.037185788004594093 -0.017477954719920027 0.0028625877472673576 -0.029441342907377016 -0.050923364680436713 0.0010070029088568196 -0.038602633104381612 -0.0019762706766795249 -0.050479276973398317 0.0041578358874794731 0.0083184817398656453 -0.018245546154109515
leaf_weight=57500 405012 185442 1155191 127606 292838 100568 319738 2088758 484145 130152 212400 315828 159919 4815645 30456 248924 316666 500425 163223 146178 690195 126255 193602 699079 107029 224318 45120 431380 2841291 112115
leaf_count=57500 405012 185442 1155191 127606 292838 100568 319738 2088758 484145 130152 212400 315828 159919 4815645 30456 248924 316666 500425 163223 146178 690195 126255 193602 699079 107029 224318 45120 431380 2841291 112115
internal_value=5.93126e-11 -0.0373117 0.00526121 -0.0266532 -0.00486178 -0.0556297 0.00761046 0.00414159 -0.0145511 -0.0377859 -0.0147702 0.000555534 -0.0189503 0.00874489 -0.0409034 -0.0313826 -0.0603304 -0.00389342 -0.0449087 -0.0097829 0.00600775 -0.0217225 -0.0549677 -0.000751491 -0.0349085 0.00397916 -0.0400647 0.00205932 0.00940456 -0.013199
internal_weight=1.7727e+07 2.19072e+06 1.55363e+07 1.3849e+06 2.92638e+06 805821 1.26099e+07 3.10758e+06 1.04942e+06 715025 669876 1.87696e+06 484434 9.50232e+06 194985 376530 610836 816253 338495 630323 1.84539e+06 419093 294170 1.01882e+06 137485 1.06071e+06 208343 655698 7.65694e+06 272034
internal_count=17726998 2190722 15536276 1384901 2926379 805821 12609897 3107575 1049416 715025 669876 1876963 484434 9502322 194985 376530 610836 816253 338495 630323 1845386 419093 294170 1018817 137485 1060710 208343 655698 7656936 272034
is_linear=0
shrinkage=0.1


Tree=3
num_leaves=31
num_cat=0
split_feature=0 0 0 4 4 0 4 4 4 0 4 4 0 4 4 0 4 0 4 4 4 0 8 8 7 0 0 0 8 0
split_gain=282758 39271 25740.5 13531.2 12097.7 5902.78 4685.11 4554.82 3472.91 2947.07 2289.03 2256.09 1945.74 1242.1 1190.74 1144.53 1005.94 1001.7 970.724 962.436 920.921 813.93 713.409 698.15 690.223 655.517 648.464 626.924 490.165 442.98
threshold=11.500000000000002 28.500000000000004 4.5000000000000009 45365.500000000007 33781.500000000007 50.500000000000007 46529.500000000007 45917.000000000007 51168.500000000007 17.500000000000004 57249.500000000007 30090.500000000004 1.5000000000000002 24509.500000000004 59359.500000000007 17.500000000000004 17237.500000000004 7.5000000000000009 72178.500000000015 59359.500000000007 62267.000000000007 81.500000000000014 36959.000000000007 43809.000000000007 20051963.000000004 1.5000000000000002 6.5000000000000009 81.500000000000014 20438.000000000004 6.5000000000000009
decision_type=2 2 2 2 2 2 2 2 2 2 2 2 2 2 2 2 2 2 2 2 2 2 2 2 2 2 2 2 2 2
left_child=2 3 7 11 16 6 22 12 17 20 23 28 -1 -14 -11 -13 -4 -6 24 -8 -5 -12 -3 -7 29 -9 -18 -25 -2 -10
right_child=1 5 4 9 8 10 19 25 18 14 21 15 13 -15 -16 -17 26 -19 -20 -21 -22 -23 -24 27 -26 -27 -28 -29 -30 -31
leaf_value=-0.052563336268475751 0.0079937888056585225 0.007769946927236572 -0.0036886334538636812 -0.020540771048645573 -0.033297258030747873 0.0091150166767027911 -0.00062485640249298308 -0.061146320935001476 -0.050794416455397166 -0.0090865936140985277 0.001287465831253237 -0.010284719154137853 -0.025745701088771302 -0.041282762627502204 -0.018397580663494485 -0.0021456577186053003 -0.023207260265273241 -0.022800412816645934 -0.052629251530053912 -0.006958728908014189 -0.031806822724355303 0.0058458829275629034 0.0037767529635955111 0.0057289895074508872 -0.032764116824142514 -0.053447673900109544 -0.011956839973276311 0.0082189638616878748 0.0014772119418625736 -0.0395530246446242
leaf_weight=109993 145895 804096 110773 257549 157826 4412493 690189 191114 48768 399598 606907 268821 74167 168019 209284 483569 71166 214425 60611 367715 101015 1104674 1008579 1565852 116585 262528 182913 2854521 552692 124661
leaf_count=109993 145895 804096 110773 257549 157826 4412493 690189 191114 48768 399598 606907 268821 74167 168019 209284 483569 71166 214425 60611 367715 101015 1104674 1008579 1565852 116585 262528 182913 2854521 552692 124661
internal_value=-1.00443e-13 0.00436757 -0.0365207 -0.00736188 -0.0264854 0.00648213 0.00246182 -0.0500667 -0.0339778 -0.0165224 0.0075766 -0.00125407 -0.0415339 -0.0365247 -0.012287 -0.00505366 -0.011641 -0.0272508 -0.0411197 -0.00282644 -0.0237147 0.00422952 0.00554812 0.00822518 -0.0387142 -0.056691 -0.015108 0.00733693 0.00283815 -0.0427141
internal_weight=1.7727e+07 1.58334e+07 1.89355e+06 2.41842e+06 1.08773e+06 1.3415e+07 2.87058e+06 805821 722876 967446 1.05444e+07 1.45098e+06 352179 242186 608882 752390 364852 372251 350625 1.0579e+06 358564 1.71158e+06 1.81268e+06 8.83287e+06 290014 453642 254079 4.42037e+06 698587 173429
internal_count=17726998 15833449 1893549 2418423 1087728 13415026 2870579 805821 722876 967446 10544447 1450977 352179 242186 608882 752390 364852 372251 350625 1057904 358564 1711581 1812675 8832866 290014 453642 254079 4420373 698587 173429
is_linear=0
shrinkage=0.1


Tree=4
num_leaves=31
num_cat=0
split_feature=0 0 0 4 4 4 0 8 4 4 0 0 0 4 4 4 8 0 0 0 0 4 8 7 8 4 4 2 4 0
split_gain=229591 31830.3 21495.8 11658.4 10148.7 5513.25 2976.62 2817.82 2282.75 1862.15 1828.36 1826.85 1781.71 1476.77 1020.99 951.479 938.255 932.151 905.345 833.966 719.009 702.276 556.999 513.408 503.004 483.305 481.811 477.391 432.643 424.969
threshold=14.500000000000002 5.5000000000000009 38.500000000000007 43179.500000000007 41412.500000000007 33781.500000000007 24.500000000000004 58452.500000000007 28435.500000000004 60228.000000000007 2.5000000000000004 2.5000000000000004 74.500000000000014 54258.000000000007 56155.000000000007 52267.000000000007 33206.500000000007 9.5000000000000018 9.5000000000000018 71.500000000000014 23.500000000000004 34599.000000000007 79227.500000000015 14930472.500000002 20438.000000000004 14150.500000000002 72178.500000000015 44.500000000000007 60524.500000000007 9.5000000000000018
decision_type=2 2 2 2 2 2 2 2 2 2 2 2 2 2 2 2 2 2 2 2 2 2 2 2 2 2 2 2 2 2
left_child=1 5 4 8 16 10 13 19 24 17 -1 28 22 -6 -8 -13 -2 -5 -10 21 -18 -4 27 -11 -3 -12 -15 -9 -7 -26
right_child=2 3 7 9 6 11 14 12 18 23 25 15 -14 26 -16 -17 20 -19 -20 -21 -22 -23 -24 -25 29 -27 -28 -29 -30 -31
leaf_value=-0.04053286277259411 0.0054083150405288142 0.001960540443185289 0.0074903590940395073 -0.030469654598410598 -0.0091977858656419522 -0.049304823561634709 -0.0020773488778220118 0.0056859360277966634 -0.021469913476343614 -0.04183445055556971 -0.012264985045181608 -0.036775253917895462 0.0055861794539509187 -0.016883756699710213 -0.0090483708506588455 -0.047242361825447748 -0.0026998567207745963 -0.021096102173180323 -0.011667859936893381 0.0079538973380334204 0.0027500842719509165 0.0044835324617368806 -0.0068054900854698846 -0.032110843789176474 -0.011539887562272196 -0.026081448016493737 -0.027926709071529932 0.00014240566137533827 -0.056155821126259588 -0.0033790508444510683
leaf_weight=100227 701828 83842 1502518 193666 371623 207054 557869 192334 169205 102618 32664 164975 1883048 266999 337030 183378 392455 234612 212650 5994048 631759 1608138 94963 115327 113449 112574 46372 807798 166139 145836
leaf_count=100227 701828 83842 1502518 193666 371623 207054 557869 192334 169205 102618 32664 164975 1883048 266999 337030 183378 392455 234612 212650 5994048 631759 1608138 94963 115327 113449 112574 46372 807798 166139 145836
internal_value=-2.14492e-11 -0.0291958 0.00443609 -0.0193976 -0.00270907 -0.0430893 -0.00850028 0.00639104 -0.0106921 -0.0291642 -0.0301436 -0.0474934 0.00372091 -0.0134615 -0.00470272 -0.0422853 0.00259178 -0.0253348 -0.0160113 0.00726444 0.000661794 0.0059359 0.00051353 -0.0366891 -0.00477258 -0.0229741 -0.0185179 0.00120847 -0.0523548 -0.00694979
internal_weight=1.7727e+07 2.33822e+06 1.53888e+07 1.3712e+06 3.30594e+06 967011 1.57989e+06 1.20828e+07 724982 646223 245465 721546 2.97814e+06 684994 894899 348353 1.72604e+06 428278 381855 9.1047e+06 1.02421e+06 3.11066e+06 1.0951e+06 217945 343127 145238 313371 1.00013e+06 373193 259285
internal_count=17726998 2338216 15388782 1371205 3305935 967011 1579893 12082847 724982 646223 245465 721546 2978143 684994 894899 348353 1726042 428278 381855 9104704 1024214 3110656 1095095 217945 343127 145238 313371 1000132 373193 259285
is_linear=0
shrinkage=0.1


Tree=5
num_leaves=31
num_cat=0
split_feature=0 0 0 4 4 0 4 4 4 0 4 4 0 0 0 4 4 8 0 8 4 7 4 0 8 8 0 7 0 7
split_gain=186174 25956.4 17340.9 9389.88 9233.22 3590.61 3108.65 2642.11 2203.18 1911.35 1828.17 1445.62 982.146 977.699 970.952 916.841 722.442 687.858 666.379 608.618 553.014 533.477 497.018 493.178 486.241 460.651 420.605 416.429 411.715 410.922
threshold=11.500000000000002 29.500000000000004 3.5000000000000004 34599.000000000007 48926.000000000007 52.500000000000007 46842.500000000007 50562.000000000007 33781.500000000007 18.500000000000004 27799.000000000004 57249.500000000007 6.5000000000000009 6.5000000000000009 17.500000000000004 73215.500000000015 60524.500000000007 69813.500000000015 6.5000000000000009 69813.500000000015 17646.000000000004 13644714.500000002 19589.500000000004 92.500000000000014 35449.500000000007 44635.000000000007 17.500000000000004 17849548.000000004 1.5000000000000002 8256805.2500000009
decision_type=2 2 2 2 2 2 2 2 2 2 2 2 2 2 2 2 2 2 2 2 2 2 2 2 2 2 2 2 2 2
left_child=2 4 10 12 8 6 24 13 20 21 -1 25 -4 29 -10 18 28 -8 -9 -11 -2 -6 -14 -13 -3 -7 -22 -20 -12 -5
right_child=1 5 3 7 9 11 17 15 14 19 16 23 22 -15 -16 -17 -18 -19 27 -21 26 -23 -24 -25 -26 -27 -28 -29 -30 -31
leaf_value=-0.030461572578624137 0.0054160634853760402 0.0066769759347047293 -0.017157253072473195 -0.039079730766117461 -0.024072941017681385 0.0074303628087782903 -0.00069586179097493994 -0.037596026667156973 -0.010212761357946819 -0.0082490950816450827 -0.046336229357650693 0.0016601257755437669 -0.001690675337329873 -0.01928494028397713 -0.002882188378764194 -0.045060416179393679 -0.049890549720282271 -0.0068227810323447761 -0.032684492323772567 -0.016255710036393659 -0.0034447930358211276 -0.016121986938088955 -0.01050048668311096 0.0051054671105747315 0.0034082611392520141 0.005967383408947916 0.001988945758243973 -0.023734220174362258 -0.039271057944672089 -0.026627756782873314
leaf_weight=98417 289142 749211 157004 35034 172713 4476752 843853 148656 272916 355215 147784 772239 101613 246374 534655 68737 208732 234063 121907 129570 215957 165012 173177 899299 1159248 4145059 418545 90631 186656 108827
leaf_count=98417 289142 749211 157004 35034 172713 4476752 843853 148656 272916 355215 147784 772239 101613 246374 534655 68737 208732 234063 121907 129570 215957 165012 173177 899299 1159248 4145059 418545 90631 186656 108827
internal_value=-1.09153e-11 0.00354399 -0.0296341 -0.0227834 -0.005689 0.00531952 0.00226673 -0.0290672 -0.00154438 -0.0144126 -0.043002 0.00620521 -0.0108478 -0.0231098 -0.00535953 -0.0344746 -0.0452742 -0.00202629 -0.0324601 -0.010389 0.00179133 -0.0201881 -0.00724276 0.00351374 0.00469147 0.00672701 0.000139536 -0.0288679 -0.0423931 -0.0296601
internal_weight=1.7727e+07 1.58334e+07 1.89355e+06 1.25196e+06 2.55372e+06 1.32797e+07 2.98638e+06 820166 1.73122e+06 822510 641589 1.02933e+07 431794 390235 807571 429931 543172 1.07792e+06 361194 484785 923644 337725 274790 1.67154e+06 1.90846e+06 8.62181e+06 634502 212538 334440 143861
internal_count=17726998 15833449 1893549 1251960 2553725 13279724 2986375 820166 1731215 822510 641589 10293349 431794 390235 807571 429931 543172 1077916 361194 484785 923644 337725 274790 1671538 1908459 8621811 634502 212538 334440 143861
is_linear=0
shrinkage=0.1


Tree=6
num_leaves=31
num_cat=0
split_feature=0 0 0 4 4 4 4 4 4 0 0 0 8 4 0 7 0 2 0 8 4 7 1 0 0 4 7 4 0 3
split_gain=151087 20901.3 14282.9 7845.15 6958.65 3729.14 1913.26 1893.34 1854.07 1842.8 1429.63 1412.36 1094.35 991.905 962.31 792.684 726.645 518.221 505.467 483.836 482.115 478.755 458.981 457.599 415.962 411.731 407.77 381.311 358.258 356.214
threshold=14.500000000000002 5.5000000000000009 39.500000000000007 45708.000000000007 51625.000000000007 48043.500000000007 34599.000000000007 46529.500000000007 29008.500000000004 2.5000000000000004 25.500000000000004 76.500000000000014 73915.500000000015 26122.000000000004 24.500000000000004 13959540.500000002 8.5000000000000018 44.500000000000007 2.5000000000000004 69187.500000000015 72178.500000000015 20051963.000000004 543.50000000000011 9.5000000000000018 8.5000000000000018 11061.000000000002 8256805.2500000009 17646.000000000004 8.5000000000000018 88735.500000000015
decision_type=2 2 2 2 2 2 2 2 2 2 2 2 2 2 2 2 2 2 2 2 2 2 2 2 2 2 2 2 2 2
left_child=1 5 4 8 6 9 27 -4 25 -1 20 17 15 -11 -8 23 -10 -9 -7 29 -6 -20 -12 -5 -17 -3 -15 -2 -27 -19
right_child=2 3 7 12 10 18 14 11 16 13 22 -13 -14 26 -16 24 -18 19 21 -21 -22 -23 -24 -25 -26 28 -28 -29 -30 -31
leaf_value=-0.035838490144213683 0.0058975763356030322 0.0030156225917935932 0.0062033907225578899 -0.031828190702342003 -0.012648929403616647 -0.043951312412592945 -0.0055907180288075715 0.004829929537611662 -0.019351657138901083 -0.014636807159707582 0.0034024571264813495 0.0049944233182377716 -0.033621319837973597 -0.035538276793036942 9.690059878385797e-05 -0.023782080318448588 -0.010774877862095302 0.00050284718374047038 -0.042509078825976966 -0.0029836411343577857 -0.023080286635654496 -0.033179707788761531 -0.0069397051579604633 -0.022865242119755866 -0.015008862605131011 -0.010700810967483078 -0.024710844025721244 0.0021579684786860796 -0.0031343849197349458 0.0049476574288257018
leaf_weight=203099 388340 68792 7492672 98283 368068 270321 502650 338211 148086 89636 47594 2764103 110301 46732 728786 87378 296686 810146 102557 314405 50370 118635 436149 135484 141655 92923 136031 915369 191617 231919
leaf_count=203099 388340 68792 7492672 98283 368068 270321 502650 338211 148086 89636 47594 2764103 110301 46732 728786 87378 296686 810146 102557 314405 50370 118635 436149 135484 141655 92923 136031 915369 191617 231919
internal_value=-4.41283e-11 -0.023684 0.00359862 -0.0157442 -0.00208214 -0.0349425 0.000601957 0.00523245 -0.00933458 -0.0286289 -0.00962449 0.00360085 -0.0246704 -0.0232534 -0.00222468 -0.0225371 -0.0136305 0.00132786 -0.0410505 0.000454683 -0.0139046 -0.0375053 -0.00592217 -0.0266335 -0.0183559 -0.00392691 -0.0274794 0.0032719 -0.00560537 0.00149207
internal_weight=1.7727e+07 2.33822e+06 1.53888e+07 1.3712e+06 3.43733e+06 967011 2.53514e+06 1.19515e+07 798104 475498 902181 4.45878e+06 573101 272399 1.23144e+06 462800 444772 1.69468e+06 491513 1.35647e+06 418438 221192 483743 233767 229033 353332 182763 1.30371e+06 284540 1.04206e+06
internal_count=17726998 2338216 15388782 1371205 3437326 967011 2535145 11951456 798104 475498 902181 4458784 573101 272399 1231436 462800 444772 1694681 491513 1356470 418438 221192 483743 233767 229033 353332 182763 1303709 284540 1042065
is_linear=0
shrinkage=0.1


Tree=7
num_leaves=31
num_cat=0
split_feature=0 0 0 4 4 0 4 0 4 4 8 4 4 4 4 7 4 0 7 4 4 0 0 0 1 7 8 8 2 8
split_gain=122677 19612.6 9645.79 6527.43 5621.26 2902.76 2341.48 1653.65 1650.7 1291.9 1216.89 818.951 767.546 705.885 694.815 613.105 571.337 566.571 549.487 526.888 504.78 528.06 378.719 356.549 354.406 408.398 345.896 342.118 335.787 325.466
threshold=10.500000000000002 27.500000000000004 3.5000000000000004 41201.500000000007 33781.500000000007 48.500000000000007 41412.500000000007 16.500000000000004 53285.500000000007 26122.000000000004 69187.500000000015 53285.500000000007 19960.500000000004 59359.500000000007 55111.000000000007 9112805.0000000019 17237.500000000004 16.500000000000004 18828208.000000004 64131.500000000007 39924.500000000007 90.500000000000014 6.5000000000000009 6.5000000000000009 37.500000000000007 17613854.000000004 79227.500000000015 74601.500000000015 44.500000000000007 80242.000000000015
decision_type=2 2 2 2 2 2 2 2 2 2 2 2 2 2 2 2 2 2 2 2 2 2 2 2 2 2 2 2 2 2
left_child=2 3 9 12 16 6 -3 14 15 -1 20 -9 -2 28 -5 -6 -4 -14 27 24 -7 -22 -17 -18 -11 -26 -13 -10 -8 -20
right_child=1 5 4 7 8 10 13 11 18 19 -12 26 17 -15 -16 22 23 -19 29 -21 21 -23 -24 -25 25 -27 -28 -29 -30 -31
leaf_value=-0.023576782409213147 0.0035227799881869721 0.004111514358454132 -0.0032475646210605165 -0.012204631189215109 -0.026036235616425187 0.0059846161943184761 0.002889623945304605 -0.0047461053644741302 -0.031099131187118847 -0.038938501692857522 0.0015633523683125734 -0.010281756255025608 -0.0053625599246869852 -0.0055446973662717607 -0.020236616885109429 -0.02174940930387971 -0.01633327280699793 -0.00014119572229806307 -0.022876554707664601 -0.041327235387093084 0.0034143018329301361 0.0055420537329670264 -0.014418174552449693 -0.0087035655189423196 -0.037527842845095388 -0.029322427999127078 -0.020059061372426489 -0.04137481579303736 -0.0014101624330458548 -0.033846111903700821
leaf_weight=86614 346210 1444207 109433 245642 128137 5153825 243636 381762 132532 128433 955318 322807 324154 353516 191794 127801 105491 579067 117371 170906 2184048 2503217 157057 146046 98986 156650 40751 42885 713555 35147
leaf_count=86614 346210 1444207 109433 245642 128137 5153825 243636 381762 132532 128433 955318 322807 324154 353516 191794 127801 105491 579067 117371 170906 2184048 2503217 157057 146046 98986 156650 40751 42885 713555 35147
internal_value=-7.90553e-11 0.0027475 -0.0251878 -0.00552096 -0.0195121 0.00423152 0.00133417 -0.0108455 -0.0244975 -0.0349355 0.00497083 -0.00798091 -0.000480567 -0.00172605 -0.0157263 -0.0202915 -0.00927923 -0.00201507 -0.0297944 -0.0367082 0.00530161 0.00455062 -0.0177073 -0.0119034 -0.0346528 -0.0324997 -0.0113777 -0.0336113 -0.000315728 -0.0254044
internal_weight=1.7727e+07 1.59835e+07 1.74349e+06 2.43219e+06 1.1019e+06 1.35513e+07 2.75491e+06 1.18276e+06 740930 641589 1.07964e+07 745320 1.24943e+06 1.31071e+06 437436 412995 360970 903221 327935 554975 9.84109e+06 4.68726e+06 284858 251537 384069 255636 363558 175417 957191 152518
internal_count=17726998 15983509 1743489 2432187 1101900 13551322 2754914 1182756 740930 641589 10796408 745320 1249431 1310707 437436 412995 360970 903221 327935 554975 9841090 4687265 284858 251537 384069 255636 363558 175417 957191 152518
is_linear=0
shrinkage=0.1


Tree=8
num_leaves=31
num_cat=0
split_feature=0 0 0 4 8 4 4 4 0 4 0 0 7 0 8 4 0 7 0 7 8 7 7 2 4 8 2 4 8 8
split_gain=99547.4 15455.2 8338.09 4908.01 4577.5 3456.23 1402.28 1242.06 1187.3 1186.72 1079.88 917.121 574.854 552.398 538.305 523.644 489.718 486.118 483.796 480.643 469.915 469.066 453.691 425.815 393.15 370.023 318.787 310.36 295.936 277.627
threshold=15.500000000000002 6.5000000000000009 41.500000000000007 48926.000000000007 55331.500000000007 35638.000000000007 32185.000000000004 57249.500000000007 2.5000000000000004 33781.500000000007 3.5000000000000004 24.500000000000004 21268933.000000004 83.500000000000014 69813.500000000015 64131.500000000007 79.500000000000014 22098559.000000004 25.500000000000004 8256805.2500000009 79227.500000000015 13044200.500000002 12163292.500000002 48.500000000000007 14150.500000000002 21835.000000000004 40.500000000000007 64131.500000000007 43662.000000000007 79227.500000000015
decision_type=2 2 2 2 2 2 2 2 2 2 2 2 2 2 2 2 2 2 2 2 2 2 2 2 2 2 2 2 2 2
left_child=1 5 4 6 9 8 25 16 -1 -2 27 21 14 29 -5 22 23 20 -11 -8 26 -6 -12 -4 -10 -3 -13 -7 -25 -9
right_child=2 3 7 12 11 10 19 13 24 18 15 17 -14 -15 -16 -17 -18 -19 -20 -21 -22 -23 -24 28 -26 -27 -28 -29 -30 -31
leaf_value=-0.026964846657496652 0.0033811156305433724 0.0023904300644116902 0.0049190582059339882 -0.019589332963046661 -0.014355978227442535 -0.031882888050976707 -0.015264124419929798 0.0007287907558260711 -0.0058684243804705194 -0.0035227281532674844 -0.029946347719730395 0.002399478573796503 -0.014540833064656226 0.0034772344706008084 -0.028902449464311683 -0.033537698261223242 0.0053461635672412142 -0.00049576458404636346 0.00058088149055392712 -0.0084773468293760142 -0.017523106403869521 -0.0074677706799659849 -0.020857043216731021 0.0043998343708167046 -0.016425401367900844 -0.0045408117414011033 -0.0062148818699935288 -0.037194511555342501 0.0018461959738103198 -0.0047970362954145784
leaf_weight=111427 1235731 100235 2011272 235940 168446 308704 161603 725492 44392 472821 83947 48161 150213 1066336 84217 75465 5871328 223146 732192 294546 33747 239310 158797 740554 171782 332558 397723 170906 1172058 103949
leaf_count=111427 1235731 100235 2011272 235940 168446 308704 161603 725492 44392 472821 83947 48161 150213 1066336 84217 75465 5871328 223146 732192 294546 33747 239310 158797 740554 171782 332558 397723 170906 1172058 103949
internal_value=5.44749e-11 -0.0185602 0.00302561 -0.011384 -0.00121807 -0.0272278 -0.00701303 0.00431467 -0.0185796 0.00120367 -0.0307789 -0.00654059 -0.0196445 0.00197174 -0.0220391 -0.0262622 0.00476813 -0.00435162 -0.00102929 -0.0108817 -0.00614554 -0.0103133 -0.0240004 0.00390321 -0.0142575 -0.00293553 -0.00528442 -0.0337757 0.00283495 3.62711e-05
internal_weight=1.7727e+07 2.48473e+06 1.52423e+07 1.35931e+06 3.55128e+06 1.12542e+06 888942 1.1691e+07 327601 2.44074e+06 797819 1.11053e+06 470370 1.89578e+06 320157 318209 9.79521e+06 702777 1.20501e+06 456149 479631 407756 242744 3.92388e+06 216174 432793 445884 479610 1.91261e+06 829441
internal_count=17726998 2484732 15242266 1359312 3551277 1125420 888942 11690989 327601 2440744 797819 1110533 470370 1895777 320157 318209 9795212 702777 1205013 456149 479631 407756 242744 3923884 216174 432793 445884 479610 1912612 829441
is_linear=0
shrinkage=0.1


Tree=9
num_leaves=31
num_cat=0
split_feature=0 0 0 8 4 0 8 4 7 4 8 4 4 7 7 4 8 0 8 7 0 7 4 2 2 7 1 3 9 0
split_gain=81303.5 12822.4 6225.17 4204.75 3903.62 2138.62 2033.45 1090.53 875.897 875.841 815.605 674.747 648.894 648.892 545.408 520.356 510.43 505.669 478.276 470.574 440.835 435.542 376.368 373.394 320.3 311.193 276.23 261.081 364.174 250.86
threshold=10.500000000000002 26.500000000000004 3.5000000000000004 54640.000000000007 40077.500000000007 58.500000000000007 55163.500000000007 29008.500000000004 15309812.500000002 26122.000000000004 65426.500000000007 24788.500000000004 64131.500000000007 9112805.0000000019 22098559.000000004 33781.500000000007 79227.500000000015 17.500000000000004 80242.000000000015 13959540.500000002 18.500000000000004 23973471.000000004 54837.500000000007 41.500000000000007 48.500000000000007 6804920.5000000009 27.500000000000004 97927.000000000015 70000.500000000015 101.50000000000001
decision_type=2 2 2 2 2 2 2 2 2 2 2 2 2 2 2 2 2 2 2 2 2 2 2 2 2 2 2 2 2 2
left_child=2 3 9 7 11 6 15 -2 17 26 13 -4 24 -6 16 -3 23 -5 -10 20 -9 -12 -11 -8 -7 -13 -1 28 -25 -26
right_child=1 5 4 8 10 12 14 19 18 22 21 25 -14 -15 -16 -17 -18 -19 -20 -21 -22 -23 -24 27 29 -27 -28 -29 -30 -31
leaf_value=-0.03028295466760457 0.0017458162049699328 0.0043345543392497186 -0.004933047073577849 -0.018134522803929746 -0.024833153962154013 0.0050887518730990001 0.0033033306388488698 -0.0080062412388081563 -0.006273149312396537 -0.027244086119782462 -0.029983958686235337 -0.017609338368569403 0.0013506306202507451 -0.015880921052882406 0.0012429023098401108 0.00163231972912582 -0.012247537767673018 -0.010804403975499813 -0.018334631429748959 -0.00048318955374135455 -0.0027152977876323189 -0.021078239874040068 -0.032453517671135038 -0.0029233957889291591 0.0031804558670261926 -0.010305159939470374 -0.016161091888945007 0.0010710748460632188 -0.0090153679665541109 0.0046564726717907177
leaf_weight=17311 589584 1432726 207014 170542 114404 4200722 96366 308156 360382 283150 125098 82735 728034 277030 405921 1417807 58058 209996 36176 298619 322047 97884 271825 494551 2422570 197735 69303 114299 122418 2194535
leaf_count=17311 589584 1432726 207014 170542 114404 4200722 96366 308156 360382 283150 125098 82735 728034 277030 405921 1417807 58058 209996 36176 298619 322047 97884 271825 494551 2422570 197735 69303 114299 122418 2194535
internal_value=7.20925e-12 0.00223671 -0.0205052 -0.00467967 -0.0159456 0.0033966 0.00149906 -0.00161789 -0.0106622 -0.028336 -0.0212473 -0.0092635 0.00421999 -0.0184974 -0.00179249 0.00299051 -0.00318364 -0.0140895 -0.00737346 -0.00375305 -0.00530246 -0.0260746 -0.0297956 -0.00254782 0.00445689 -0.0124598 -0.0189835 -0.00331888 -0.00413216 0.00388201
internal_weight=1.7727e+07 1.59835e+07 1.74349e+06 2.2955e+06 1.1019e+06 1.3688e+07 4.14215e+06 1.51841e+06 777096 641589 614416 487484 9.54586e+06 391434 1.29161e+06 2.85053e+06 885692 380538 396558 928822 630203 222982 554975 827634 8.81783e+06 280470 86614 731268 616969 4.6171e+06
internal_count=17726998 15983509 1743489 2295502 1101900 13688007 4142146 1518406 777096 641589 614416 487484 9545861 391434 1291613 2850533 885692 380538 396558 928822 630203 222982 554975 827634 8817827 280470 86614 731268 616969 4617105
is_linear=0
shrinkage=0.1


Tree=10
num_leaves=31
num_cat=0
split_feature=0 0 0 4 8 8 0 4 8 4 0 7 7 0 7 8 1 7 8 0 1 0 1 1 4 7 0 4 4 0
split_gain=65936.3 9265 6114.76 3606.02 3116.42 1344.94 1225.31 1194.74 1065.15 1016.32 689.339 545.456 544.885 503.788 489.071 470.755 433.783 422.515 446.745 419.156 417.265 392.419 378.843 361.131 349.071 347.404 337.793 323.783 304.393 283.428
threshold=11.500000000000002 30.500000000000004 4.5000000000000009 41412.500000000007 54640.000000000007 55163.500000000007 56.500000000000007 28435.500000000004 69813.500000000015 28435.500000000004 18.500000000000004 21589542.000000004 9112805.0000000019 1.5000000000000002 6665579.2500000009 29244.000000000004 645.50000000000011 18593439.000000004 59114.500000000007 37.500000000000007 417.50000000000006 68.500000000000014 37.500000000000007 818.50000000000011 32384.500000000004 12885119.500000002 18.500000000000004 79790.000000000015 68454.500000000015 7.5000000000000009
decision_type=2 2 2 2 2 2 2 2 2 2 2 2 2 2 2 2 2 2 2 2 2 2 2 2 2 2 2 2 2 2
left_child=2 3 7 15 9 21 16 22 10 -4 25 29 -11 -9 -10 -2 -7 -15 -19 -18 -12 24 -1 -21 -3 -5 -17 -16 -8 -6
right_child=1 5 4 8 11 6 28 13 14 12 20 -13 -14 17 27 26 19 18 -20 23 -22 -23 -24 -25 -26 -27 -28 -29 -30 -31
leaf_value=-0.025038474616960932 0.0030836973960484786 0.0041355906567520423 -0.00353292695024735 -0.011686381159095767 -0.026664153594953218 0.0057784939597952676 0.0031055267555386355 -0.029408560557871583 -0.024620650266531409 -0.015887882886876779 0.0030822854875295815 -0.015414755088925479 -0.0085261066152523043 -0.027522218213785893 -0.0098989800583412103 -0.0033270072729742039 -0.0056397219783646674 -0.015476297231635974 -0.024471670564605946 0.0038756121292522561 -0.0046180842483520218 0.0043907153463191486 -0.012797305743822013 -0.0017645030772758714 0.0020774645497319178 -0.0057675906823687027 0.00051687874762859317 -0.02242518291633842 0.00020725426170526491 -0.019664421057159185
leaf_weight=33356 419969 1524234 254261 214357 101954 80945 2661862 261715 31709 171102 80223 182902 243795 173289 185590 365084 223391 89880 143132 140019 572963 5700275 104449 599954 1794021 184541 611615 23217 419480 133714
leaf_count=33356 419969 1524234 254261 214357 101954 80945 2661862 261715 31709 171102 80223 182902 243795 173289 185590 365084 223391 89880 143132 140019 572963 5700275 104449 599954 1794021 184541 611615 23217 419480 133714
internal_value=-1.22255e-11 0.00210909 -0.0176358 -0.00323883 -0.0127446 0.00320326 0.00170769 -0.024238 -0.0070452 -0.00851123 -0.00567268 -0.0195124 -0.0115621 -0.0259869 -0.013049 0.000283926 -0.00125258 -0.0237828 -0.0210019 -0.00184336 -0.00367234 0.00388743 -0.0157603 -0.000697271 0.00302286 -0.00894819 -0.000919942 -0.0112918 0.00271097 -0.0226926
internal_weight=1.7727e+07 1.58334e+07 1.89355e+06 2.68927e+06 1.08773e+06 1.31442e+07 4.12565e+06 805821 1.2926e+06 669158 1.05208e+06 418570 414897 668016 240516 1.39667e+06 1.04431e+06 406301 233012 963364 653186 9.01853e+06 137805 739973 3.31826e+06 398898 976699 208807 3.08134e+06 235668
internal_count=17726998 15833449 1893549 2689268 1087728 13144181 4125651 805821 1292600 669158 1052084 418570 414897 668016 240516 1396668 1044309 406301 233012 963364 653186 9018530 137805 739973 3318255 398898 976699 208807 3081342 235668
is_linear=0
shrinkage=0.1


Tree=11
num_leaves=31
num_cat=0
split_feature=0 0 8 8 0 0 4 0 4 4 7 8 1 7 8 8 7 4 4 2 3 0 7 1 7 0 4 1 4 8
split_gain=53560.3 8469.19 4199.82 2902.24 2240.66 1487.82 1188.59 997.439 852.797 755.148 658.524 645.148 547.787 481.042 408.848 394.262 374.495 364.931 362.384 334.245 331.546 302.158 291.55 287.379 325.685 276.569 270.888 269.198 269.057 257.961
threshold=10.500000000000002 26.500000000000004 54640.000000000007 54640.000000000007 3.5000000000000004 45.500000000000007 41412.500000000007 6.5000000000000009 28435.500000000004 34599.000000000007 20634288.000000004 69187.500000000015 572.50000000000011 14108771.500000002 71933.000000000015 66653.000000000015 14108771.500000002 14150.500000000002 73215.500000000015 48.500000000000007 87757.500000000015 94.500000000000014 10602794.500000002 37.500000000000007 16568681.500000002 7.5000000000000009 11061.000000000002 572.50000000000011 16090.000000000002 73406.500000000015
decision_type=2 2 2 2 2 2 2 2 2 2 2 2 2 2 2 2 2 2 2 2 2 2 2 2 2 2 2 2 2 2
left_child=2 3 4 9 17 6 27 18 26 28 14 19 -8 25 20 -14 -11 -1 -4 -7 -5 -21 -9 -19 -25 -10 -6 -3 -2 -12
right_child=1 5 7 10 8 11 12 22 13 16 29 -13 15 -15 -16 -17 -18 23 -20 21 -22 -23 -24 24 -26 -27 -28 -29 -30 -31
leaf_value=-0.0089478254061945133 0.0038549083894277719 0.0049690868446712498 -0.02282408418722234 -0.011024063791617821 0.0021152743551830114 0.0040838350656900784 0.0047000323554013072 -0.022509751051821941 -0.017750649647273655 -0.0052843691772079052 -0.0034193858322769835 0.00081295722291423666 -0.0013731606995465891 -0.0076687648676546224 -0.016735911560667054 -0.0058802322802976774 -0.00026136421504698802 -0.026017874268787291 -0.028801750947276314 0.0022111973730659039 -0.0037494253755875995 0.003724192823102618 -0.014364336152445249 -0.022915475680812952 -0.014233836746545055 -0.010979125933426509 -0.0060303867011353169 0.0017565510692435502 -0.00028097487691386197 -0.010647847914311677
leaf_weight=28531 210972 358546 438443 309629 51260 4900503 119452 58881 130230 472922 226235 988400 821527 169309 99539 254124 216323 75898 131933 2749714 78542 2538541 173204 87668 85211 112351 200570 957200 618189 63151
leaf_count=28531 210972 358546 438443 309629 51260 4900503 119452 58881 130230 472922 226235 988400 821527 169309 99539 254124 216323 75898 131933 2749714 78542 2538541 173204 87668 85211 112351 200570 957200 618189 63151
internal_value=2.61141e-13 0.00181542 -0.016643 -0.00380561 -0.0121107 0.00275808 0.000558396 -0.0219579 -0.00895658 -0.00126188 -0.00877593 0.00325222 -0.00172451 -0.0117594 -0.0110183 -0.00243796 -0.00370787 -0.0196598 -0.0242068 0.00348885 -0.00955212 0.00293749 -0.0164309 -0.0208883 -0.0186363 -0.0146144 -0.00437234 0.00263198 0.000771361 -0.00499681
internal_weight=1.7727e+07 1.59835e+07 1.74349e+06 2.2955e+06 941028 1.3688e+07 2.51085e+06 802461 663720 1.51841e+06 777096 1.11772e+07 1.1951e+06 411890 487710 1.07565e+06 689245 277308 570376 1.01888e+07 388171 5.28826e+06 232085 248777 172879 242581 251830 1.31575e+06 829161 289386
internal_count=17726998 15983509 1743489 2295502 941028 13688007 2510849 802461 663720 1518406 777096 11177158 1195103 411890 487710 1075651 689245 277308 570376 10188758 388171 5288255 232085 248777 172879 242581 251830 1315746 829161 289386
is_linear=0
shrinkage=0.1


Tree=12
num_leaves=31
num_cat=0
split_feature=0 0 0 8 8 8 2 8 4 0 7 7 0 8 3 7 4 8 3 2 2 7 0 7 8 3 4 8 7 3
split_gain=43909.7 6898.25 3639.37 2429.29 2181.62 1620.55 774.606 717.956 659.386 622.069 606.878 533.161 501.525 473.434 747.951 437.303 428.333 419.224 490.866 540.564 380.781 344.21 486.526 315.687 298.183 337.333 276.895 276.299 264.996 263.645
threshold=15.500000000000002 6.5000000000000009 40.500000000000007 43477.500000000007 58676.500000000007 45495.500000000007 41.500000000000007 64525.500000000007 46529.500000000007 1.5000000000000002 7404351.7500000009 23596073.000000004 97.500000000000014 43809.000000000007 71945.000000000015 14559744.500000002 70365.000000000015 79227.500000000015 87757.500000000015 40.500000000000007 44.500000000000007 11803756.500000002 1.5000000000000002 14930472.500000002 69187.500000000015 88735.500000000015 11061.000000000002 19073.500000000004 5742428.7500000009 97927.000000000015
decision_type=2 2 2 2 2 2 2 2 2 2 2 2 2 2 2 2 2 2 2 2 2 2 2 2 2 2 2 2 2 2
left_child=1 5 4 15 6 9 -2 10 -4 -1 -5 26 20 -8 -15 27 21 18 19 -6 -10 -7 -23 -9 25 -22 -11 -3 -19 -26
right_child=2 3 8 7 17 16 13 23 12 11 -12 -13 -14 14 -16 -17 -18 28 -20 -21 24 22 -24 -25 29 -27 -28 -29 -30 -31
leaf_value=-0.021193844129436257 0.0032457556343434531 0.002295424657510326 0.0034169901219486573 -0.015329945935660678 0.00036007891600563154 -0.024915310211040133 0.0010416702826404123 -0.019943356983737521 0.0034466747465340211 -0.0011704557267478545 -0.0073160575818154829 -0.0035947062492582026 0.0031230611222156689 -0.00453348069970415 0.0013960431624218674 0.001648932891383689 -0.025397946705686198 -0.031890931976442598 -0.0014705364368770668 -0.0083772426134351066 0.00024316389942925611 -0.023111206637006013 -0.016327171227278 -0.012637162413072832 -0.0044263178219913725 0.0037580457772538596 -0.014230163349387252 -0.0054955221862417643 -0.010352868277973014 0.00030342280440018602
leaf_weight=71058 766435 53248 7409959 120121 88253 99766 922055 96685 497248 17587 442970 76763 1857299 538585 351614 180370 159919 6152 309969 358247 1229582 154530 334637 152290 214818 350989 211160 313628 79962 261099
leaf_count=71058 766435 53248 7409959 120121 88253 99766 922055 96685 497248 17587 442970 76763 1857299 538585 351614 180370 159919 6152 309969 358247 1229582 154530 334637 152290 214818 350989 211160 313628 79962 261099
internal_value=-2.87798e-12 -0.0123267 0.00200945 -0.0075324 -0.000862794 -0.0181174 0.00058066 -0.0110028 0.00284075 -0.0127662 -0.00902561 -0.0108061 0.00187274 -0.000546457 -0.00219142 -0.00238267 -0.0208083 -0.00528042 -0.00452783 -0.00665027 0.000963391 -0.0195621 -0.0184703 -0.0154744 0.000362946 0.0010237 -0.0132261 -0.00436475 -0.0118916 -0.00183147
internal_weight=1.7727e+07 2.48473e+06 1.52423e+07 1.35931e+06 3.42127e+06 1.12542e+06 2.57869e+06 812066 1.1821e+07 376568 563091 305510 4.41104e+06 1.81225e+06 890199 547246 748852 842583 756469 446500 2.55374e+06 588933 489167 248975 2.05649e+06 1.58057e+06 228747 366876 86114 475917
internal_count=17726998 2484732 15242266 1359312 3421272 1125420 2578689 812066 11820994 376568 563091 305510 4411035 1812254 890199 547246 748852 842583 756469 446500 2553736 588933 489167 248975 2056488 1580571 228747 366876 86114 475917
is_linear=0
shrinkage=0.1


Tree=13
num_leaves=31
num_cat=0
split_feature=0 0 0 8 8 8 8 2 0 7 8 7 3 8 7 7 2 3 8 8 10 0 1 0 3 8 7 2 6 3
split_gain=35592.4 6104.58 2608.2 2100.7 1686.32 1338.41 665.432 635.105 624.337 584.377 492.07 457.45 435.56 610.402 385.986 368.472 365.49 311.177 380.591 309.934 305.506 291.895 272.07 253.991 238.865 238.161 231.512 225.094 222.303 224.326
threshold=16.500000000000004 6.5000000000000009 43.500000000000007 43477.500000000007 58676.500000000007 56637.500000000007 73406.500000000015 42.500000000000007 2.5000000000000004 13959540.500000002 60285.000000000007 23189482.000000004 83498.000000000015 44280.000000000007 10391952.500000002 4871143.5000000009 40.500000000000007 87757.500000000015 71101.000000000015 36352.500000000007 72717.500000000015 104.50000000000001 900.50000000000011 53.500000000000007 71765.000000000015 21835.000000000004 10602794.500000002 52.500000000000007 100406.94921875001 106575.50000000001
decision_type=2 2 2 2 2 2 2 2 2 2 2 2 2 2 2 2 2 2 2 2 2 2 2 2 2 2 2 2 2 2
left_child=1 5 4 14 7 8 9 -2 -1 -5 -4 19 13 -9 25 20 -17 -18 -19 -10 -6 22 -12 -24 -15 -3 -8 -26 29 -20
right_child=2 3 10 6 15 -7 26 12 11 -11 21 -13 -14 24 -16 16 17 18 28 -21 -22 -23 23 -25 27 -27 -28 -29 -30 -31
leaf_value=-0.01750161398350384 0.0029254271138997728 0.00075223732916981424 0.0029536037831304233 -0.011523462482877708 -0.0070751598057720525 -0.019947068482696003 -0.025169653402158699 0.00096247437878950676 -0.009064545572151762 -0.0060214048598059402 0.006031232564279539 -0.0054284147713166506 0.0046429528337411678 -0.0040609286109908145 0.00085591187245325742 0.0020177058679408805 -0.0065940012862743431 0.00086619260084024291 -0.0078539574304850104 -0.015877004686526613 -0.020720146346701787 0.0027900192339741278 -0.0031687219988657 0.0007102257615077131 0.0032023208789719558 -0.0056178578655947118 -0.014324375571560988 -0.0029365163836094004 -0.028505797691625829 -0.0007182110314846832
leaf_weight=205161 915170 75029 9021257 359471 73654 532126 24751 921419 117850 416934 84258 116168 162898 523126 263058 103723 327017 184099 110759 154115 21112 885531 195234 1247085 105691 269547 96129 137354 4119 73153
leaf_count=205161 915170 75029 9021257 359471 73654 532126 24751 921419 117850 416934 84258 116168 162898 523126 263058 103723 327017 184099 110759 154115 21112 885531 195234 1247085 105691 269547 96129 137354 4119 73153
internal_value=-2.46308e-11 -0.0107348 0.00187037 -0.00656881 -0.000451736 -0.0163057 -0.00964336 0.000770583 -0.0130397 -0.00856883 0.00261438 -0.0106813 -0.000295108 -0.000771764 -0.00202866 -0.00421776 -0.00352168 -0.00434349 -0.0023658 -0.012925 -0.010115 0.00134567 0.000507835 0.000185167 -0.00285741 -0.00423081 -0.016545 -0.00026697 -0.00553021 -0.00501564
internal_weight=1.7727e+07 2.63034e+06 1.50967e+07 1.50492e+06 3.66329e+06 1.12542e+06 897285 2.76566e+06 593294 776405 1.14334e+07 388133 1.85049e+06 1.68759e+06 607634 897636 802870 699147 372130 271965 94766 2.41211e+06 1.52658e+06 1.44232e+06 766171 344576 120880 243045 188031 183912
internal_count=17726998 2630339 15096659 1504919 3663294 1125420 897285 2765658 593294 776405 11433365 388133 1850488 1687590 607634 897636 802870 699147 372130 271965 94766 2412108 1526577 1442319 766171 344576 120880 243045 188031 183912
is_linear=0
shrinkage=0.1


Tree=14
num_leaves=31
num_cat=0
split_feature=0 0 8 8 0 0 4 7 7 2 7 8 8 4 8 9 2 3 0 3 4 6 3 7 2 4 3 10 7 2
split_gain=29113.1 5432.6 2028.29 1705.7 1045.42 978.503 1018.52 506.324 471.08 403.016 389.423 389.039 378.879 340.846 337.45 334.647 305.056 359.748 267.297 267.058 263.243 255.875 392.639 254.698 253.524 249.894 245.122 279.985 277.193 224.183
threshold=9.5000000000000018 23.500000000000004 56637.500000000007 49832.500000000007 3.5000000000000004 66.500000000000014 51625.000000000007 24333457.000000004 21268933.000000004 42.500000000000007 10391952.500000002 36352.500000000007 66964.000000000015 73215.500000000015 78419.500000000015 39730.000000000007 41.500000000000007 97149.000000000015 3.5000000000000004 87757.500000000015 17237.500000000004 39888.951171875007 83498.000000000015 25502987.000000004 40.500000000000007 72178.500000000015 106575.50000000001 98001.500000000015 6886481.7500000009 47.500000000000007
decision_type=2 2 2 2 2 2 2 2 2 2 2 2 2 2 2 2 2 2 2 2 2 2 2 2 2 2 2 2 2 2
left_child=2 3 4 10 20 6 9 11 12 -3 15 -6 19 18 16 -2 -8 -18 -4 29 -1 -11 -23 -20 -12 -7 -16 28 -28 -5
right_child=1 5 13 8 7 25 14 -9 -10 21 24 -13 -14 -15 26 -17 17 -19 23 -21 -22 22 -24 -25 -26 -27 27 -29 -30 -31
leaf_value=-0.0070035757182232046 -0.00077479369540928611 0.0032069795785808286 -0.018214551128042832 -0.0056905000511700129 -0.0056353898070246669 0.0027251085095664606 0.0032457008314128706 -0.0025648925996089277 -0.00368559018893564 0.0024586608430904287 0.0042707686752098744 -0.011639703748218454 -0.012636583003115796 -0.0211239691856604 -0.010099480687999833 -0.0055946370379628468 -0.0023396837626711619 0.0020975300932572633 -0.016210460329258703 0.00017227448977630896 -0.015790829393377389 -0.00017914727555778758 0.0038214835638110396 -0.010173764405772851 -0.00046902190250102944 -0.00073565450179550497 -0.023492253857233178 -0.015601782930371131 0.0035799759907207671 -0.010538073632161284
leaf_weight=39271 371784 1277226 246193 221888 185428 8352164 158185 159819 323826 901277 169252 258135 157201 154655 72126 235174 903552 229031 170065 47440 258502 1643178 288376 118656 338642 213993 4100 11721 48781 167357
leaf_count=39271 371784 1277226 246193 221888 185428 8352164 158185 159819 323826 901277 169252 258135 157201 154655 72126 235174 903552 229031 170065 47440 258502 1643178 288376 118656 338642 213993 4100 11721 48781 167357
internal_value=-2.46506e-11 0.0012724 -0.0129072 -0.00356094 -0.00978355 0.00196895 0.000932981 -0.00739083 -0.00675383 0.00173224 -0.000932647 -0.00912965 -0.00842684 -0.0169892 -0.00136826 -0.00264231 -0.00086786 -0.00144239 -0.0157938 -0.00691139 -0.0146319 0.00106734 0.000418137 -0.0137296 0.00111048 0.00263865 -0.00609229 -0.0016184 0.001481 -0.00777473
internal_weight=1.7727e+07 1.61363e+07 1.59072e+06 2.03256e+06 901155 1.41037e+07 5.53755e+06 603382 917712 4.11006e+06 1.11485e+06 443563 593886 689569 1.4275e+06 606958 1.29077e+06 1.13258e+06 534914 436685 297773 2.83283e+06 1.93155e+06 288721 507894 8.56616e+06 136728 64602 52881 389245
internal_count=17726998 16136274 1590724 2032564 901155 14103710 5537553 603382 917712 4110057 1114852 443563 593886 689569 1427496 606958 1290768 1132583 534914 436685 297773 2832831 1931554 288721 507894 8566157 136728 64602 52881 389245
is_linear=0
shrinkage=0.1


Tree=15
num_leaves=31
num_cat=0
split_feature=0 0 0 8 8 4 2 0 2 8 7 8 0 7 3 8 4 3 2 7 3 8 7 9 3 8 2 8 8 3
split_gain=23718.2 3061.97 2616.66 1467.62 1223.69 729.206 592.357 561.47 533.253 462.163 434.774 369.876 342.732 394.346 332.549 461.333 310.496 329.504 345.063 282.341 260.087 245.352 238.825 232.461 228.733 261.695 239.574 209.296 209.224 277.54
threshold=12.500000000000002 31.500000000000004 5.5000000000000009 58676.500000000007 42998.500000000007 24788.500000000004 44.500000000000007 72.500000000000014 41.500000000000007 59668.000000000007 7722966.7500000009 65426.500000000007 1.5000000000000002 29752811.000000004 78112.500000000015 43809.000000000007 79790.000000000015 106575.50000000001 43.500000000000007 14559744.500000002 88258.500000000015 54298.500000000007 8167778.5000000009 74571.000000000015 83498.000000000015 44635.000000000007 67.500000000000014 79227.500000000015 71532.500000000015 87757.500000000015
decision_type=2 2 2 2 2 2 2 2 2 2 2 2 2 2 2 2 2 2 2 2 2 2 2 2 2 2 2 2 2 2
left_child=2 3 5 8 19 -1 -3 9 -2 24 -6 -12 -7 21 15 -10 17 18 -5 -4 23 22 -14 -11 25 -8 -27 -22 29 -20
right_child=1 6 4 16 10 12 7 -9 14 20 11 -13 13 -15 -16 -17 -18 -19 28 -21 27 -23 -24 -25 -26 26 -28 -29 -30 -31
leaf_value=-0.0070452703149884166 0.0019801975739752648 0.0029449965810024372 -0.0043247513297511378 -0.002334749580206475 -0.014708181130275147 -0.017923631217709176 0.0018886065883663009 0.0021283239332501578 -0.00040617109439063364 -0.0025215313611868378 -0.0063712645992050109 -0.012005663948961525 -0.018022443033328336 -0.0097972982336259635 0.0024302884781487889 -0.0044011470513233624 -0.01652697045883077 0.0012698749384879669 -0.0086986222320095813 0.0012150610342407198 0.00098243017373305145 -0.018132340197327332 -0.010627737988881492 -0.010540347084424891 0.0040253584591774388 1.5020711293812018e-05 -0.0084271204220445657 -0.0043625722985865083 -0.011987982601982821 -0.002577832002025035
leaf_weight=133376 639449 4118661 276092 169404 125523 271866 1204771 5432901 666331 365180 364944 171149 64694 183689 184190 510531 25931 67053 207412 137975 428405 178954 134432 40124 256689 1039876 34738 88372 89043 115243
leaf_count=133376 639449 4118661 276092 169404 125523 271866 1204771 5432901 666331 365180 364944 171149 64694 183689 184190 510531 25931 67053 207412 137975 428405 178954 134432 40124 256689 1039876 34738 88372 89043 115243
internal_value=8.62582e-12 0.00132006 -0.0101357 -0.00176152 -0.00674224 -0.0139106 0.00195358 0.00149432 -0.000401747 0.000498271 -0.00941048 -0.00817006 -0.015009 -0.0135984 -0.00152083 -0.00213922 -0.00579696 -0.00536768 -0.00613358 -0.00247878 -0.00141895 -0.0154452 -0.0130302 -0.00331537 0.00119534 0.000876647 -0.00025788 6.84023e-05 -0.00769671 -0.00651245
internal_weight=1.7727e+07 1.56843e+07 2.04269e+06 2.67459e+06 1.07568e+06 967011 1.30097e+07 8.89106e+06 2.0005e+06 3.45816e+06 661616 536093 833635 561769 1.36105e+06 1.17686e+06 674086 648155 581102 414067 922081 378080 199126 405304 2.53607e+06 2.27938e+06 1.07461e+06 516777 411698 322655
internal_count=17726998 15684304 2042694 2674587 1075683 967011 13009717 8891056 2000501 3458155 661616 536093 833635 561769 1361052 1176862 674086 648155 581102 414067 922081 378080 199126 405304 2536074 2279385 1074614 516777 411698 322655
is_linear=0
shrinkage=0.1


Tree=16
num_leaves=31
num_cat=0
split_feature=0 0 0 8 8 8 2 2 1 7 3 6 4 2 7 4 7 7 0 0 1 3 2 3 8 8 3 7 4 10
split_gain=19369.2 3338.16 1422.12 1099.67 994.321 985.768 405.364 405.303 375.666 395.209 366.167 375.726 351.944 334.934 319.414 316.921 310.148 289.517 338.529 289.058 279.337 265.566 241.99 241.447 227.196 222.847 223.953 212.054 208.032 203.637
threshold=16.500000000000004 7.5000000000000009 42.500000000000007 54640.000000000007 42429.000000000007 60285.000000000007 40.500000000000007 46.500000000000007 37.500000000000007 12163292.500000002 83498.000000000015 49570.298828125007 40251.500000000007 42.500000000000007 4871143.5000000009 71074.500000000015 21268933.000000004 9112805.0000000019 2.5000000000000004 105.50000000000001 882.50000000000011 78112.500000000015 52.500000000000007 108051.50000000001 39803.000000000007 71933.000000000015 82647.500000000015 6886481.7500000009 11061.000000000002 98001.500000000015
decision_type=2 2 2 2 2 2 2 2 2 2 2 2 2 2 2 2 2 2 2 2 2 2 2 2 2 2 2 2 2 2
left_child=1 4 5 6 8 7 -3 -2 -1 28 11 -9 -4 -14 -7 17 -5 -6 -19 20 -15 24 -16 -24 -8 26 -22 -27 -10 -25
right_child=2 3 12 16 15 14 21 10 9 -11 -12 -13 13 19 22 -17 -18 18 -20 -21 25 -23 23 29 -26 27 -28 -29 -30 -31
leaf_value=-0.015510544625046436 0.0017384543684528311 0.00040208898418838117 0.0024793616415520817 -0.010315331519334081 -0.017553029098327001 -0.0097148528164566969 -0.0025149047779544353 8.313195252630001e-05 0.0010578319438866444 -0.0022078000231707047 0.003693395961054606 -0.0034894526722712262 0.0031857580169200902 0.0047400067514670836 -0.0013136202007588034 -0.017382255456050578 -0.0051167241012078854 -0.014495802306392226 -0.0098273725596926924 0.0020851193171217883 1.6575572278903404e-05 0.0030542875239936 -0.0069163290914558105 0.0010217713176371517 -0.0068548822303362081 -0.0072556646914160583 0.0019934227274839801 -0.00091553907268463884 -0.010282525942276858 -0.02016400652406574
leaf_weight=48234 1352921 335909 5664523 292689 98324 75939 235030 777225 17937 147281 168674 473853 871252 148268 404669 161903 188781 261892 381743 1782067 1886251 48035 205256 71366 247795 63038 823166 323346 164786 4845
leaf_count=48234 1352921 335909 5664523 292689 98324 75939 235030 777225 17937 147281 168674 473853 871252 148268 404669 161903 188781 261892 381743 1782067 1886251 48035 205256 71366 247795 63038 823166 323346 164786 4845
internal_value=-4.59168e-12 -0.00791904 0.00137976 -0.00444508 -0.0115722 -0.00037559 -0.00231654 0.000499913 -0.00726724 -0.00606238 -0.000680327 -0.00127001 0.00191641 0.00137569 -0.00356095 -0.0133737 -0.00827699 -0.012499 -0.0117269 0.00106192 0.000499853 -0.00403679 -0.00287986 -0.00513166 -0.00474226 0.000296778 0.000617175 -0.00194992 -0.0091693 -0.000325083
internal_weight=1.7727e+07 2.63034e+06 1.50967e+07 1.34824e+06 1.2821e+06 3.53475e+06 866769 2.77267e+06 378238 330004 1.41975e+06 1.25108e+06 1.15619e+07 5.89739e+06 762075 903862 481470 741959 643635 5.02614e+06 3.24407e+06 530860 686136 281467 482825 3.0958e+06 2.70942e+06 386384 182723 76211
internal_count=17726998 2630339 15096659 1348239 1282100 3534748 866769 2772673 378238 330004 1419752 1251078 11561911 5897388 762075 903862 481470 741959 643635 5026136 3244069 530860 686136 281467 482825 3095801 2709417 386384 182723 76211
is_linear=0
shrinkage=0.1


Tree=17
num_leaves=31
num_cat=0
split_feature=0 0 8 8 8 0 0 1 7 7 0 1 2 7 1 0 0 1 8 4 8 4 0 7 1 3 2 8 2 1
split_gain=15736.4 3048.97 1173.87 958.353 626.068 705.632 602.472 545.513 347.281 339.27 336.372 483.335 311.984 287 277.54 329.985 266.068 396.422 249.784 231.432 217.401 211.736 210.414 295.779 202.807 199.89 331.02 179.346 178.423 176.406
threshold=9.5000000000000018 22.500000000000004 56637.500000000007 51517.000000000007 44635.000000000007 49.500000000000007 3.5000000000000004 490.50000000000006 20960370.000000004 13044200.500000002 29.500000000000004 663.50000000000011 35.500000000000007 10391952.500000002 1019.5000000000001 62.500000000000007 35.500000000000007 800.50000000000011 28983.000000000004 79790.000000000015 81679.500000000015 69134.500000000015 1.0000000180025095e-35 34015122.000000007 562.50000000000011 97149.000000000015 50.500000000000007 29244.000000000004 48.500000000000007 1174.5000000000002
decision_type=2 2 2 2 2 2 2 2 2 2 2 2 2 2 2 2 2 2 2 2 2 2 2 2 2 2 2 2 2 2
left_child=2 3 6 12 -3 7 22 -6 18 21 24 -12 -2 -14 -7 29 -13 -18 -8 -4 25 -5 -1 -24 -9 26 -11 -10 -17 -16
right_child=1 4 19 9 5 14 8 10 27 20 11 16 13 -15 15 28 17 -19 -20 -21 -22 -23 23 -25 -26 -27 -28 -29 -30 -31
leaf_value=-0.017452634856316492 0.002959473775221324 0.0021887896607739282 -0.01189896313620697 -0.0069756717129318066 0.0056260360401891238 0.0043094571913781599 -0.002687333701962591 -0.0014239598461112798 0.0052839392300091381 -0.002339207916428047 0.0035420340495958243 -0.0042583063528864951 -0.0033294839079379256 0.00016912725349746294 0.00040779458528535003 0.0023265171893731788 0.0025943117290955168 -0.0018822783597099728 -0.0083154827576852088 -0.01741759195540022 -0.011674993000469459 -0.014403437241468718 -0.011765354597295698 -0.004067433310963698 -0.0057981118607893121 0.0015068498598163659 -0.0093814355809434466 -0.003080978034315127 0.0010767720885593117 -0.0029804996914745766
leaf_weight=40931 172314 6226395 602613 280565 124581 309182 105478 205261 30719 256561 247493 244111 494050 446266 402403 1739296 281049 667962 312429 86956 32245 44459 189018 67824 219185 75494 90219 154756 3328610 248573
leaf_count=40931 172314 6226395 602613 280565 124581 309182 105478 205261 30719 256561 247493 244111 494050 446266 402403 1739296 281049 667962 312429 86956 32245 44459 189018 67824 219185 75494 90219 154756 3328610 248573
internal_value=-9.47905e-12 0.000935473 -0.00948943 -0.00283601 0.00143647 0.00085224 -0.00711312 -0.000780682 -0.0052967 -0.00552468 -0.00120863 -0.000479679 -0.000952246 -0.00166907 0.00139121 0.00123344 -0.00131392 -0.000556539 -0.00689496 -0.0125949 -0.00376054 -0.00799169 -0.0107937 -0.00973257 -0.00368278 -0.00315619 -0.00417133 -0.00169555 0.00150568 -0.000886014
internal_weight=1.7727e+07 1.61363e+07 1.59072e+06 1.89217e+06 1.42441e+07 8.01771e+06 901155 1.98964e+06 603382 779543 1.86506e+06 1.44062e+06 1.11263e+06 940316 6.02806e+06 5.71888e+06 1.19312e+06 949011 417907 689569 454519 325024 297773 256842 424446 422274 346780 185475 5.06791e+06 650976
internal_count=17726998 16136274 1590724 1892173 14244101 8017706 901155 1989642 603382 779543 1865061 1440615 1112630 940316 6028064 5718882 1193122 949011 417907 689569 454519 325024 297773 256842 424446 422274 346780 185475 5067906 650976
is_linear=0
shrinkage=0.1


Tree=18
num_leaves=31
num_cat=0
split_feature=0 0 0 8 8 8 7 1 0 8 8 7 0 1 7 0 1 5 2 3 2 8 4 3 7 2 3 4 8 9
split_gain=12864.8 2391.85 837.509 814.779 709.103 657.701 375.634 327.407 348.05 325.032 292.659 282.587 313.612 273.929 257.587 357.077 256.601 245.594 233.511 228.186 265.791 222.359 214.688 225.849 214.308 209.36 208.55 256.14 248.844 201.929
threshold=17.500000000000004 7.5000000000000009 44.500000000000007 43477.500000000007 40619.500000000007 60285.000000000007 6507304.0000000009 381.50000000000006 21.500000000000004 64525.500000000007 79227.500000000015 5816774.5000000009 1.5000000000000002 372.50000000000006 14108771.500000002 1.5000000000000002 481.50000000000006 84465.500000000015 61.500000000000007 87757.500000000015 40.500000000000007 65426.500000000007 16090.000000000002 59030.000000000007 13044200.500000002 48.500000000000007 98805.000000000015 83428.500000000015 73915.500000000015 39491.000000000007
decision_type=2 2 2 2 2 2 2 2 2 2 2 2 2 2 2 2 2 2 2 2 2 2 2 2 2 2 2 2 2 2
left_child=1 4 5 22 11 7 -5 -2 -9 19 25 -1 -13 -7 -6 -16 -10 -12 26 20 -8 -17 -3 -24 29 -4 28 -28 -15 -18
right_child=2 3 10 6 14 13 9 8 16 -11 17 12 -14 18 15 21 24 -19 -20 -21 -22 -23 23 -25 -26 -27 27 -29 -30 -31
leaf_value=-0.010095793623592125 0.0039386727227486099 0.0029386062496914896 0.0021211417107162333 -0.010120555795482716 -0.013745120606031455 0.008149352815360467 -0.00032776136298130564 -0.0030832284724772578 0.0033228242848164463 -0.0076584321325857442 -0.014131116840951967 -0.011103824139247674 -0.0020003830341291644 -0.0022822862597641014 -0.013098315524006768 -0.0064938058883858606 0.001079526204929405 -0.0010765163625862009 -0.0072149645632082733 0.0029970230144052627 -0.0055238932605396248 -0.010886090025335346 -0.0025608468718224366 0.0036663151011462019 0.0014744375519939318 0.0012499569589317001 0.0025891849119283336 -0.012061147893316086 -0.0083398533359606061 -0.0016032513853312365
leaf_weight=97273 258598 127390 5193321 145071 230836 22498 144341 286029 303869 231809 15460 46712 199304 429711 233642 276878 439788 212360 114232 54136 309574 197455 411671 67840 801870 5883734 122927 13217 80524 774928
leaf_count=97273 258598 127390 5193321 145071 230836 22498 144341 286029 303869 231809 15460 46712 199304 429711 233642 276878 439788 212360 114232 54136 309574 197455 411671 67840 801870 5883734 122927 13217 80524 774928
internal_value=-3.45961e-12 -0.00625461 0.00116029 -0.00353241 -0.00942212 -0.00015713 -0.00546778 0.000544839 0.000208126 -0.00455547 0.00158543 -0.00553299 -0.00372889 -0.00272535 -0.0108442 -0.0098984 0.000613832 -0.00196241 -0.00304702 -0.00313968 -0.00387157 -0.00832222 -0.00071042 -0.00167984 0.000205627 0.0016584 -0.00231043 0.00116692 -0.00323828 -0.000631952
internal_weight=1.7727e+07 2.77393e+06 1.49531e+07 1.49183e+06 1.2821e+06 3.64819e+06 884931 2.86508e+06 2.60648e+06 739860 1.13049e+07 343289 246016 783109 938811 707975 2.32046e+06 227820 760611 508051 453915 474333 606901 479511 2.01659e+06 1.10771e+07 646379 136144 510235 1.21472e+06
internal_count=17726998 2773932 14953066 1491832 1282100 3648191 884931 2865082 2606484 739860 11304875 343289 246016 783109 938811 707975 2320455 227820 760611 508051 453915 474333 606901 479511 2016586 11077055 646379 136144 510235 1214716
is_linear=0
shrinkage=0.1


Tree=19
num_leaves=31
num_cat=0
split_feature=0 0 8 0 2 4 2 8 4 3 9 7 3 1 0 7 8 1 0 1 1 7 10 9 7 8 8 7 8 0
split_gain=10472.3 2091.95 957.069 585.808 616.626 419.781 367.196 336.198 335.492 330.211 368.1 317.102 300.204 288.737 368.391 272.953 218.992 216.257 225.124 225.996 205.946 301.698 199.212 191.566 197.488 190.963 190.7 176.031 170.566 166.432
threshold=18.500000000000004 5.5000000000000009 54640.000000000007 59.500000000000007 51.500000000000007 19960.500000000004 33.500000000000007 66653.000000000015 79790.000000000015 87757.500000000015 54118.000000000007 7049286.5000000009 108051.50000000001 408.50000000000006 23.500000000000004 20634288.000000004 38585.000000000007 526.50000000000011 30.500000000000004 710.50000000000011 27.500000000000004 29228863.000000004 98001.500000000015 81850.500000000015 11461097.000000002 29244.000000000004 67356.500000000015 6242027.0000000009 71933.000000000015 37.500000000000007
decision_type=2 2 2 2 2 2 2 2 2 2 2 2 2 2 2 2 2 2 2 2 2 2 2 2 2 2 2 2 2 2
left_child=1 5 6 4 13 -1 -3 9 15 10 -6 16 23 -2 -15 -4 -8 -16 -19 -20 -7 -22 27 -9 -25 -13 -23 -14 -5 -21
right_child=3 2 8 28 7 20 11 12 -10 -11 -12 25 22 14 17 -17 -18 18 19 29 21 26 -24 24 -26 -27 -28 -29 -30 -31
leaf_value=-0.0027715632068114459 0.0040729865958218812 0.002607001867466931 -0.0077663240858841607 0.0016644390302025325 -8.0084939365232411e-05 -0.013437600521984398 -0.0028785276833849984 -0.005199665378596759 -0.016512610930835659 0.0025918815443335061 -0.0035608677024129595 0.0024364774877218723 -0.01508293948537677 -0.0025584738418135671 0.0035101968588917586 -0.0036799567589466176 -0.0077368439609574076 -0.0015999403380687967 0.0028978583259490777 -0.0024300122382506315 -0.010860434351397191 -0.0043287978476371485 -0.015642070600147374 -0.029828346233567633 -0.0089868913931816629 -0.002039997912398873 -0.0095783212334071138 0.0025743562452325858 -8.8570395951813031e-05 0.00092552677997008415
leaf_weight=89903 291991 156336 391397 8830521 943803 141677 223312 198490 32175 274941 448047 113508 6015 298106 338235 280684 158728 334063 569260 165298 455770 153967 7291 6394 15736 593962 125694 92035 592267 1397392
leaf_count=89903 291991 156336 391397 8830521 943803 141677 223312 198490 32175 274941 448047 113508 6015 298106 338235 280684 158728 334063 569260 165298 455770 153967 7291 6394 15736 593962 125694 92035 592267 1397392
internal_value=-7.20466e-12 -0.00547651 -0.00359075 0.00107871 0.000246921 -0.00927938 -0.00192513 -0.0011494 -0.00653727 -0.000575001 -0.00120058 -0.00257546 -0.00408657 0.00106667 0.00078372 -0.00605972 -0.00489704 0.00113901 0.000813784 0.001192 -0.00994642 -0.00927387 0.0003053 -0.00618358 -0.0150086 -0.00132178 -0.0066882 0.00149115 0.00155425 0.000570585
internal_weight=1.7727e+07 2.91711e+06 1.9501e+06 1.48099e+07 5.3871e+06 967011 1.24585e+06 1.99275e+06 704256 1.66679e+06 1.39185e+06 1.08951e+06 325961 3.39434e+06 3.10235e+06 672081 382040 2.80425e+06 2.46601e+06 2.13195e+06 877108 735431 105341 220620 22130 707470 279661 98050 9.42279e+06 1.56269e+06
internal_count=17726998 2917113 1950102 14809885 5387097 967011 1245846 1992752 704256 1666791 1391850 1089510 325961 3394345 3102354 672081 382040 2804248 2466013 2131950 877108 735431 105341 220620 22130 707470 279661 98050 9422788 1562690
is_linear=0
shrinkage=0.1


Tree=20
num_leaves=31
num_cat=0
split_feature=0 0 8 8 8 2 3 2 9 0 7 4 7 1 3 9 3 4 3 2 7 0 10 4 8 4 3 7 2 8
split_gain=8610.83 1870.88 733.84 619.063 409.055 399.508 320.746 316.55 292.433 289.103 280.968 267.067 322.618 283.952 263.499 242.572 234.357 233.379 300.833 234.725 228.512 241.022 226.054 204.424 189.562 184.419 222.768 167.236 166.145 189.11
threshold=8.5000000000000018 25.500000000000004 58676.500000000007 45495.500000000007 79227.500000000015 40.500000000000007 78112.500000000015 53.500000000000007 50293.500000000007 70.500000000000014 6886481.7500000009 11061.000000000002 5087247.7500000009 46.500000000000007 59030.000000000007 39491.000000000007 86982.000000000015 79790.000000000015 90357.000000000015 42.500000000000007 12163292.500000002 2.5000000000000004 81939.500000000015 63304.500000000007 69813.500000000015 40077.500000000007 103716.00000000001 10497909.500000002 47.500000000000007 68779.500000000015
decision_type=2 2 2 2 2 2 2 2 2 2 2 2 2 2 2 2 2 2 2 2 2 2 2 2 2 2 2 2 2 2
left_child=3 2 5 11 7 27 8 16 14 25 -6 -1 -13 -14 15 -7 23 18 19 -4 -5 -22 -12 -3 -21 -9 -27 -2 -20 -30
right_child=1 4 17 20 10 6 -8 9 -10 -11 22 12 13 -15 -16 -17 -18 -19 28 24 21 -23 -24 -25 -26 26 -28 -29 29 -31
leaf_value=0.0020778668634454413 -0.00030380142959875894 0.0014774761863852899 -0.002911004058623112 -0.012152549611138333 -0.011370959808258085 -0.00091576007024547843 0.0023383642276478224 0.00086544319765677509 -0.004945522748070595 0.0011419442203715617 -0.043135617677486852 -0.010584200000437125 -0.010035285098929377 -0.0027333725203129763 0.0017617671413442889 -0.0052686414906146723 0.0034839161632716168 -0.013458340144999421 0.0033599478544158855 -0.0066598922472883536 -0.01024487771213399 -0.006616922613255566 -0.0012964534925129778 -0.0016320631427274236 -0.014077788650413823 -0.0017743768770927815 0.0025604682621235874 0.0030979774843386265 0.0010849768724351839 -0.0058536961684116954
leaf_weight=53249 304463 8184777 151984 180668 32617 350768 158074 639810 333774 2791417 1298 95226 64891 297035 196195 201604 575019 29585 55287 204360 323094 422677 252203 217023 41435 996785 134554 275093 66904 95129
leaf_count=53249 304463 8184777 151984 180668 32617 350768 158074 639810 333774 2791417 1298 95226 64891 297035 196195 201604 575019 29585 55287 204360 323094 422677 252203 217023 41435 996785 134554 275093 66904 95129
internal_value=-1.1178e-11 0.000654555 -0.00188363 -0.00742101 0.00110703 -0.000856643 -0.00186938 0.00118611 -0.00248391 0.000507874 -0.00263474 -0.00462451 -0.0054052 -0.00404256 -0.00138631 -0.00250447 0.00153082 -0.00478285 -0.00436557 -0.0060002 -0.00896169 -0.00818868 -0.00151068 0.00139716 -0.00791037 -0.00049145 -0.00125882 0.00131089 -0.00137358 -0.00298869
internal_weight=1.7727e+07 1.62902e+07 2.46466e+06 1.43684e+06 1.38255e+07 1.81997e+06 1.24042e+06 1.35394e+07 1.08234e+06 4.56257e+06 286118 510401 457152 361926 748567 552372 8.97682e+06 644684 615099 397779 926439 745771 253501 8.4018e+06 245795 1.77115e+06 1.13134e+06 579556 217320 162033
internal_count=17726998 16290158 2464655 1436840 13825503 1819971 1240415 13539385 1082341 4562566 286118 510401 457152 361926 748567 552372 8976819 644684 615099 397779 926439 745771 253501 8401800 245795 1771149 1131339 579556 217320 162033
is_linear=0
shrinkage=0.1


Tree=21
num_leaves=31
num_cat=0
split_feature=0 0 8 8 0 8 7 1 0 1 0 1 1 0 1 0 4 3 8 1 0 7 9 7 1 0 2 3 9 1
split_gain=7031.98 958.197 880.099 576.486 485.178 322.218 295.967 292.448 427.295 289.16 289.232 317.296 226.937 203.672 290.611 264.638 203.573 219.962 213.18 198.094 207.842 192.785 196.39 187.35 185.748 181.326 165.169 164.068 172.815 157.859
threshold=12.500000000000002 33.500000000000007 57596.500000000007 58676.500000000007 3.5000000000000004 28983.000000000004 5677062.0000000009 719.50000000000011 44.500000000000007 282.50000000000006 19.500000000000004 454.50000000000006 282.50000000000006 98.500000000000014 973.50000000000011 54.500000000000007 79790.000000000015 87757.500000000015 73406.500000000015 1192.5000000000002 64.500000000000014 6424468.7500000009 73006.000000000015 6604011.5000000009 873.50000000000011 38.500000000000007 40.500000000000007 87757.500000000015 70690.500000000015 1426.5000000000002
decision_type=2 2 2 2 2 2 2 2 2 2 2 2 2 2 2 2 2 2 2 2 2 2 2 2 2 2 2 2 2 2
left_child=2 3 4 9 -1 23 -7 -3 24 -2 -11 -12 -5 14 -10 -16 17 -4 -19 -17 -21 22 -14 -6 25 -9 -23 -28 -29 -22
right_child=1 7 16 12 5 6 -8 8 13 10 11 -13 21 -15 15 19 -18 18 -20 20 29 26 -24 -25 -26 -27 27 28 -30 -31
leaf_value=-0.0073034444796500793 0.0037107700931623051 0.0029915780073611307 -0.0085732072191287076 0.0057292664534475514 -0.0021535718551608245 -0.0078975571569204605 -0.0027423242384389851 -0.0021509459198813022 0.0023216400669199273 -0.0022983989158327795 0.0028110256873148083 -0.00056649836299336705 -0.0052806665327974223 0.0016346990453011759 -0.0016496796952674914 0.0019136750354921948 -0.012483147366286028 -0.00060754965062397438 -0.0075202599088545694 -0.0018720482893915744 0.0015541362273983905 0.0010052492610064677 -0.015469966196373001 0.0039159261654352099 -0.0036773177021046884 0.0010934764658150446 -0.0055944719118145572 0.0017428001274802025 -0.0036724360431799534 0.00010272062646697437
leaf_weight=307740 182832 763761 521431 26676 104776 136892 597193 304372 1010844 593042 378492 1049085 87833 4806881 529584 1057112 94030 78546 103261 374623 1157002 89606 24108 98825 214539 396873 234478 85350 190387 2126824
leaf_count=307740 182832 763761 521431 26676 104776 136892 597193 304372 1010844 593042 378492 1049085 87833 4806881 529584 1057112 94030 78546 103261 374623 1157002 89606 24108 98825 214539 396873 234478 85350 190387 2126824
internal_value=-6.39764e-12 0.000718771 -0.0055189 -0.000907929 -0.00385814 -0.00272742 -0.00370367 0.00109433 0.000973364 -9.75532e-05 -0.000442142 0.000328981 -0.00332604 0.0011452 0.000769093 0.000469886 -0.0081132 -0.0075289 -0.00453376 0.000707925 0.000359523 -0.00366542 -0.00747507 0.000792475 -0.00110249 -0.000314749 -0.00295445 -0.00364987 -0.00199624 0.000614103
internal_weight=1.7727e+07 1.56843e+07 2.04269e+06 2.94189e+06 1.24543e+06 937686 734085 1.27424e+07 1.19787e+07 2.20345e+06 2.02062e+06 1.42758e+06 738438 1.10629e+07 6.25599e+06 5.24514e+06 797268 703238 181807 4.71556e+06 3.65845e+06 711762 111941 203601 915784 701245 599821 510215 275737 3.28383e+06
internal_count=17726998 15684304 2042694 2941889 1245426 937686 734085 12742415 11978654 2203451 2020619 1427577 738438 11062870 6255989 5245145 797268 703238 181807 4715561 3658449 711762 111941 203601 915784 701245 599821 510215 275737 3283826
is_linear=0
shrinkage=0.1


Tree=22
num_leaves=31
num_cat=0
split_feature=0 0 8 0 1 0 1 0 1 7 1 0 7 4 2 1 1 4 0 1 7 8 0 7 8 0 1 0 0 1
split_gain=5757.65 944.208 548.811 518.991 538.807 469.023 446.739 293.881 416.658 245.481 241.223 336.098 222.41 211.369 201.278 185.661 170.708 169.014 168.487 236.983 165.398 164.42 162.352 186.004 162.275 159.582 271.629 213.508 154.537 154.384
threshold=15.500000000000002 4.5000000000000009 49832.500000000007 36.500000000000007 345.50000000000006 19.500000000000004 463.50000000000006 24.500000000000004 599.50000000000011 10795053.500000002 773.50000000000011 47.500000000000007 7049286.5000000009 14150.500000000002 40.500000000000007 417.50000000000006 927.50000000000011 11581.000000000002 30.500000000000004 728.50000000000011 6242027.0000000009 80242.000000000015 1.0000000180025095e-35 47310870.000000007 75201.500000000015 92.500000000000014 1047.5000000000002 55.500000000000007 27.500000000000004 1638.5000000000002
decision_type=2 2 2 2 2 2 2 2 2 2 2 2 2 2 2 2 2 2 2 2 2 2 2 2 2 2 2 2 2 2
left_child=1 13 12 4 -2 15 -7 -8 28 24 -5 16 17 -1 -14 -6 -12 -3 -10 -20 -15 -11 -22 -24 -4 26 -13 -28 -9 -29
right_child=3 2 9 10 5 6 7 8 18 21 11 25 14 20 -16 -17 -18 -19 19 -21 22 -23 23 -25 -26 -27 27 29 -30 -31
leaf_value=-0.00029190052027458209 0.0037705688048734159 0.0036282802256757856 -0.0068278399217075354 0.0026788692654772846 -0.002855180751468366 0.0024095373278456966 -0.0038352054696282351 -0.00024047843372109365 -0.0042140475164983947 -0.0033442827085433686 -0.00017292556140547301 0.0020305079091343264 0.0019970804461704504 -0.012762874853732953 -0.0018637512196389668 -0.0078937695112323743 -0.003367124323095843 -0.0041436075589521889 0.00026438583411794058 -0.0040412757004645531 -0.010604217428711527 -0.0090757289708275745 -0.007597336537936138 -0.0035305608973297715 -0.015221952557731023 0.0014254792500144205 -0.0022787114926442263 0.00074695464838616787 0.002939142890504232 -0.001049946190924009
leaf_weight=41106 270724 30827 202364 809592 294938 463300 317374 279925 233052 514047 671879 1117640 242664 58497 304436 97243 222793 303133 419330 183889 118621 55452 436040 151557 25988 5480582 304145 3176255 336732 562873
leaf_count=41106 270724 30827 202364 809592 294938 463300 317374 279925 233052 514047 671879 1117640 242664 58497 304436 97243 222793 303133 419330 183889 118621 55452 436040 151557 25988 5480582 304145 3176255 336732 562873
internal_value=3.02215e-12 -0.00446365 -0.00311313 0.000727646 -0.000477048 -0.000914987 -0.000354961 -0.00107845 -0.00047627 -0.00501307 0.00101029 0.000893187 -0.00139263 -0.00727742 -0.000151295 -0.00410452 -0.000968351 -0.0034262 -0.00193044 -0.00104818 -0.00765291 -0.00390235 -0.00722965 -0.00654841 -0.00778315 0.00104969 0.000650631 0.000269206 0.00149579 0.000476457
internal_weight=1.7727e+07 2.48473e+06 1.67891e+06 1.52423e+07 2.89651e+06 2.62578e+06 2.2336e+06 1.7703e+06 1.45293e+06 797851 1.23458e+07 1.15362e+07 881060 805821 547100 392181 894672 333960 836271 603219 764715 569499 706218 587597 228352 1.06415e+07 5.16091e+06 4.04327e+06 616657 3.73913e+06
internal_count=17726998 2484732 1678911 15242266 2896507 2625783 2233602 1770302 1452928 797851 12345759 11536167 881060 805821 547100 392181 894672 333960 836271 603219 764715 569499 706218 587597 228352 10641495 5160913 4043273 616657 3739128
is_linear=0
shrinkage=0.1


Tree=23
num_leaves=31
num_cat=0
split_feature=0 0 2 8 8 2 8 3 0 7 1 9 8 3 3 9 3 7 1 3 3 10 8 3 7 3 2 9 10 7
split_gain=4779.31 1002.93 440.86 398.7 356.729 264.407 262.094 270.994 250.45 228.911 217.87 211.146 209.192 375.617 224.18 220.144 216.827 207.438 243.557 202.908 199.694 367.916 186.669 182.892 177.981 175.693 174.449 174.332 167.794 160.852
threshold=8.5000000000000018 21.500000000000004 42.500000000000007 36527.000000000007 79227.500000000015 44.500000000000007 66964.000000000015 87757.500000000015 82.500000000000014 6886481.7500000009 201.50000000000003 53104.000000000007 55163.500000000007 97927.000000000015 71945.000000000015 71653.000000000015 78440.500000000015 24720331.000000004 37.500000000000007 98805.000000000015 106575.50000000001 98001.500000000015 41025.500000000007 59030.000000000007 5087247.7500000009 66859.500000000015 59.500000000000007 44430.500000000007 81939.500000000015 10919510.000000002
decision_type=2 2 2 2 2 2 2 2 2 2 2 2 2 2 2 2 2 2 2 2 2 2 2 2 2 2 2 2 2 2
left_child=3 2 10 24 5 -3 7 11 12 -6 -2 23 14 15 22 16 -14 -5 -19 -8 28 -22 -7 -4 -1 -17 -15 -25 -11 -30
right_child=1 4 6 17 9 8 19 -9 -10 20 -12 -13 13 26 -16 25 -18 18 -20 -21 21 -23 -24 27 -26 -27 -28 -29 29 -31
leaf_value=-0.0061086702990628015 0.0044792458455533354 0.0014689194996078475 -0.0030232849256852604 -0.0077644153731829778 -0.010317770609380432 0.00091623035373299393 -0.009624038552662785 0.0026290354620197177 0.0010848053165313748 -0.040769619116326795 -0.00045739740516936075 -0.0048467736995298641 -0.0024934424848458135 0.0044000749955080201 0.0021430008849931434 -0.049000278284796542 0.00025645255822490169 -0.0081820391436616714 -0.003689679984244615 -0.002850537875415355 0.0030957632749626582 -0.0097032586462823048 -0.00080206646376982543 0.0052765274492398038 -0.00079472523797572661 -0.0042082964630071745 6.9715562332865025e-05 -0.0011272947490208753 -0.012844215936447093 -0.0027073283201877749
leaf_weight=88660 103912 4592070 351646 559616 34350 1335198 93595 102112 4507231 1280 640106 323240 532365 166360 683628 879 621456 173360 397182 83843 123006 27476 1200844 59800 218022 233060 211049 147036 18707 95909
leaf_count=88660 103912 4592070 351646 559616 34350 1335198 93595 102112 4507231 1280 640106 323240 532365 166360 683628 879 621456 173360 397182 83843 123006 27476 1200844 59800 218022 233060 211049 147036 18707 95909
internal_value=-7.08157e-13 0.000487648 -0.00166833 -0.00552871 0.00077321 0.000845977 -0.0028859 -0.0022479 0.000544611 -0.00263475 0.00023207 -0.00281269 5.6173e-05 -0.000818729 0.000535834 -0.00157945 -0.00101233 -0.00639645 -0.00505469 -0.00642342 -0.00164401 0.000758833 0.000102598 -0.0016354 -0.00233096 -0.0043766 0.00197852 0.000724165 -0.00476392 -0.00436182
internal_weight=1.7727e+07 1.62902e+07 1.90529e+06 1.43684e+06 1.43849e+07 1.40841e+07 1.16127e+06 983834 9.49207e+06 300728 744018 881722 4.98484e+06 1.76517e+06 3.21967e+06 1.38776e+06 1.15382e+06 1.13016e+06 570542 177438 266378 150482 2.53604e+06 558482 306682 233939 377409 206836 115896 114616
internal_count=17726998 16290158 1905290 1436840 14384868 14084140 1161272 983834 9492070 300728 744018 881722 4984839 1765169 3219670 1387760 1153821 1130158 570542 177438 266378 150482 2536042 558482 306682 233939 377409 206836 115896 114616
is_linear=0
shrinkage=0.1


Tree=24
num_leaves=31
num_cat=0
split_feature=0 0 2 8 8 3 1 0 5 4 7 9 9 3 1 4 7 1 0 3 1 1 0 8 3 7 8 9 3 5
split_gain=3892.12 641.328 458.803 452.938 300.016 369.573 227.045 225.858 213.407 211.169 252.694 209.368 209.267 233.43 209.168 206.005 206.386 200.291 194.088 193 187.859 185.528 284.288 179.321 223.531 168.791 160.316 148.457 186.362 144.771
threshold=10.500000000000002 33.500000000000007 51.500000000000007 44973.500000000007 73915.500000000015 87757.500000000015 237.50000000000003 14.500000000000002 82456.000000000015 9374.0000000000018 1928365.5000000002 80258.500000000015 53270.500000000007 79407.000000000015 327.50000000000006 72178.500000000015 6886481.7500000009 55.500000000000007 19.500000000000004 106575.50000000001 472.50000000000006 737.50000000000011 41.500000000000007 74601.500000000015 87757.500000000015 3894610.0000000005 85037.500000000015 69698.500000000015 81877.000000000015 50717.000000000007
decision_type=2 2 2 2 2 2 2 2 2 2 2 2 2 2 2 2 2 2 2 2 2 2 2 2 2 2 2 2 2 2
left_child=3 2 4 9 5 6 -2 -8 -6 -1 -11 -10 13 -4 -9 21 -17 -12 -16 27 -20 -3 -23 24 25 -5 -21 28 -14 -19
right_child=1 15 12 23 8 -7 7 14 11 10 17 -13 19 -15 18 16 -18 29 20 26 -22 22 -24 -25 -26 -27 -28 -29 -30 -31
leaf_value=0.0038712256527371051 0.0040025014418280875 0.0022814262104804369 -0.0017971540234492944 -0.013366520043802319 -0.012854493774753135 0.0064988770525190483 -0.002727494856935572 0.003385390819188574 0.0069032398872039538 -0.011531292685655966 -0.0067159518784534397 -0.0050684092331045594 -0.0061197711062185214 0.0055602968094788209 -0.0023945014825111155 -0.0064169742293515523 -0.00033362215990473425 -0.0022147620145941292 0.0022545458341751627 0.0022568981244959849 -0.00050383291632256216 -0.0015408369340176758 0.00087416856884549397 -0.0079746354433183151 -2.3258642005279942e-05 -0.0052395352417887939 -0.0092832362698996359 -0.0083630097665057038 -0.0013838425241333562 0.003095047816739627
leaf_weight=50363 133114 870521 422027 26466 26316 91665 312600 183762 18381 31901 88968 71175 173537 48030 313955 71714 250830 398127 371738 72269 735225 509959 11039391 263748 81883 743082 14444 93436 159420 58951
leaf_count=50363 133114 870521 422027 26466 26316 91665 312600 183762 18381 31901 88968 71175 173537 48030 313955 71714 250830 398127 371738 72269 735225 509959 11039391 263748 81883 743082 14444 93436 159420 58951
internal_value=4.70888e-13 0.000489383 -0.000766601 -0.00448644 1.8499e-05 0.000286595 8.86872e-06 -0.000268403 -0.00493764 -0.00233913 -0.00288031 -0.00261128 -0.00256966 -0.00104538 0.00021064 0.000808849 -0.00168619 -0.0023749 -0.000199938 -0.00396606 0.00042248 0.000873645 0.000767535 -0.00569627 -0.0049905 -0.00551904 0.000334629 -0.00484066 -0.00385221 -0.00152994
internal_weight=1.7727e+07 1.59835e+07 3.24109e+06 1.74349e+06 2.25793e+06 2.14206e+06 2.05039e+06 1.91728e+06 115872 628310 577947 89556 983163 470057 1.60468e+06 1.27424e+07 322544 546046 1.42092e+06 513106 1.10696e+06 1.24199e+07 1.15494e+07 1.11518e+06 851431 769548 86713 426393 332957 457078
internal_count=17726998 15983509 3241094 1743489 2257931 2142059 2050394 1917280 115872 628310 577947 89556 983163 470057 1604680 12742415 322544 546046 1420918 513106 1106963 12419871 11549350 1115179 851431 769548 86713 426393 332957 457078
is_linear=0
shrinkage=0.1


Tree=25
num_leaves=31
num_cat=0
split_feature=0 0 2 8 1 0 7 8 1 8 7 8 2 9 3 3 9 3 1 0 7 9 3 3 8 7 7 7 10 10
split_gain=3183.98 680.238 365.62 290.152 243.476 342.006 233.065 209.38 191.932 182.596 180.549 222.604 157.784 187.639 256.542 182.835 164.471 155.025 151.346 147.191 147.032 144.671 181.706 171.094 189.84 137.254 131.785 131.692 156.831 121.435
threshold=8.5000000000000018 23.500000000000004 47.500000000000007 29244.000000000004 508.50000000000006 31.500000000000004 21589542.000000004 35921.000000000007 627.50000000000011 79227.500000000015 8070511.0000000009 65426.500000000007 53.500000000000007 54798.000000000007 97927.000000000015 85469.500000000015 71653.000000000015 71765.000000000015 27.500000000000004 27.500000000000004 7569385.2500000009 53561.500000000007 68962.500000000015 87757.500000000015 68779.500000000015 5528803.0000000009 40647240.000000007 6886481.7500000009 81939.500000000015 98001.500000000015
decision_type=2 2 2 2 2 2 2 2 2 2 2 2 2 2 2 2 2 2 2 2 2 2 2 2 2 2 2 2 2 2
left_child=3 2 6 20 -3 8 7 -2 19 12 -5 18 15 -14 16 -7 17 -15 -12 -6 -1 22 -4 -23 -25 -9 -20 -11 -29 -30
right_child=1 4 21 10 5 9 -8 25 -10 27 11 -13 13 14 -16 -17 -18 -19 26 -21 -22 23 -24 24 -26 -27 -28 28 29 -31
leaf_value=-0.003596903962898751 0.0010228956499302819 0.0029391639151284728 -0.0026036151251174551 -0.007925592217169819 -0.0020421016341824849 0.00087548965198534301 0.0019049608394671276 -0.0047053135562194941 -0.0041210757511703508 -0.0080994540873657629 -0.0081053102105293207 -0.0064295888356019314 0.00091647594330160039 -0.0031047421668726777 0.0013955767453926249 0.0026524256510988783 -0.0039612532082900966 -0.00023822268484730236 -0.003793170038627064 0.00117787766955315 0.0021736477101660049 -0.0059435641091151806 0.0023820139064949027 0.00095438488982066785 -0.0050602712648325637 -0.0012543478360086346 -0.00037135566256092981 -0.036797612396622797 -9.2035549330790636e-05 -0.0072402270643841917
leaf_weight=88465 322967 450742 335508 185504 302385 7657849 378606 154153 201490 30290 63239 396496 2187848 225186 580250 626416 174395 1163305 466655 267590 88154 235123 93467 106262 103676 456686 148327 1224 207907 26833
leaf_count=88465 322967 450742 335508 185504 302385 7657849 378606 154153 201490 30290 63239 396496 2187848 225186 580250 626416 174395 1163305 466655 267590 88154 235123 93467 106262 103676 456686 148327 1224 207907 26833
internal_value=1.85576e-12 0.000398024 -0.00124319 -0.00451259 0.000652455 0.000576962 -0.000187891 -0.00103642 -0.0014682 0.000699445 -0.00504458 -0.0045473 0.000754142 0.000265021 -0.000400026 0.00100985 -0.00106668 -0.000703116 -0.00344689 -0.000530396 -0.000716709 -0.00282777 -0.00151732 -0.00409086 -0.0020159 -0.00212524 -0.00296787 -0.00189212 -0.0010953 -0.000909141
internal_weight=1.7727e+07 1.62902e+07 2.18645e+06 1.43684e+06 1.41037e+07 1.3653e+07 1.31241e+06 933806 771465 1.28815e+07 1.26022e+06 1.07472e+06 1.26152e+07 4.33098e+06 2.14314e+06 8.28426e+06 1.56289e+06 1.38849e+06 678221 569975 176619 874036 428975 445061 209938 610839 614982 266254 235964 234740
internal_count=17726998 16290158 2186448 1436840 14103710 13652968 1312412 933806 771465 12881503 1260221 1074717 12615249 4330984 2143136 8284265 1562886 1388491 678221 569975 176619 874036 428975 445061 209938 610839 614982 266254 235964 234740
is_linear=0
shrinkage=0.1


Tree=26
num_leaves=31
num_cat=0
split_feature=0 0 1 8 8 8 2 3 3 9 8 7 3 3 10 9 2 3 0 7 8 2 6 10 4 8 3 9 2 7
split_gain=2586.42 488.702 374.98 285.337 284.599 212.302 203.753 481.951 284.111 199.062 197.754 235.995 189.728 185.526 304.512 238.841 204.977 269.294 180.782 177.718 175.866 159.009 209.051 157.946 255.281 156.099 151.183 170.003 149.898 143.199
threshold=9.5000000000000018 25.500000000000004 228.50000000000003 61472.500000000007 61681.500000000007 60285.000000000007 41.500000000000007 61830.500000000007 57530.500000000007 62673.500000000007 20438.000000000004 2938761.5000000005 83498.000000000015 106575.50000000001 98001.500000000015 81850.500000000015 60.500000000000007 89216.000000000015 2.5000000000000004 6507304.0000000009 68779.500000000015 62.500000000000007 84317.296875000015 83324.000000000015 76331.000000000015 35449.500000000007 92887.500000000015 85101.500000000015 35.500000000000007 17146727.000000004
decision_type=2 2 2 2 2 2 2 2 2 2 2 2 2 2 2 2 2 2 2 2 2 2 2 2 2 2 2 2 2 2
left_child=3 2 -2 10 19 12 -7 8 -8 -10 -1 -12 25 15 21 16 17 -9 -13 -4 -18 -15 -23 24 -17 -3 27 -25 29 -20
right_child=1 5 4 -5 -6 6 7 13 9 -11 11 18 -14 14 -16 23 20 -19 28 -21 -22 22 -24 26 -26 -27 -28 -29 -30 -31
leaf_value=0.0017888081933279691 0.0031637818472864143 0.0012498075104791055 -0.0022539880230602778 -0.0056839268476585898 -0.0035883646210206678 0.0022411610239323676 0.0059044312904299205 -0.00094089394422775061 0.0027767285383302094 -0.044875160391114562 -0.010204223461427884 -0.0054033183081151201 0.0022923472073453806 0.0040471818642474258 -0.0089671211888528238 -0.007432326070239699 -0.0010923404925800094 0.0017666312160873974 -0.002160260791155486 -4.0310477481853371e-05 -0.0054275207030949867 0.0014036485863064751 -0.0081948100653685841 -0.0070849380305795656 -0.041531190123490706 0.00041411279833708249 -0.0017614853527724136 -0.029415857706825446 -0.0031996017402355888 0.0028099563135230675
leaf_weight=83745 200685 3335610 535405 552164 450628 316773 2196 1017578 1071 4831 46799 221917 797031 215945 26053 8460 313200 574890 139603 1124053 133448 166663 26267 22719 2965 6774881 80911 4011 447365 99131
leaf_count=83745 200685 3335610 535405 552164 450628 316773 2196 1017578 1071 4831 46799 221917 797031 215945 26053 8460 313200 574890 139603 1124053 133448 166663 26267 22719 2965 6774881 80911 4011 447365 99131
internal_value=-3.36403e-12 0.000379252 -0.000966864 -0.00384712 -0.00135972 0.000604239 -0.000153393 -0.000445 -0.0248027 -0.0362281 -0.00287056 -0.00327922 0.000806921 -0.000368934 0.00151527 -0.000748648 -0.000494443 3.6538e-05 -0.00292231 -0.000754528 -0.00238759 0.00218319 9.68393e-05 -0.00510213 -0.0162816 0.000689822 -0.00391555 -0.0104358 -0.00211983 -9.64467e-05
internal_weight=1.7727e+07 1.61363e+07 2.31077e+06 1.59072e+06 2.11009e+06 1.38255e+07 2.91798e+06 2.60121e+06 8098 5902 1.03856e+06 954815 1.09075e+07 2.59311e+06 434928 2.15818e+06 2.03912e+06 1.59247e+06 908016 1.65946e+06 446648 408875 192930 119066 11425 1.01105e+07 107641 26730 686099 238734
internal_count=17726998 16136274 2310771 1590724 2110086 13825503 2917981 2601208 8098 5902 1038560 954815 10907522 2593110 434928 2158182 2039116 1592468 908016 1659458 446648 408875 192930 119066 11425 10110491 107641 26730 686099 238734
is_linear=0
shrinkage=0.1


Tree=27
num_leaves=31
num_cat=0
split_feature=0 8 2 0 0 7 3 4 7 8 8 7 3 8 3 10 3 3 9 9 3 2 7 7 10 0 4 7 3 3
split_gain=2146.48 450.472 252.505 324.073 234.083 266.591 200.197 198.567 186.499 185.647 168.236 167.69 155.647 149.8 193.483 146.754 141.497 136.101 133.783 132.501 130.455 133.349 128.234 128.128 122.786 122.153 144.969 247.444 158.078 149.741
threshold=15.500000000000002 38995.500000000007 51.500000000000007 43.500000000000007 3.5000000000000004 24720331.000000004 49701.000000000007 11061.000000000002 15309812.500000002 83191.000000000015 69813.500000000015 1928365.5000000002 105634.00000000001 69187.500000000015 98805.000000000015 55534.500000000007 85827.500000000015 87757.500000000015 101442.00000000001 51623.000000000007 65627.500000000015 56.500000000000007 21825856.000000004 4871143.5000000009 69872.500000000015 79.500000000000014 59359.500000000007 2734668.2500000005 72850.500000000015 75339.000000000015
decision_type=2 2 2 2 2 2 2 2 2 2 2 2 2 2 2 2 2 2 2 2 2 2 2 2 2 2 2 2 2 2
left_child=1 6 8 13 22 10 7 -1 9 12 16 -9 25 14 19 -5 -6 24 -19 -4 21 -21 -3 -15 -17 26 29 28 -28 -2
right_child=2 4 3 15 5 -7 -8 11 -10 -11 -12 -13 -14 23 -16 17 -18 18 -20 20 -22 -23 -24 -25 -26 -27 27 -29 -30 -31
leaf_value=0.0032276584232529093 7.7069847601149414e-05 -0.0079033632049374559 -0.00034469967151715803 0.00091004456516875689 -0.0036421966316944375 -0.0007522802840897356 0.0032350736889069178 -0.0079518300875968534 0.0013603394716500093 -0.0094562277691363078 -0.0070634519987530231 -0.0014996569538716718 0.0090402366723379268 -0.014153122063515954 0.003514110039167908 -0.00060316529772705711 0.0015113251713825089 0.00062261058262557008 -0.013985737700006735 -0.0038760633081070996 -0.0020846785760775602 -0.015527376044972355 -0.0043808298866579321 -0.0034718632542335664 -0.0039390911598901302 0.00095318525184856008 -0.021930998621387025 -0.0012735166386944434 -0.0049828744494512904 0.0036432294183669071
leaf_weight=82267 2772091 143374 556544 2275878 672323 414704 115989 44263 3426972 18943 136090 447694 21063 12113 86335 1158595 57862 1235382 6301 29331 460490 14769 370166 154156 121949 2485182 9587 260698 12920 122967
leaf_count=82267 2772091 143374 556544 2275878 672323 414704 115989 44263 3426972 18943 136090 447694 21063 12113 86335 1158595 57862 1235382 6301 29331 460490 14769 370166 154156 121949 2485182 9587 260698 12920 122967
internal_value=-1.62758e-12 -0.0027254 0.000444284 -5.31895e-05 -0.00356045 -0.0028373 -0.000554317 -0.00131975 0.000777289 0.000426957 -0.00383544 -0.00208018 0.000459892 -0.00144479 -0.00103832 0.000327837 -0.00323382 -0.000197506 0.00054848 -0.00140871 -0.00258227 -0.00777806 -0.00536428 -0.00425001 -0.000920853 0.000427981 1.73073e-05 -0.00214203 -0.012202 0.000228542
internal_weight=1.7727e+07 2.48473e+06 1.52423e+07 6.11184e+06 1.79452e+06 1.28098e+06 690213 574224 9.13042e+06 5.70345e+06 866275 491957 5.68451e+06 1.31374e+06 1.14747e+06 4.7981e+06 730185 2.52223e+06 1.24168e+06 1.06113e+06 504590 44100 513540 166269 1.28054e+06 5.66344e+06 3.17826e+06 283205 22507 2.89506e+06
internal_count=17726998 2484732 15242266 6111843 1794519 1280979 690213 574224 9130423 5703451 866275 491957 5684508 1313738 1147469 4798105 730185 2522227 1241683 1061134 504590 44100 513540 166269 1280544 5663445 3178263 283205 22507 2895058
is_linear=0
shrinkage=0.1


Tree=28
num_leaves=31
num_cat=0
split_feature=0 0 1 0 1 1 0 1 8 1 0 7 0 2 3 0 1 0 1 0 1 0 1 1 1 0 0 0 1 7
split_gain=1758.84 376.324 345.37 284.091 345.143 244.468 256.729 198.049 174.151 161.789 280.849 159.411 139.656 153.358 137.715 133.558 183.793 207.143 131.934 189.437 147.023 187.973 130.309 121.857 120.51 284.077 111.189 107.8 158.183 100.682
threshold=8.5000000000000018 20.500000000000004 363.50000000000006 15.500000000000002 210.50000000000003 445.50000000000006 27.500000000000004 543.50000000000011 26413.500000000004 608.50000000000011 36.500000000000007 3894610.0000000005 3.5000000000000004 38.500000000000007 63149.000000000007 109.50000000000001 809.50000000000011 45.500000000000007 1000.5000000000001 57.500000000000007 1247.5000000000002 69.500000000000014 1899.5000000000002 692.50000000000011 300.50000000000006 12.500000000000002 23.500000000000004 17.500000000000004 436.50000000000006 30958912.000000004
decision_type=2 2 2 2 2 2 2 2 2 2 2 2 2 2 2 2 2 2 2 2 2 2 2 2 2 2 2 2 2 2
left_child=8 2 3 4 -2 14 7 26 -1 -8 23 -10 29 -14 -3 16 -12 -18 -19 -20 -21 -22 -23 -11 25 -6 -7 -4 -29 -13
right_child=1 5 27 -5 24 6 9 -9 11 10 15 12 13 -15 -16 -17 17 18 19 20 21 22 -24 -25 -26 -27 -28 28 -30 -31
leaf_value=3.5019682183971155e-05 0.0027928457111732726 0.0018371293883130317 -0.0056835368933738006 0.0025734495450618596 -0.0026364552473247815 -0.001911096688627368 0.002152492036298637 -0.0039045547730360841 -0.0088681249292651681 -0.00032413907914179618 0.0017291295590280875 -0.0060691423060776871 -0.00089011254367858368 -0.0039441577811611169 0.0061968748917312164 0.0010505092909290775 -0.0017180726325443576 0.0014210663065075506 -0.0014515146706144985 0.0013376870012781839 -0.0017411975561624643 0.00056800771382663521 -0.00096714054515167631 -0.0029045370835446469 -0.0038483126340011099 0.0020579811369283961 0.0011389029610671824 -0.00090621164633782547 -0.0057323512662966862 -0.0034259631709572039
leaf_weight=137159 192453 272214 145333 280034 409433 228059 563837 225839 57308 413139 838562 259264 316715 341930 98732 3576841 540219 933843 662946 1161584 505537 3258650 665931 328552 230923 188138 251159 219948 98252 324464
leaf_count=137159 192453 272214 145333 280034 409433 228059 563837 225839 57308 413139 838562 259264 316715 341930 98732 3576841 540219 933843 662946 1161584 505537 3258650 665931 328552 230923 188138 251159 219948 98252 324464
internal_value=-1.62091e-12 0.000295827 -0.0010832 -0.00024811 -0.00102203 0.000463345 0.000396933 -0.00146314 -0.00335393 0.000494442 0.000421891 -0.00371158 -0.00347371 -0.00247559 0.00299753 0.000537266 0.000322986 0.00017042 0.000312341 0.000146804 0.000336299 7.37339e-05 0.000307521 -0.0014672 -0.0019082 -0.00115847 -0.000312586 -0.00342703 -0.0023964 -0.00459994
internal_weight=1.7727e+07 1.62902e+07 1.76451e+06 1.30098e+06 1.02095e+06 1.45256e+07 1.41547e+07 705057 1.43684e+06 1.34496e+07 1.28858e+07 1.29968e+06 1.24237e+06 658645 370946 1.21441e+07 8.56727e+06 7.72871e+06 7.18849e+06 6.25465e+06 5.5917e+06 4.43012e+06 3.92458e+06 741691 828494 597571 479218 463533 318200 583728
internal_count=17726998 16290158 1764514 1300981 1020947 14525644 14154698 705057 1436840 13449641 12885804 1299681 1242373 658645 370946 12144113 8567272 7728710 7188491 6254648 5591702 4430118 3924581 741691 828494 597571 479218 463533 318200 583728
is_linear=0
shrinkage=0.1


Tree=29
num_leaves=31
num_cat=0
split_feature=0 8 7 9 0 8 7 1 7 3 6 3 2 3 3 0 9 2 5 3 1 8 7 3 9 3 2 9 3 3
split_gain=1438.04 268.336 240.016 233.305 265.795 222.787 209.724 166.187 211.394 174.571 160.965 159.148 176.878 157.359 266.382 156.621 153.033 200.054 149.737 139.834 126.704 123.027 129.797 120.737 166.343 132.944 127.51 155.75 123.039 119.895
threshold=10.500000000000002 69813.500000000015 13044200.500000002 39491.000000000007 39.500000000000007 56810.500000000007 11461097.000000002 27.500000000000004 16253420.000000002 28197.000000000004 93700.500000000015 106575.50000000001 56.500000000000007 67082.500000000015 59293.500000000007 71.500000000000014 83701.500000000015 36.500000000000007 40652.500000000007 92887.500000000015 246.50000000000003 22399.000000000004 1259646.8125000002 86234.500000000015 86921.500000000015 112611.50000000001 51.500000000000007 74253.500000000015 94654.000000000015 69734.000000000015
decision_type=2 2 2 2 2 2 2 2 2 2 2 2 2 2 2 2 2 2 2 2 2 2 2 2 2 2 2 2 2 2
left_child=5 2 3 -2 18 7 15 -1 21 -10 11 12 13 14 -8 23 -15 -18 -5 -19 -4 -9 -23 -3 25 26 27 -25 -29 -20
right_child=1 6 20 4 -6 -7 10 8 9 -11 -12 -13 -14 16 -16 -17 17 19 29 -21 -22 22 -24 24 -26 -27 -28 28 -30 -31
leaf_value=-0.007015305687592544 0.00076815314902040435 -0.0085847061927464188 0.0048545431149371069 -0.037284324169540042 7.3746142477034207e-05 -0.0040545470977320208 0.00082401519204432824 0.00082898850016986019 0.0091379757783343705 -0.00020512702500371323 -0.0063100272345772111 0.0022828797052201082 -0.0039606880192821431 0.0011662013428927762 -0.031209780025315988 -0.00098375833770533109 0.0078950026341978626 -0.013698651170934254 -0.0022423866767311788 -0.0029651459679536085 0.00085380873072473805 -0.0167366921345222 -0.0031521422251127259 0.011706834675186401 -0.011910486060281214 0.0069381717903895168 -0.0056300573854491873 -0.0063942822025299523 0.0058630543584239046 -0.00020570426075046408
leaf_weight=56883 3162642 59607 80234 1173 4205302 732838 6626 82507 21097 383940 40857 242497 133635 401032 4268 224101 11595 18282 837304 36113 5918354 7143 459081 10501 19674 14609 77589 23541 12558 441415
leaf_count=56883 3162642 59607 80234 1173 4205302 732838 6626 82507 21097 383940 40857 242497 133635 401032 4268 224101 11595 18282 837304 36113 5918354 7143 459081 10501 19674 14609 77589 23541 12558 441415
internal_value=6.52097e-13 0.000297469 0.000421268 8.41162e-05 -0.000310284 -0.00272706 -0.00105863 -0.00176447 -0.00145131 0.000281523 -0.000178276 0.000115063 -0.000744537 0.000154764 -0.011726 -0.00284032 0.000431902 -0.00403056 -0.00157208 -0.00657265 0.00090732 -0.00273038 -0.00336027 -0.00474815 -0.00330509 -0.00208531 -0.00314679 0.000987852 -0.00213024 -0.00153932
internal_weight=1.7727e+07 1.59835e+07 1.46464e+07 8.64784e+06 5.48519e+06 1.74349e+06 1.33708e+06 1.01065e+06 953768 405037 894905 854048 611551 477916 10894 442180 467022 65990 1.27989e+06 54395 5.99859e+06 548731 466224 218079 158472 138798 124189 46600 36099 1.27872e+06
internal_count=17726998 15983509 14646424 8647836 5485194 1743489 1337085 1010651 953768 405037 894905 854048 611551 477916 10894 442180 467022 65990 1279892 54395 5998588 548731 466224 218079 158472 138798 124189 46600 36099 1278719
is_linear=0
shrinkage=0.1


Tree=30
num_leaves=31
num_cat=0
split_feature=0 8 3 8 1 0 7 1 1 0 0 2 2 4 2 3 7 3 8 2 3 4 3 8 0 7 8 5 9 2
split_gain=1209.18 376.385 229.087 209.894 196.648 218.209 189.149 164.654 153.621 252.262 139.339 231.733 123.929 201.43 119.24 111.851 111.38 104.474 173.182 199.599 126.915 103.591 163.74 103.326 101.839 101.556 101.219 226.493 126.787 112.223
threshold=18.500000000000004 64525.500000000007 87757.500000000015 28983.000000000004 399.50000000000006 24.500000000000004 3091837.8750000005 517.50000000000011 552.50000000000011 31.500000000000004 4.5000000000000009 39.500000000000007 62.500000000000007 72178.500000000015 49.500000000000007 63149.000000000007 6604011.5000000009 97927.000000000015 71933.000000000015 46.500000000000007 87353.000000000015 79790.000000000015 98805.000000000015 72459.500000000015 21.500000000000004 14559744.500000002 58452.500000000007 62620.500000000007 60836.500000000007 44.500000000000007
decision_type=2 2 2 2 2 2 2 2 2 2 2 2 2 2 2 2 2 2 2 2 2 2 2 2 2 2 2 2 2 2
left_child=1 2 3 16 15 7 -5 24 -7 -10 25 -12 17 -14 -4 -2 -1 18 20 -20 26 22 -3 -21 -6 -8 -11 -28 -29 -30
right_child=4 21 14 6 5 8 10 -9 9 12 11 -13 13 -15 -16 -17 -18 -19 19 23 -22 -23 -24 -25 -26 -27 27 28 29 -31
leaf_value=-0.0010405205794889105 0.0017662218960771345 -0.0041572627863338983 0.0090444230888110828 -0.0059625434571310663 -0.0021613384456406577 0.0020574681805414874 -0.0056675211219243422 -0.0051289330858313477 -0.001789085877362958 0.00057826177798901322 0.00080701587707468459 -0.0021002796335713569 -0.00019071271510687213 -0.0056741602658515102 0.0012383481370027583 0.0061865146567409634 0.0023104875811719378 0.001846593423804777 0.00099815858318089536 -0.011545781338682736 0.0019959936336000936 -0.006787810555949657 0.00017082370830663181 -0.0031363971156836467 0.00061977291422845822 -0.0022151522583131193 -0.0061847668045069519 0.0036471255308634476 0.0011404066663962742 -0.00094738954832218841
leaf_weight=197752 223194 484532 28567 107970 265977 535569 121066 104561 538978 8530743 417153 799840 1339723 70517 62122 76992 199002 571477 152732 15875 560907 104797 106650 183501 260742 287662 63368 86039 367126 861864
leaf_count=197752 223194 484532 28567 107970 265977 535569 121066 104561 538978 8530743 417153 799840 1339723 70517 62122 76992 199002 571477 152732 15875 560907 104797 106650 183501 260742 287662 63368 86039 367126 861864
internal_value=-1.51762e-12 -0.00186091 -0.00122507 -0.0014346 0.000366546 0.000314133 -0.00190944 -0.00150417 0.000396841 0.000330185 -0.00164026 -0.00110374 0.000419396 -0.000464905 0.00369726 0.00289994 0.000640262 0.000528849 0.000459264 -0.00172212 0.000532624 -0.00389013 -0.00337647 -0.00380598 -0.000784603 -0.00323775 0.00044979 -0.000345306 -6.39172e-05 -0.000323719
internal_weight=1.7727e+07 2.91711e+06 2.22113e+06 2.13044e+06 1.48099e+07 1.45097e+07 1.73369e+06 631280 1.38784e+07 1.33428e+07 1.62572e+06 1.21699e+06 1.28039e+07 1.41024e+06 90689 300186 396754 1.13936e+07 1.08222e+07 352108 1.047e+07 695979 591182 199376 526719 408728 9.90914e+06 1.3784e+06 1.31503e+06 1.22899e+06
internal_count=17726998 2917113 2221134 2130445 14809885 14509699 1733691 631280 13878419 13342850 1625721 1216993 12803872 1410240 90689 300186 396754 11393632 10822155 352108 10470047 695979 591182 199376 526719 408728 9909140 1378397 1315029 1228990
is_linear=0
shrinkage=0.1


Tree=31
num_leaves=31
num_cat=0
split_feature=0 8 7 0 9 3 8 2 9 0 7 6 10 2 3 8 3 3 7 0 3 7 10 3 0 2 1 1 8 3
split_gain=989.255 245.466 210.322 262.738 228.076 168.331 190.345 194.612 162.384 144.497 140.949 148.426 137.139 129.55 128.461 207.291 172.282 123.684 123.252 159.728 142.681 122.3 119.392 119.289 116.331 146.423 114.038 113.098 113.869 111.831
threshold=7.5000000000000009 79227.500000000015 13044200.500000002 75.500000000000014 39491.000000000007 105634.00000000001 96848.000000000015 62.500000000000007 85101.500000000015 20.500000000000004 19091909.000000004 83012.449218750015 89436.000000000015 41.500000000000007 96415.000000000015 58870.000000000007 61575.500000000007 56711.000000000007 36377372.000000007 1.0000000180025095e-35 41277.500000000007 10919510.000000002 81939.500000000015 49701.000000000007 30.500000000000004 55.500000000000007 445.50000000000006 55.500000000000007 51517.000000000007 90010.000000000015
decision_type=2 2 2 2 2 2 2 2 2 2 2 2 2 2 2 2 2 2 2 2 2 2 2 2 2 2 2 2 2 2
left_child=18 2 3 4 23 21 7 10 -9 -6 -7 -12 -10 29 15 -15 17 -17 27 -20 -21 -3 -23 -2 25 -18 -11 -1 -29 -4
right_child=1 5 13 -5 9 6 -8 8 12 26 11 -13 -14 14 -16 16 24 -19 19 20 -22 22 -24 -25 -26 -27 -28 28 -30 -31
leaf_value=-0.0057784652647218391 7.7679513649769256e-05 -0.0087608710003857417 0.0012951704675953264 0.00052899862137715636 -0.002446851855457234 0.0067587055445700499 -0.0092271145010937999 0.0026119195622087703 -0.023304770469397496 0.0037325601781359411 -0.016337035068199418 0.0012397755405600648 -0.0058297365634577721 0.0006300372306446148 0.0016854928336808381 0.0043016991094857919 -0.0017687996260155805 -0.021217976827500876 -0.0047478800758973374 0.0066932521310183726 -0.00083828312623076759 -0.032460886154525109 -0.0025642435883153941 0.0026923104633589587 -0.00030962354815716525 -0.0087828474437877824 -0.00082135433558824529 -0.0016089348232481851 -0.004166085309073894 0.0060683742913147619
leaf_weight=158406 1601854 50697 1692992 4315477 598534 53336 21669 20916 5344 56217 5177 66735 28128 3250036 705062 2606 191720 7002 101350 27487 296296 1351 118440 195826 851202 35232 2518795 368011 330550 50550
leaf_count=158406 1601854 50697 1692992 4315477 598534 53336 21669 20916 5344 56217 5177 66735 28128 3250036 705062 2606 191720 7002 101350 27487 296296 1351 118440 195826 851202 35232 2518795 368011 330550 50550
internal_value=2.45996e-13 0.000208584 0.000267344 -4.18854e-05 -0.000537465 -0.00233168 -0.000373508 0.000694478 -0.00430037 -0.00104726 0.00286345 -2.55925e-05 -0.00861973 0.000690503 0.000433595 0.000230113 -0.00096479 -0.0142962 -0.00267541 -0.00128336 -0.000198906 -0.00464381 -0.00290142 0.000362498 -0.000845986 -0.00285766 -0.000721934 -0.003366 -0.00281895 0.00143356
internal_weight=1.7727e+07 1.64449e+07 1.60731e+07 9.2867e+06 4.97123e+06 371793 201305 179636 54388 3.17355e+06 125248 71912 33472 6.7864e+06 5.04286e+06 4.3378e+06 1.08776e+06 9608 1.2821e+06 425133 323783 170488 119791 1.79768e+06 1.07815e+06 226952 2.57501e+06 856967 698561 1.74354e+06
internal_count=17726998 16444898 16073105 9286703 4971226 371793 201305 179636 54388 3173546 125248 71912 33472 6786402 5042860 4337798 1087762 9608 1282100 425133 323783 170488 119791 1797680 1078154 226952 2575012 856967 698561 1743542
is_linear=0
shrinkage=0.1


Tree=32
num_leaves=31
num_cat=0
split_feature=0 1 0 8 3 1 1 0 7 2 1 1 5 1 0 8 3 7 1 0 10 1 0 1 0 1 0 1 0 1
split_gain=818.218 221.377 273.166 218.375 175.56 160.588 146.406 176.547 146.327 144.141 134.246 132.972 123.798 122.438 213.315 114.401 128.965 112.855 106.918 211.399 104.948 104.133 102.957 111.034 180.356 111.894 165.775 105.177 164.035 100.469
threshold=14.500000000000002 318.50000000000006 19.500000000000004 40843.500000000007 51104.500000000007 390.50000000000006 426.50000000000006 25.500000000000004 8070511.0000000009 43.500000000000007 37.500000000000007 535.50000000000011 50029.500000000007 580.50000000000011 33.500000000000007 80242.000000000015 87757.500000000015 6665579.2500000009 746.50000000000011 40.500000000000007 58226.500000000007 673.50000000000011 112.50000000000001 891.50000000000011 49.500000000000007 1092.5000000000002 60.500000000000007 1321.5000000000002 73.500000000000014 2003.5000000000002
decision_type=2 2 2 2 2 2 2 2 2 2 2 2 2 2 2 2 2 2 2 2 2 2 2 2 2 2 2 2 2 2
left_child=3 12 5 4 9 -3 20 11 -5 10 -1 -8 -2 -9 21 16 -10 -12 -16 -20 -4 -15 23 -21 -25 -26 -27 -28 -29 -30
right_child=1 2 6 8 -6 -7 7 13 15 -11 17 -13 -14 14 18 -17 -18 -19 19 22 -22 -23 -24 24 25 26 27 28 29 -31
leaf_value=-0.0055136765627237915 0.0018084983713290009 -0.00066309570286895081 0.0015529903763897648 -0.0045807227420269943 0.0032359336061303814 -0.0041951929219015511 -0.00071613688718177913 0.0017352528370636116 -0.0020506072747813703 -0.004157694155752888 -0.0015157593050288563 -0.0045586222435828518 0.0068932320715654168 -0.00072635825309230468 0.0015272501468483032 -0.0043184730173944355 0.00089128065233055995 0.0017166463198660703 -0.0019814799474546056 0.0013374617308890993 0.0062298199899728027 -0.0036185131703745689 0.00083673145071337099 -0.0017991947017098409 0.0011429426384595889 -0.0017483859749022374 0.0010120467870744607 -0.0017626284534345085 0.00037196875075095281 -0.0011676504693464308
leaf_weight=43646 154058 350196 240393 255665 118047 203533 481407 592015 1011134 115472 192115 110787 69476 422599 730472 180643 174767 246727 399176 741125 59946 176482 3239260 490548 1036819 488178 1176573 497467 3240656 487616
leaf_count=43646 154058 350196 240393 255665 118047 203533 481407 592015 1011134 115472 192115 110787 69476 422599 730472 180643 174767 246727 399176 741125 59946 176482 3239260 490548 1036819 488178 1176573 497467 3240656 487616
internal_value=-8.10279e-13 0.000264824 0.000218776 -0.00174292 -0.000288282 -0.00196138 0.000301397 0.00025554 -0.00238496 -0.000984019 -0.000224476 -0.00143498 0.00338887 0.000328513 0.000265071 -0.00197416 -0.00161706 0.000301573 0.000353223 0.000280529 0.00248646 -0.00157835 0.000359747 0.000170376 5.37709e-05 0.000184986 1.63707e-05 0.000175842 -5.69822e-05 0.000170604
internal_weight=1.7727e+07 1.53888e+07 1.51652e+07 2.33822e+06 716007 553729 1.46115e+07 1.43112e+07 1.62221e+06 597960 482488 592194 223534 1.3719e+07 1.3127e+07 1.36654e+06 1.1859e+06 438842 1.25279e+07 1.17974e+07 300339 599081 1.13982e+07 8.15898e+06 7.41786e+06 6.92731e+06 5.89049e+06 5.40231e+06 4.22574e+06 3.72827e+06
internal_count=17726998 15388782 15165248 2338216 716007 553729 14611519 14311180 1622209 597960 482488 592194 223534 13718986 13126971 1366544 1185901 438842 12527890 11797418 300339 599081 11398242 8158982 7417857 6927309 5890490 5402312 4225739 3728272
is_linear=0
shrinkage=0.1


Tree=33
num_leaves=31
num_cat=0
split_feature=0 8 3 3 2 8 2 0 9 0 3 2 8 0 9 2 2 7 0 3 10 3 9 0 8 8 3 3 5 3
split_gain=682.34 197.656 203.337 202.038 210.333 186.336 172.161 272.921 198.107 171.868 168.589 143.478 133.135 128.686 123.162 121.527 110.354 106.878 115.915 135.323 100.736 99.6894 141.854 120.329 99.518 98.6219 206.724 168.112 120.707 139.599
threshold=7.5000000000000009 66653.000000000015 81034.500000000015 97927.000000000015 60.500000000000007 96848.000000000015 48.500000000000007 21.500000000000004 50465.500000000007 39.500000000000007 122696.00000000001 44.500000000000007 91024.500000000015 44.500000000000007 53734.500000000007 38.500000000000007 63.500000000000007 25961880.000000004 1.0000000180025095e-35 40567.000000000007 63482.000000000007 66376.000000000015 52436.500000000007 69.500000000000014 49189.500000000007 75201.500000000015 86982.000000000015 67082.500000000015 82456.000000000015 80079.500000000015
decision_type=2 2 2 2 2 2 2 2 2 2 2 2 2 2 2 2 2 2 2 2 2 2 2 2 2 2 2 2 2 2
left_child=17 2 6 9 5 -5 -2 14 -9 11 13 25 -12 -6 -8 -11 -10 -1 -19 -20 -4 22 24 -24 -18 26 -3 -27 -29 -30
right_child=1 3 20 4 10 -7 7 8 16 15 12 -13 -14 -15 -16 -17 21 18 19 -21 -22 -23 23 -25 -26 27 -28 28 29 -31
leaf_value=-0.0030445323615281693 0.00046922519561957846 -0.0015372638256555165 0.0020125151300891585 0.0021341763544363308 -0.0076230746865886311 -0.0076612792910825305 -0.0016820412088013701 0.00046652774727275995 -0.00057113388236888492 0.0039938842083355576 0.0035255568194514073 -0.0052502840882180457 -0.0092723912405678517 -0.0017838119843355737 -0.0055204293921914706 -0.0011136073450051292 -0.033132108986742272 -0.0041313085431482089 0.0052201321682350992 -0.001025636967980357 0.00058016456105318632 -0.0021000282674572034 -0.028370754084764332 -0.0086490327161960149 -0.00031092136571113187 -0.032834001170686869 0.0098107280475454393 -0.013741796535161253 0.011175518118872208 -0.003749975804472944
leaf_weight=707692 7223858 85755 914804 472678 47926 20252 316035 2856813 1784420 49712 77065 196517 9087 177593 113659 740927 981 109762 37758 426888 1059869 188109 4963 8214 15853 2022 19750 9606 7396 41034
leaf_count=707692 7223858 85755 914804 472678 47926 20252 316035 2856813 1784420 49712 77065 196517 9087 177593 113659 740927 981 109762 37758 426888 1059869 188109 4963 8214 15853 2022 19750 9606 7396 41034
internal_value=-1.4577e-12 0.000173232 0.000300662 -0.000769974 0.00044609 0.00173173 0.000151836 -0.000281658 -6.80488e-05 -0.00161879 -0.00158724 -0.00342315 0.00217568 -0.00302474 -0.00269734 -0.00079247 -0.000830673 -0.00222197 -0.00120853 -0.000518094 0.00124373 -0.00295394 -0.00830625 -0.016077 -0.00222357 -0.0012544 0.000587023 -0.00448927 -0.00350172 -0.00147063
internal_weight=1.7727e+07 1.64449e+07 1.44876e+07 1.95732e+06 804601 492930 1.25129e+07 5.28905e+06 4.85935e+06 1.15272e+06 311671 362080 86152 225519 429694 790639 2.00254e+06 1.2821e+06 574408 464646 1.97467e+06 218120 30011 13177 16834 165563 105505 60058 58036 48430
internal_count=17726998 16444898 14487578 1957320 804601 492930 12512905 5289047 4859353 1152719 311671 362080 86152 225519 429694 790639 2002540 1282100 574408 464646 1974673 218120 30011 13177 16834 165563 105505 60058 58036 48430
is_linear=0
shrinkage=0.1


Tree=34
num_leaves=31
num_cat=0
split_feature=0 8 1 0 3 8 7 1 0 1 0 3 2 0 9 3 2 9 1 0 1 5 1 0 1 8 3 1 0 3
split_gain=565.738 210.541 180.56 219.477 121.32 151.473 165.455 116.568 184.612 115.533 168.028 105.142 102.171 158.532 115.868 134.086 110.016 100.307 98.4568 109.668 97.5541 97.2468 96.5325 92.1572 106.137 91.6564 90.1668 89.1688 171.993 88.5096
threshold=16.500000000000004 57596.500000000007 372.50000000000006 21.500000000000004 68701.500000000015 19073.500000000004 2086020.6875000002 490.50000000000006 28.500000000000004 636.50000000000011 34.500000000000007 62326.000000000007 41.500000000000007 4.5000000000000009 46325.500000000007 51104.500000000007 31.500000000000004 54798.000000000007 336.50000000000006 14.500000000000002 590.50000000000011 49295.500000000007 472.50000000000006 102.50000000000001 1822.5000000000002 35198.000000000007 62326.000000000007 782.50000000000011 42.500000000000007 62785.500000000007
decision_type=2 2 2 2 2 2 2 2 2 2 2 2 2 2 2 2 2 2 2 2 2 2 2 2 2 2 2 2 2 2
left_child=1 4 11 22 5 -1 -7 29 20 26 -11 -2 13 -8 15 -14 -15 -6 19 -3 -9 -16 -4 24 27 -17 -10 -12 -29 -5
right_child=2 18 3 7 17 6 12 8 9 10 23 -13 14 16 21 25 -18 -19 -20 -21 -22 -23 -24 -25 -26 -27 -28 28 -30 -31
leaf_value=0.0022818354469093141 0.0013901110537265973 -0.0024798980803238707 -0.0013788894649346365 0.00081939451560661056 0.0036738500880479268 -0.0066336522568622245 -0.002125681282085293 -0.00085813722363912472 0.0007342019162768456 -0.0018420413163309415 0.0012046657442973821 0.0052911962481034898 -0.0029137790613984835 0.0040513392591069114 -0.016378583181706565 0.0064709811679080111 3.299875525635113e-05 -0.00045564902543402574 -0.0063681486786136806 0.0033669901350030316 -0.0039981235876187429 -0.0039665471821114058 -0.0056216167749731632 0.00064940642008358494 -0.0013039503480292156 -0.00010123210083515753 0.0033218351762905186 -0.0019142144649878278 0.00018835806463864168 0.0037767328330252092
leaf_weight=126583 233960 867879 414961 292169 107825 56515 330400 453923 381382 384751 753981 98039 163471 82161 6583 28565 399078 129427 62499 33311 126523 153521 61586 4361172 520008 82521 208159 414938 6236274 154833
leaf_count=126583 233960 867879 414961 292169 107825 56515 330400 453923 381382 384751 753981 98039 163471 82161 6583 28565 399078 129427 62499 33311 126523 153521 61586 4361172 520008 82521 208159 414938 6236274 154833
internal_value=-9.63157e-13 -0.00135339 0.000235806 0.000183947 -0.000673081 -0.00102067 -0.00134155 0.000254359 0.000203029 0.000279438 0.00021577 0.0025421 -0.00110157 -0.000438981 -0.00233883 -0.00109204 0.000719042 0.0014211 -0.00252996 -0.00226378 -0.00154258 -0.00447689 -0.00192719 0.000280211 7.70457e-05 0.00158877 0.00164786 0.000174022 5.71884e-05 0.00184376
internal_weight=1.7727e+07 2.63034e+06 1.50967e+07 1.47647e+07 1.66665e+06 1.4294e+06 1.30282e+06 1.42881e+07 1.38411e+07 1.32607e+07 1.26711e+07 331999 1.2463e+06 811639 434661 274557 481239 237252 963689 901190 580446 160104 476547 1.22864e+07 7.9252e+06 111086 589541 7.40519e+06 6.65121e+06 447002
internal_count=17726998 2630339 15096659 14764660 1666650 1429398 1302815 14288113 13841111 13260665 12671124 331999 1246300 811639 434661 274557 481239 237252 963689 901190 580446 160104 476547 12286373 7925201 111086 589541 7405193 6651212 447002
is_linear=0
shrinkage=0.1


Tree=35
num_leaves=31
num_cat=0
split_feature=0 8 1 7 0 8 3 3 2 3 10 2 2 3 10 2 4 4 3 3 6 3 5 10 2 7 1 3 3 9
split_gain=468.753 167.8 148.387 138.82 160.024 152.582 194.977 143.425 130.775 123.49 130.925 131.956 125.977 166.739 119.246 123.671 117.831 116.566 110.989 105.817 153.907 104.452 98.0575 134.875 97.2849 97.1667 95.0301 131.109 93.6814 234.614
threshold=8.5000000000000018 79227.500000000015 192.50000000000003 13044200.500000002 84.500000000000014 54640.000000000007 70025.000000000015 78440.500000000015 62.500000000000007 105634.00000000001 98001.500000000015 44.500000000000007 62.500000000000007 118002.50000000001 41938.500000000007 33.500000000000007 60524.500000000007 46842.500000000007 68962.500000000015 108051.50000000001 71909.851562500015 49701.000000000007 58419.000000000007 56817.000000000007 68.500000000000014 16568681.500000002 37.500000000000007 35602.500000000007 90923.500000000015 76051.500000000015
decision_type=2 2 2 2 2 2 2 2 2 2 2 2 2 2 2 2 2 2 2 2 2 2 2 2 2 2 2 2 2 2
left_child=25 2 -2 4 5 6 14 17 28 -3 12 -12 16 -14 21 -16 -11 18 -7 20 -10 -4 23 -17 -15 -1 -27 -28 29 -9
right_child=1 9 3 -5 -6 7 -8 8 19 10 11 -13 13 24 15 22 -18 -19 -20 -21 -22 -23 -24 -25 -26 26 27 -29 -30 -31
leaf_value=-0.0027176899225455405 0.0038922156672142163 -0.0039840099983772881 -0.00011864068669970559 0.00052319994002957438 0.00043024941175023499 -0.040257092333323641 0.0020707466771220299 0.0002401888521729143 -0.0025676453526663028 -0.0090216759023787965 0.0049833530912019586 -0.0087001187820266619 -0.010961481790818973 -0.0069041761424022425 0.0035824151967755141 -0.0012531790522687927 0.0038460423892281246 -0.0022760486902401941 -0.00017117851311863804 0.0021338229800868282 -0.011901204863460406 0.001930585079186725 0.0023473885831549186 -0.012359751100032691 0.0046569397856483195 -0.0029173481219176155 0.0057289381208684197 -0.0007773506039496969 0.0023132177851957528 -0.0094821113117490256
leaf_weight=589283 108182 165799 1808948 6664228 3705232 1577 371676 328269 114271 7661 9224 29868 17650 10606 57164 1448359 100091 679892 1229 35359 20898 288390 75996 11017 23200 205513 32630 609414 178521 26851
leaf_count=589283 108182 165799 1808948 6664228 3705232 1577 371676 328269 114271 7661 9224 29868 17650 10606 57164 1448359 100091 679892 1229 35359 20898 288390 75996 11017 23200 205513 32630 609414 178521 26851
internal_value=1.70672e-13 0.00015272 0.000201248 0.000176004 -7.6768e-05 -0.000421569 -0.000112334 -0.00132719 -0.000325871 -0.00196993 -0.000285952 -0.00547142 0.000987289 -0.00308331 -0.000332233 -0.00098462 0.00293117 -0.00235999 -0.0226999 -0.00273661 -0.00401067 0.000163134 -0.00115466 -0.00133702 0.00102986 -0.00173146 -0.00104577 -0.000446688 0.000444494 -0.000494925
internal_weight=1.7727e+07 1.62902e+07 1.59261e+07 1.58179e+07 9.15365e+06 5.44842e+06 4.06155e+06 1.38687e+06 704169 364099 198300 39092 159208 51456 3.68987e+06 1.59254e+06 107752 682698 2806 170528 135169 2.09734e+06 1.53537e+06 1.45938e+06 33806 1.43684e+06 847557 642044 533641 355120
internal_count=17726998 16290158 15926059 15817877 9153649 5448417 4061550 1386867 704169 364099 198300 39092 159208 51456 3689874 1592536 107752 682698 2806 170528 135169 2097338 1535372 1459376 33806 1436840 847557 642044 533641 355120
is_linear=0
shrinkage=0.1


Tree=36
num_leaves=31
num_cat=0
split_feature=0 8 3 2 2 0 2 1 0 2 4 7 7 7 8 1 1 1 3 4 9 3 9 7 2 10 3 6 2 5
split_gain=401.665 188.129 143.108 158.35 139.685 137.292 162.831 132.518 168.918 99.2687 131.379 96.249 93.4243 91.803 108.27 89.2253 86.9864 84.9096 84.3278 156.157 121.437 80.9462 151.405 178.872 118.001 183.083 99.1641 119.873 112.93 128.002
threshold=18.500000000000004 64525.500000000007 85469.500000000015 47.500000000000007 61.500000000000007 3.5000000000000004 33.500000000000007 426.50000000000006 23.500000000000004 62.500000000000007 72178.500000000015 3757040.5000000005 40647240.000000007 6804920.5000000009 76243.500000000015 390.50000000000006 508.50000000000006 18.500000000000004 103716.00000000001 61878.000000000007 66584.500000000015 106575.50000000001 81850.500000000015 10919510.000000002 51.500000000000007 83324.000000000015 86982.000000000015 69317.449218750015 44.500000000000007 83090.000000000015
decision_type=2 2 2 2 2 2 2 2 2 2 2 2 2 2 2 2 2 2 2 2 2 2 2 2 2 2 2 2 2 2
left_child=1 2 3 5 -4 12 -7 -2 16 21 18 -8 -1 -12 -15 -3 -9 -14 19 -11 -21 22 26 24 -24 -26 27 -10 -29 -30
right_child=7 15 4 -5 -6 6 11 8 9 10 13 -13 17 14 -16 -17 -18 -19 -20 20 -22 -23 23 -25 25 -27 -28 28 29 -31
leaf_value=-0.0030616065551468175 0.0018882979091001013 -0.0022934357240612085 0.0045060235423112866 -0.0025246442909202566 -0.0045217258775011185 0.0023629690851372717 -0.0027628348455881382 -0.0011656596761672792 0.00027636942127370163 -0.00036916454157839222 -0.010609472612368984 -4.2164596882822463e-05 -0.0046113559265739375 -0.028190565032514742 -0.001805098315401747 -0.0085052933613382255 -0.0049633357678657052 0.0018845539235396412 0.0013160609020274828 -0.021476731626891246 -0.003928813574751124 0.0020113465628607743 -0.0050654987074435368 -0.0011534931999752196 -0.039634015267897421 -0.010375148047912848 0.0012066032142013774 0.0007932437507049702 -0.0034971485780451433 0.007644641221617338
leaf_weight=267251 456654 672032 92562 428721 21034 258681 152340 325854 10586668 1078771 19215 887899 26230 1602 53197 23947 74013 86416 252644 4139 83564 272978 18368 108421 2918 8007 1114123 125427 212485 10837
leaf_count=267251 456654 672032 92562 428721 21034 258681 152340 325854 10586668 1078771 19215 887899 26230 1602 53197 23947 74013 86416 252644 4139 83564 272978 18368 108421 2918 8007 1114123 125427 212485 10837
internal_value=-3.08057e-13 -0.00107254 -0.000623007 -0.000809361 0.0028344 -0.000371327 0.000117734 0.000211259 0.000157903 0.000215977 -0.000554537 -0.000440599 -0.0020435 -0.00466193 -0.00257645 -0.00250717 -0.00186859 0.000371959 -0.000340316 -0.000699067 -0.00475696 0.000308309 0.000270164 -0.00302679 -0.00996036 -0.01819 0.000307844 0.000216277 -0.0016079 -0.00295648
internal_weight=1.7727e+07 2.91711e+06 2.22113e+06 2.10754e+06 113596 1.67882e+06 1.29892e+06 1.48099e+07 1.43532e+07 1.39534e+07 1.49313e+06 1.04024e+06 379897 74014 54799 695979 399867 112646 1.41912e+06 1.16647e+06 87703 1.24602e+07 1.21873e+07 137714 29293 10925 1.20495e+07 1.09354e+07 348749 223322
internal_count=17726998 2917113 2221134 2107538 113596 1678817 1298920 14809885 14353231 13953364 1493132 1040239 379897 74014 54799 695979 399867 112646 1419118 1166474 87703 12460232 12187254 137714 29293 10925 12049540 10935417 348749 223322
is_linear=0
shrinkage=0.1


Tree=37
num_leaves=31
num_cat=0
split_feature=0 1 0 1 0 8 7 1 0 2 0 9 3 2 3 10 3 9 3 2 9 8 10 6 3 1 3 4 5 3
split_gain=333.809 208.065 184.947 126.386 146.661 120.212 134.311 112.323 111.378 101.406 105.344 109.715 136.132 128.188 119.381 118.42 117.595 168.013 157.529 241.232 148.422 126.463 104.707 113.799 92.9594 85.9677 83.6323 109.761 213.441 216.344
threshold=11.500000000000002 264.50000000000006 16.500000000000004 363.50000000000006 20.500000000000004 20438.000000000004 2734668.2500000005 318.50000000000006 13.500000000000002 55.500000000000007 88.500000000000014 71653.000000000015 115288.50000000001 60.500000000000007 92887.500000000015 98001.500000000015 81877.000000000015 51787.500000000007 66376.000000000015 60.500000000000007 52776.500000000007 49189.500000000007 66487.500000000015 69317.449218750015 91449.000000000015 445.50000000000006 74088.500000000015 60524.500000000007 66128.500000000015 62326.000000000007
decision_type=2 2 2 2 2 2 2 2 2 2 2 2 2 2 2 2 2 2 2 2 2 2 2 2 2 2 2 2 2 2
left_child=5 -2 7 -4 25 -1 -7 8 -3 26 11 16 13 -13 24 -14 17 -11 19 -19 21 -21 -18 -24 -15 -5 27 -6 -29 -30
right_child=1 2 3 4 9 6 -8 -9 -10 10 -12 12 15 14 -16 -17 22 18 -20 20 -22 -23 23 -25 -26 -27 -28 28 29 -31
leaf_value=0.0020783326647897489 0.0033090170239153264 -0.0021976792585453055 0.0024188688035951689 -0.0010441633724882873 0.00024636593041317019 -0.0060225525478479237 -0.0012814661180070496 -0.0031486513764707861 0.001666972674706617 -0.00012016010745733478 0.00033392799642483596 -0.0014720614898193441 0.0022742561466804661 -0.011231557492580237 -0.004997793401566978 -0.011332714023181064 0.0017141237997352248 -0.0028376694632163517 -0.0017641950266910741 -0.03157616589011418 -0.022036287014238848 0.0012140209176519602 -0.0021413315447124659 0.0027710269793078421 -0.033033864043590398 -0.0047889800722888398 0.00088707337816684587 -0.027422094370788876 -0.027468442322146798 -0.0013440799322113602
leaf_weight=102354 205793 154302 246950 313969 8100015 61891 1729304 268474 144321 793815 1748774 117063 72475 10968 91824 7015 386068 44181 378522 1440 13681 6420 188067 62941 2380 76175 2283312 3435 3266 107803
leaf_count=102354 205793 154302 246950 313969 8100015 61891 1729304 268474 144321 793815 1748774 117063 72475 10968 91824 7015 386068 44181 378522 1440 13681 6420 188067 62941 2380 76175 2283312 3435 3266 107803
internal_value=-2.87363e-13 0.000150066 0.000108467 0.000175222 0.00013782 -0.00125482 -0.00144528 -0.00166437 -0.000329938 0.000189569 -0.000244034 -0.000708338 -0.00247816 -0.00374851 -0.00628233 0.00107344 -0.000423559 -0.00099163 -0.00254885 -0.00706803 -0.0157446 -0.00479334 0.000680399 -0.000909543 -0.015119 -0.00177533 0.000351714 0.000202905 -0.00287154 -0.00211227
internal_weight=1.7727e+07 1.58334e+07 1.56277e+07 1.50606e+07 1.48136e+07 1.89355e+06 1.7912e+06 567097 298623 1.44235e+07 3.92563e+06 2.17686e+06 301725 222235 105172 79490 1.87514e+06 1.23806e+06 444244 65722 21541 7860 637076 251008 13348 390144 1.04978e+07 8.21452e+06 114504 111069
internal_count=17726998 15833449 15627656 15060559 14813609 1893549 1791195 567097 298623 14423465 3925634 2176860 301725 222235 105172 79490 1875135 1238059 444244 65722 21541 7860 637076 251008 13348 390144 10497831 8214519 114504 111069
is_linear=0
shrinkage=0.1


Tree=38
num_leaves=31
num_cat=0
split_feature=0 2 0 3 8 3 3 4 8 2 3 0 2 10 3 5 4 4 1 4 5 4 7 9 3 3 8 2 3 9
split_gain=280.947 133.731 194.101 120.215 268.222 151.602 147.334 156.329 132.423 136.529 127.671 104.01 102.742 101.159 122.711 110.688 93.8587 224.564 113.523 93.7018 117.632 105.99 85.9256 83.2535 140.632 122.084 89.8337 88.6418 82 81.5321
threshold=7.5000000000000009 51.500000000000007 30.500000000000004 85469.500000000015 73406.500000000015 92887.500000000015 90010.000000000015 70365.000000000015 66653.000000000015 36.500000000000007 74773.500000000015 57.500000000000007 40.500000000000007 56312.500000000007 75641.500000000015 57619.500000000007 38849.500000000007 37893.000000000007 855.50000000000011 83428.500000000015 82456.000000000015 63750.000000000007 40647240.000000007 54798.000000000007 69734.000000000015 106575.50000000001 96848.000000000015 61.500000000000007 70025.000000000015 78949.500000000015
decision_type=2 2 2 2 2 2 2 2 2 2 2 2 2 2 2 2 2 2 2 2 2 2 2 2 2 2 2 2 2 2
left_child=22 3 23 8 16 6 -6 12 10 -10 -2 -11 -8 28 15 -15 17 -5 -18 20 21 -7 -1 24 -3 -25 27 -27 -4 -23
right_child=1 2 13 4 5 19 7 -9 9 11 -12 -13 -14 14 -16 -17 18 -19 -20 -21 -22 29 -24 25 -26 26 -28 -29 -30 -31
leaf_value=-0.0019584762058638644 0.00020038335087955409 -0.0018035476086209288 8.8193485262147916e-05 0.0002342980249507418 -0.0012143743797920713 -0.018380778914023715 0.0078276653599756753 -0.015737159996142492 0.0026740358282108193 -0.0041948809554761286 0.0015785376381555413 -0.00063069135160736536 -0.0085388284255755245 -0.011800043952878956 -0.00013946653358937219 -0.0016580093597491474 0.0055166340865320691 -0.042883854675932115 0.0021927080293589257 -0.0045116938757286213 0.0024546569018806595 0.000634969399928246 -0.00016767632249805543 -0.0034209607966815946 0.0019973217273904363 0.0045177775542221774 -0.018416708775889048 -0.002218071587217586 0.0013522674779215466 -0.019718757824838808
leaf_weight=900716 8164397 331281 2018466 64285 65002 4768 6270 17995 63592 161622 732508 165936 9879 11008 2241441 479539 168175 1231 264116 29844 166909 16985 381384 350292 137854 42999 2342 35805 688131 2226
leaf_count=900716 8164397 331281 2018466 64285 65002 4768 6270 17995 63592 161622 732508 165936 9879 11008 2241441 479539 168175 1231 264116 29844 166909 16985 381384 350292 137854 42999 2342 35805 688131 2226
internal_value=-1.2314e-12 0.000111158 -0.000248897 0.000337014 0.00149944 -0.000759958 -0.00400826 -0.00932714 0.000234679 -0.00156613 0.000313851 -0.00238932 -0.00218438 -2.37246e-05 -0.000452997 -0.0018856 0.00295127 -0.000575862 0.00348582 0.000699078 0.00151375 -0.0050356 -0.00142577 -0.00160872 -0.000686673 -0.00261133 0.000883715 0.00145731 0.000409574 -0.00172344
internal_weight=1.7727e+07 1.64449e+07 6.33916e+06 1.01057e+07 817685 319878 99146 34144 9.28806e+06 391150 8.8969e+06 327558 16149 5.43858e+06 2.73199e+06 490547 497807 65516 432291 220732 190888 23979 1.2821e+06 900573 469135 431438 81146 78804 2.7066e+06 19211
internal_count=17726998 16444898 6339158 10105740 817685 319878 99146 34144 9288055 391150 8896905 327558 16149 5438585 2731988 490547 497807 65516 432291 220732 190888 23979 1282100 900573 469135 431438 81146 78804 2706597 19211
is_linear=0
shrinkage=0.1


Tree=39
num_leaves=31
num_cat=0
split_feature=0 2 0 9 3 2 3 10 1 0 9 3 5 5 8 3 9 9 7 2 3 1 5 9 9 3 5 9 3 9
split_gain=236.688 146.858 154.242 107.638 152.218 111.95 117.317 109.975 88.1398 120.719 87.3617 182.427 104.055 98.5338 97.0378 95.7402 105.27 86.4223 86.0543 84.7075 83.0392 82.9259 79.8594 81.3594 76.4781 148.888 99.7796 75.3758 103.439 94.1232
threshold=5.5000000000000009 36.500000000000007 20.500000000000004 80909.500000000015 105634.00000000001 49.500000000000007 87757.500000000015 65826.500000000015 472.50000000000006 26.500000000000004 59062.000000000007 65845.000000000015 64537.500000000007 64125.500000000007 49666.500000000007 58725.500000000007 48204.500000000007 63704.500000000007 12163292.500000002 47.500000000000007 62785.500000000007 572.50000000000011 68814.500000000015 69429.500000000015 42390.000000000007 46662.500000000007 49295.500000000007 53561.500000000007 49701.000000000007 40524.000000000007
decision_type=2 2 2 2 2 2 2 2 2 2 2 2 2 2 2 2 2 2 2 2 2 2 2 2 2 2 2 2 2 2
left_child=18 -2 3 4 5 6 10 -8 20 21 11 13 -12 14 15 24 -17 -14 -1 -6 -4 -10 -19 -24 25 -3 -26 28 -7 -30
right_child=1 2 8 -5 19 27 7 -9 9 -11 12 -13 17 -15 -16 16 -18 22 -20 -21 -22 -23 23 -25 26 -27 -28 -29 29 -31
leaf_value=-0.0031697808109425493 0.00094160381372854977 -0.0011312016802852282 0.0003961955647209201 -0.0042462401403532014 0.016562986718228069 -0.0041937775137756888 0.014204838066994189 0.0021733272405035898 -0.00098930294583909873 0.00011687788770396458 -0.0070873898765891098 0.0035576736238474059 0.0017966283355522446 0.017628849366701557 -0.0037836948224132562 0.0064985264858089505 -0.00096014170695154068 -0.0073291699065063448 -0.00098141416888070142 0.0034096196106272558 0.0033580410623709257 -0.0048222284687610504 0.00090860308317633844 -0.0038087947596820112 -0.0055787030362589142 0.003588896298140889 -0.00033244079919551617 -0.0033693057605349271 0.0040912323477450205 -0.00097286731559531538
leaf_weight=238532 1798283 277227 237772 90284 5598 73721 8673 61247 374689 12316736 36285 120249 64236 2931 91047 40746 35330 28560 728479 39047 157267 66457 70184 76311 66031 88054 80388 240582 47215 164837
leaf_count=238532 1798283 277227 237772 90284 5598 73721 8673 61247 374689 12316736 36285 120249 64236 2931 91047 40746 35330 28560 728479 39047 157267 66457 70184 76311 66031 88054 80388 240582 47215 164837
internal_value=-1.02184e-12 8.77706e-05 -1.48537e-05 -0.000880676 -0.000703861 -0.000857565 -0.000303685 0.00366574 0.000104214 5.8662e-05 -0.000561246 -3.3447e-05 -0.00209729 -0.000666855 -0.000745852 -0.000275288 0.00303469 -0.00134061 -0.00152122 0.00505891 0.00157532 -0.00156672 -0.00249181 -0.00154875 -0.000767392 6.6169e-06 -0.00269836 -0.00206507 -0.000967084 0.000154693
internal_weight=1.7727e+07 1.676e+07 1.49617e+07 1.80878e+06 1.7185e+06 1.67385e+06 1.1475e+06 69920 1.31529e+07 1.27579e+07 1.07758e+06 802003 275576 681754 678823 587776 76076 239291 967011 44645 395039 441146 175055 146495 511700 365281 146419 526355 285773 212052
internal_count=17726998 16759987 14961704 1808783 1718499 1673854 1147499 69920 13152921 12757882 1077579 802003 275576 681754 678823 587776 76076 239291 967011 44645 395039 441146 175055 146495 511700 365281 146419 526355 285773 212052
is_linear=0
shrinkage=0.1


Tree=40
num_leaves=31
num_cat=0
split_feature=8 1 7 0 4 7 9 3 9 7 0 2 3 10 1 3 9 2 3 9 10 3 4 8 10 2 8 5 3 9
split_gain=196.602 151.982 130.204 132.219 127.021 121.338 114.883 110.11 125.805 100.807 95.7279 89.5325 102.983 88.062 85.9176 96.1046 155.922 107.726 165.941 141.338 122.527 93.3814 87.786 86.4189 94.5491 80.9811 97.298 80.7395 79.553 88.3912
threshold=78419.500000000015 46.500000000000007 21268933.000000004 51.500000000000007 24788.500000000004 3091837.8750000005 63704.500000000007 65845.000000000015 56508.500000000007 5444012.7500000009 48.500000000000007 50.500000000000007 64511.000000000007 64277.000000000007 982.50000000000011 46363.000000000007 40524.000000000007 62.500000000000007 86234.500000000015 69429.500000000015 67389.500000000015 79063.500000000015 57502.000000000007 36114.500000000007 38077.500000000007 54.500000000000007 51242.000000000007 39271.000000000007 62989.500000000007 46012.000000000007
decision_type=2 2 2 2 2 2 2 2 2 2 2 2 2 2 2 2 2 2 2 2 2 2 2 2 2 2 2 2 2 2
left_child=1 -1 3 4 -3 6 7 8 25 -2 -11 -10 -13 -8 15 23 -17 18 19 21 -20 -18 -21 27 -25 28 -27 -7 29 -6
right_child=9 2 -4 -5 5 14 13 -9 11 10 -12 12 -14 -15 -16 16 17 -19 20 22 -22 -23 -24 24 -26 26 -28 -29 -30 -31
leaf_value=-0.0025064083615386071 -0.0070919633616032167 0.00070145562969680211 0.00054408581652474369 0.00018669414108348585 -0.00099442001368654363 -0.001539854653373098 -0.040583085478638037 0.001943279081214722 -0.017812635071666229 -0.0025458382705718743 7.2864715280147462e-05 0.010556906842918811 -0.061359803698378616 -0.0067923197101542364 -0.0026174388079817832 0.0022421646348767766 -0.00050302983984975419 -0.0027016002294584281 0.0051793224304802956 -0.028038520083188884 0.000695645694834746 0.0019746725512900729 -0.0032134586528918367 -0.026658083403047469 -0.0029934593579706869 -0.0045930207136696986 -0.027390992792547371 0.0020934399677631477 0.0065040879262961955 -0.0054921247554598415
leaf_weight=227198 33588 752731 4705919 7465906 266618 228324 788 69661 8464 335323 239152 2193 219 36273 181850 248364 1701502 185807 86851 1438 204360 167045 151078 1702 210259 64480 1928 83541 12177 52259
leaf_count=227198 33588 752731 4705919 7465906 266618 228324 788 69661 8464 335323 239152 2193 219 36273 181850 248364 1701502 185807 86851 1438 204360 167045 151078 1702 210259 64480 1928 83541 12177 52259
internal_value=7.05146e-14 6.27643e-05 9.73203e-05 -7.52117e-05 -0.000489491 -0.000715461 -0.00214723 -0.00173137 -0.00235825 -0.00176702 -0.00145568 -0.0129692 0.00402716 -0.00751079 -0.00050184 -0.000384198 -0.000147449 -0.000385029 -0.000198877 -0.000520444 0.00203286 -0.000281527 -0.00344752 -0.00162549 -0.00318348 -0.0020679 -0.00525491 -0.000566584 -0.0014286 -0.00173152
internal_weight=1.7727e+07 1.71189e+07 1.68917e+07 1.21858e+07 4.71991e+06 3.96718e+06 515060 477999 408338 608063 574475 10876 2412 37061 3.45212e+06 3.27027e+06 2.74644e+06 2.49808e+06 2.31227e+06 2.02106e+06 291211 1.86855e+06 152516 523826 211961 397462 66408 311865 331054 318877
internal_count=17726998 17118935 16891737 12185818 4719912 3967181 515060 477999 408338 608063 574475 10876 2412 37061 3452121 3270271 2746445 2498081 2312274 2021063 291211 1868547 152516 523826 211961 397462 66408 311865 331054 318877
is_linear=0
shrinkage=0.1


Tree=41
num_leaves=31
num_cat=0
split_feature=8 3 9 5 5 2 5 9 5 2 3 8 3 9 5 8 2 9 3 0 7 0 2 4 0 7 5 0 0 5
split_gain=167.02 172.911 188.621 160.042 152.174 150.028 143.349 144.703 145.042 132.679 117.467 136.318 125.83 115.933 115.844 105.779 103.796 122.014 123.434 96.1102 95.346 94.4 103.741 93.7002 90.8982 90.7122 89.2864 93.4791 87.3546 100.579
threshold=71933.000000000015 87757.500000000015 59062.000000000007 62620.500000000007 62248.500000000007 55.500000000000007 80098.000000000015 80258.500000000015 83090.000000000015 46.500000000000007 73077.000000000015 44635.000000000007 59030.000000000007 76051.500000000015 48313.500000000007 33475.000000000007 62.500000000000007 52606.500000000007 64021.500000000007 26.500000000000004 3832455.1250000005 34.500000000000007 51.500000000000007 65148.000000000007 11.500000000000002 4783147.5000000009 50357.500000000007 65.500000000000014 43.500000000000007 84465.500000000015
decision_type=2 2 2 2 2 2 2 2 2 2 2 2 2 2 2 2 2 2 2 2 2 2 2 2 2 2 2 2 2 2
left_child=1 2 4 -4 10 23 9 -8 20 13 11 12 15 -2 19 -1 24 -18 -19 -13 -9 22 -5 -3 -16 -10 27 -17 29 -27
right_child=6 5 3 21 -6 -7 7 8 25 -11 -12 14 -14 -15 16 26 17 18 -20 -21 -22 -23 -24 -25 -26 28 -28 -29 -30 -31
leaf_value=0.00044573279197354377 0.0025292950298692338 0.0018490548768061007 -0.0033687159093416723 -0.00091987801505702405 0.0021437307338689491 0.00031338851512016376 0.00095881750246838639 0.0089064654419761507 -0.0082589299826624392 -0.0047789737852260436 0.0011023480892806085 -0.013127663285850251 0.0012903345201810469 -0.007405803809767986 -0.0020656122906051746 -0.001121620033276329 -0.00098776542159795082 -0.026081790243485444 -0.0057528120031655229 -0.0029608453783743272 -0.014826962248515036 -0.00010327068851576317 -0.003951832039363592 0.0056759618334183033 -0.00015648791937986935 -0.010885593161757941 0.0017276171404259971 6.3710745972353006e-05 0.0002047140068028571 -0.0017603852356946064
leaf_weight=3393888 54738 542245 215317 778271 373265 994445 391509 1969 17893 171026 1046537 10930 974596 14954 274161 1331510 98473 3189 47100 62281 12063 1744641 131989 72539 2760738 12488 187642 1329802 308248 368551
leaf_count=3393888 54738 542245 215317 778271 373265 994445 391509 1969 17893 171026 1046537 10930 974596 14954 274161 1331510 98473 3189 47100 62281 12063 1744641 131989 72539 2760738 12488 187642 1329802 308248 368551
internal_value=-9.66814e-13 8.825e-05 -1.90357e-05 -0.000746642 0.000156546 0.00107257 -0.00106763 -0.000588953 -0.00142916 -0.0032803 9.2163e-05 -8.76934e-06 0.000233569 0.000397494 -0.000545807 6.8593e-05 -0.000455367 -0.00303438 -0.00704194 -0.0044787 -0.0114966 -0.000533987 -0.00135952 0.0023006 -0.000328951 -0.0012294 -0.000380684 -0.000529335 -0.00104692 -0.00205945
internal_weight=1.7727e+07 1.63736e+07 1.47643e+07 2.87022e+06 1.18941e+07 1.60923e+06 1.35344e+06 1.11272e+06 721212 240718 1.15208e+07 1.04743e+07 7.21744e+06 69692 3.25687e+06 6.24284e+06 3.18366e+06 148762 50289 73211 14032 2.6549e+06 910260 614784 3.0349e+06 707180 2.84895e+06 2.66131e+06 689287 381039
internal_count=17726998 16373559 14764330 2870218 11894112 1609229 1353439 1112721 721212 240718 11520847 10474310 7217438 69692 3256872 6242842 3183661 148762 50289 73211 14032 2654901 910260 614784 3034899 707180 2848954 2661312 689287 381039
is_linear=0
shrinkage=0.1


Tree=42
num_leaves=31
num_cat=0
split_feature=0 2 0 3 4 4 8 3 4 3 3 10 2 8 2 9 10 3 2 3 3 3 3 9 7 7 8 3 5 8
split_gain=146.624 132.096 157.515 88.278 135.396 84.2794 77.7806 301.117 279.14 155.322 117.658 126.436 109.397 98.7783 121.158 97.3918 251.877 128.319 118.341 86.8831 136.688 108.14 83.9005 100.88 83.267 87.9288 110.12 82.4777 90.0674 81.1765
threshold=5.5000000000000009 42.500000000000007 17.500000000000004 63511.500000000007 59359.500000000007 61519.000000000007 61681.500000000007 62989.500000000007 54837.500000000007 77782.500000000015 106575.50000000001 98001.500000000015 59.500000000000007 43662.000000000007 62.500000000000007 80909.500000000015 83324.000000000015 90357.000000000015 56.500000000000007 92887.500000000015 90010.000000000015 89216.000000000015 66376.000000000015 52606.500000000007 39552264.000000007 6604011.5000000009 85037.500000000015 64758.000000000007 64537.500000000007 91024.500000000015
decision_type=2 2 2 2 2 2 2 2 2 2 2 2 2 2 2 2 2 2 2 2 2 2 2 2 2 2 2 2 2 2
left_child=-1 3 -3 4 -2 -6 9 8 -8 13 12 24 15 -4 -15 17 18 27 -17 20 21 -18 23 -16 25 26 -12 -9 -29 -13
right_child=1 2 6 -5 5 -7 7 10 -10 -11 11 29 -14 14 22 16 19 -19 -20 -21 -22 -23 -24 -25 -26 -27 -28 28 -30 -31
leaf_value=-0.0011973076631912236 0.00032954390308424656 -0.0013348927991603584 0.00029662605022291527 0.0013664679700753374 -0.015768194122170967 0.0057217595493917403 -0.047677035262619322 0.010037852012158902 -0.0082184456783908743 0.0010363121110192636 -0.00014277704216970698 0.0047789635227576078 -0.0020705042765109525 -0.00027670875435696163 -0.0034611223071740007 -0.01024824132613826 -0.0055895297209653493 0.0012572343929542892 -0.032129209118141822 0.00071171729941878746 -0.013036728544950133 0.010618217655924089 -0.0014350941444708509 -0.012620015266845822 -0.0012558578933734299 0.0028476872165402976 -0.015845895816043707 -0.020858366997488935 -0.00081299337366393066 -0.0079858910513379722
leaf_weight=967011 3699043 959781 3708980 975155 8229 2345 2415 6995 6959 1584552 43780 6325 481744 3095110 54801 16071 11461 464540 2921 75943 13719 6424 193389 15407 89037 287994 4973 2247 916185 23462
leaf_count=967011 3699043 959781 3708980 975155 8229 2345 2415 6995 6959 1584552 43780 6325 481744 3095110 54801 16071 11461 464540 2921 75943 13719 6424 193389 15407 89037 287994 4973 2247 916185 23462
internal_value=-6.63888e-13 6.90818e-05 -0.000105784 0.000519807 0.000297243 -0.0110024 3.45305e-07 -0.000495433 -0.0183841 0.000141488 -0.000427095 0.00102313 -0.000757725 -5.91289e-05 -0.000451985 -0.000340698 -0.0029967 -9.89021e-05 -0.0136136 -0.00112185 -0.00552781 0.000232029 -0.00251005 -0.00547102 0.00146376 0.00218284 -0.00174456 -0.000779647 -0.000862036 -0.00527539
internal_weight=1.7727e+07 1.676e+07 1.20752e+07 4.68477e+06 3.70962e+06 10574 1.11154e+07 2.4632e+06 9374 8.65224e+06 2.45382e+06 455571 1.99825e+06 7.06769e+06 3.35871e+06 1.51651e+06 126539 1.38997e+06 18992 107547 31604 17885 263597 70208 425784 336747 48753 925427 918432 29787
internal_count=17726998 16759987 12075215 4684772 3709617 10574 11115434 2463195 9374 8652239 2453821 455571 1998250 7067687 3358707 1516506 126539 1389967 18992 107547 31604 17885 263597 70208 425784 336747 48753 925427 918432 29787
is_linear=0
shrinkage=0.1


Tree=43
num_leaves=31
num_cat=0
split_feature=8 3 1 2 3 0 8 5 4 3 4 6 8 3 2 0 7 8 6 3 3 8 8 10 3 3 9 5 4 7
split_gain=130.855 125.494 106.837 106.377 173.054 118.681 92.4514 129.874 120.211 100.832 110.572 96.9595 90.9507 88.8688 87.9981 112.859 79.7322 82.9764 78.9121 174.396 95.9264 95.3821 92.9959 89.169 116.277 76.4713 154.822 224.433 123.395 113.41
threshold=80242.000000000015 118002.50000000001 46.500000000000007 55.500000000000007 98805.000000000015 37.500000000000007 73915.500000000015 80624.500000000015 64707.000000000007 84544.500000000015 65541.500000000015 77542.898437500015 79227.500000000015 76643.500000000015 34.500000000000007 11.500000000000002 2734668.2500000005 22399.000000000004 42125.851562500007 49701.000000000007 66376.000000000015 53111.000000000007 27566.500000000004 62637.000000000007 83498.000000000015 62989.500000000007 57580.500000000007 59092.500000000007 56445.500000000007 10052032.500000002
decision_type=2 2 2 2 2 2 2 2 2 2 2 2 2 2 2 2 2 2 2 2 2 2 2 2 2 2 2 2 2 2
left_child=1 2 -1 4 6 18 9 8 -8 10 14 -12 -7 -10 -4 16 -16 -18 19 22 21 -20 -5 24 -22 28 -27 -28 -17 -30
right_child=-2 -3 3 5 -6 12 7 -9 13 -11 11 -13 -14 -15 15 25 17 -19 20 -21 23 -23 -24 -25 -26 26 27 -29 29 -31
leaf_value=-0.0021016372080659143 -0.0016477001995672596 0.0029606893199223975 0.00085701300855869434 0.00052397621473679594 0.002638550936805741 -0.00012339375516427035 -0.016846816877359738 -0.00064852752906280038 0.0056681888569213492 0.001280812765569332 -0.0036093180502690461 0.0093750736621193761 -0.009771669167436943 -0.0061968999832524158 -0.0048761062314988633 -6.3181403565151854e-05 0.0033942681371011332 -0.0011251348383740328 -0.0046149618956762388 0.0030411596798706302 -0.001920512858944288 -0.020169071687582793 -0.0075344106105596888 -0.0030889698832463879 0.0026599055347661035 0.0012293511149913984 -0.028239535607667385 -0.00010886326049021249 -0.0029822130725419066 -0.020723478141647423
leaf_weight=234128 469227 146347 1458628 25968 281773 3221202 8829 227428 7739 771046 112117 6062 9800 34249 52945 6026745 43191 683775 71099 95107 157461 4174 31929 219504 85525 1566090 2841 1655631 11104 5334
leaf_count=234128 469227 146347 1458628 25968 281773 3221202 8829 227428 7739 771046 112117 6062 9800 34249 52945 6026745 43191 683775 71099 95107 157461 4174 31929 219504 85525 1566090 2841 1655631 11104 5334
internal_value=7.71635e-13 4.47998e-05 1.98614e-05 4.92916e-05 0.000187421 -0.000407017 0.000132925 -0.00166977 -0.00624028 0.000173391 9.99361e-05 -0.00294328 -0.000152658 -0.00400999 0.000131192 2.58243e-05 -0.00112949 -0.000856625 -0.00159676 0.000407022 -0.00216687 -0.00547746 -0.00392006 -0.00162805 -0.00030832 0.000123048 0.00051629 -0.000157052 -8.67807e-05 -0.00873911
internal_weight=1.7727e+07 1.72578e+07 1.71114e+07 1.68773e+07 1.29555e+07 3.92177e+06 1.26738e+07 278245 50817 1.23955e+07 1.16245e+07 118179 3.231e+06 41988 1.15063e+07 1.00477e+07 779911 726966 690767 153004 537763 75273 57897 462490 242986 9.26774e+06 3.22456e+06 1.65847e+06 6.04318e+06 16438
internal_count=17726998 17257771 17111424 16877296 12955527 3921769 12673754 278245 50817 12395509 11624463 118179 3231002 41988 11506284 10047656 779911 726966 690767 153004 537763 75273 57897 462490 242986 9267745 3224562 1658472 6043183 16438
is_linear=0
shrinkage=0.1


Tree=44
num_leaves=31
num_cat=0
split_feature=8 3 5 7 10 0 7 7 8 3 8 2 3 2 10 9 8 3 0 9 2 0 5 3 5 0 2 8 0 8
split_gain=110.272 145.772 114.595 154.629 172.659 155.865 127.625 173.572 94.4703 107.949 132.43 103.167 123.819 87.2122 90.7781 83.9955 83.515 110.996 102.248 101.289 98.6287 109.514 106.164 81.7149 80.9835 78.845 95.2834 74.8754 73.1283 71.5667
threshold=61681.500000000007 77782.500000000015 68814.500000000015 8167778.5000000009 63258.500000000007 35.500000000000007 2086020.6875000002 919361.31250000012 66653.000000000015 97927.000000000015 85037.500000000015 60.500000000000007 118002.50000000001 75.500000000000014 71008.500000000015 63078.500000000007 41025.500000000007 51104.500000000007 33.500000000000007 48526.500000000007 55.500000000000007 39.500000000000007 43188.000000000007 45087.500000000007 70981.000000000015 79.500000000000014 43.500000000000007 29907.000000000004 19.500000000000004 58870.000000000007
decision_type=2 2 2 2 2 2 2 2 2 2 2 2 2 2 2 2 2 2 2 2 2 2 2 2 2 2 2 2 2 2
left_child=1 16 3 6 15 -6 7 -2 24 25 11 -11 -13 -3 -15 -5 17 27 19 -19 22 29 23 -18 -4 26 -10 -1 -28 -22
right_child=2 13 8 4 5 -7 -8 -9 9 10 -12 12 -14 14 -16 -17 20 18 -20 -21 21 -23 -24 -25 -26 -27 28 -29 -30 -31
leaf_value=0.00041786070393898267 0.0040531421688932805 0.0011246753767509398 -0.00056483344900221772 -0.011765449797401795 -0.0096346224317435305 -0.0022263519837219816 0.00014720874190410943 -0.01538380941942372 -0.00069395319842526903 0.0018560770258284811 -0.0021124897024891241 -0.0019772662606735996 0.0026700325469930994 -0.0016675406236960665 -0.024122783071361481 -0.044545518985505364 -0.0029916915722307136 0.0031144436660464378 0.00058260202783978483 -0.0037888262589170808 -0.0027819547192522685 -0.00062902250133712798 -4.0437107339856051e-05 -0.026878624990907037 0.0013520683218146831 -9.2355572654243042e-05 -0.0052681763189226724 -0.00038188080321579316 -0.0020922944515503043 -0.01264014858608857
leaf_weight=2452701 7267 1708086 372861 1595 37971 112667 224888 12492 487377 420856 189408 197207 80828 83444 1840 1533 3233 297668 1056827 22889 201066 1020686 4998049 2571 538969 460394 88778 2239703 395500 7644
leaf_count=2452701 7267 1708086 372861 1595 37971 112667 224888 12492 487377 420856 189408 197207 80828 83444 1840 1533 3233 297668 1056827 22889 201066 1020686 4998049 2571 538969 460394 88778 2239703 395500 7644
internal_value=1.17337e-13 0.000126575 -0.000491451 -0.00209165 -0.00457661 -0.00409374 -0.000529804 -0.00823525 -0.000294203 -0.00063311 0.000232919 0.000868553 -0.000626243 0.000968852 -0.00215201 -0.0278306 3.7998e-06 0.000267826 0.00105712 0.00262152 -0.000253302 -0.00105581 -5.61335e-05 -0.0135729 0.000568218 -0.00117031 -0.00168107 3.61409e-05 -0.0026745 -0.00314301
internal_weight=1.7727e+07 1.40964e+07 3.63059e+06 398413 153766 150638 244647 19759 3.23218e+06 2.32035e+06 888299 698891 278035 1.79337e+06 85284 3128 1.2303e+07 6.06979e+06 1.37738e+06 320557 6.23325e+06 1.2294e+06 5.00385e+06 5804 911830 1.43205e+06 971655 4.6924e+06 484278 208710
internal_count=17726998 14096407 3630591 398413 153766 150638 244647 19759 3232178 2320348 888299 698891 278035 1793370 85284 3128 12303037 6069788 1377384 320557 6233249 1229396 5003853 5804 911830 1432049 971655 4692404 484278 208710
is_linear=0
shrinkage=0.1


Tree=45
num_leaves=31
num_cat=0
split_feature=0 2 0 1 0 1 0 3 7 1 1 2 0 1 0 1 3 1 0 1 0 1 0 1 0 3 5 7 8 3
split_gain=103.574 110.388 105.113 111.254 114.865 100.334 98.0041 90.2994 74.0927 66.6225 65.0235 64.4623 59.6689 70.2255 88.7236 66.1487 61.9885 58.7104 99.7254 86.6024 108.649 72.8411 127.265 65.6582 108.83 64.6563 56.9044 56.8006 56.1119 55.8357
threshold=3.5000000000000004 34.500000000000007 14.500000000000002 336.50000000000006 18.500000000000004 291.50000000000006 11.500000000000002 62326.000000000007 50509242.000000007 399.50000000000006 255.50000000000003 47.500000000000007 115.50000000000001 436.50000000000006 22.500000000000004 2147.5000000000005 62326.000000000007 535.50000000000011 29.500000000000004 673.50000000000011 36.500000000000007 836.50000000000011 46.500000000000007 1028.5000000000002 55.500000000000007 59991.500000000007 53920.500000000007 1259646.8125000002 14377.000000000002 59991.500000000007
decision_type=2 2 2 2 2 2 2 2 2 2 2 2 2 2 2 2 2 2 2 2 2 2 2 2 2 2 2 2 2 2
left_child=8 -2 5 7 9 6 11 -4 -1 -5 -8 27 13 16 -15 17 -6 -16 -19 25 -21 29 -23 26 -25 -20 -24 -3 -29 -22
right_child=1 2 3 4 12 -7 10 -9 -10 -11 -12 -13 -14 14 15 -17 -18 18 19 20 21 22 23 24 -26 -27 -28 28 -30 -31
leaf_value=-0.0020168383601950435 0.00092286731617115139 -0.0072171189673562175 0.00065331058614090008 -0.00098052380764485406 0.00019920812537457851 -0.0030118656017334607 0.0035422432709688702 0.004566508519228238 0.00025343582241771291 -0.0041883493550037218 2.0450056323397331e-06 -0.0024033465900103242 0.00047849587995649185 -0.0019764433249204768 0.0010894493702014692 -0.001648847179717954 0.0028463302236119282 -0.0015411788287647079 0.00021109859780365904 -0.0016940852310727041 0.00011215157765728633 -0.0016269082391471333 0.000170861613654114 -0.0017536784904229178 1.3301267731704625e-05 0.0023289496177582533 0.001805993694774117 0.0072685783487881368 -0.00047905735510381296 0.0017999498928370696
leaf_weight=424131 1326722 12347 154872 254512 207568 187889 85464 95227 217458 86833 132035 233457 2736848 243462 466932 251098 154168 433419 310496 392423 406827 500922 529673 370871 5796147 269072 355802 9474 702608 378241
leaf_count=424131 1326722 12347 154872 254512 207568 187889 85464 95227 217458 86833 132035 233457 2736848 243462 466932 251098 154168 433419 310496 392423 406827 500922 529673 370871 5796147 269072 355802 9474 702608 378241
internal_value=-1.98833e-13 4.68407e-05 -2.69119e-05 5.25661e-05 1.56007e-05 -0.000866155 -0.000523157 0.00214329 -0.00124736 -0.00179655 0.00139313 -0.000958272 6.04115e-05 -4.29789e-05 -8.92835e-05 -4.5367e-05 0.00132738 -5.93522e-06 -5.84266e-05 1.05982e-05 -6.79799e-05 8.54731e-06 -8.67382e-05 2.26565e-05 -9.2961e-05 0.00119434 0.000827891 -0.000492577 -0.000375978 0.000925323
internal_weight=1.7727e+07 1.70854e+07 1.57587e+07 1.43954e+07 1.41453e+07 1.36327e+06 1.17538e+06 250099 641589 341345 217499 957886 1.3804e+07 1.10671e+07 1.07054e+07 1.04619e+07 361736 1.02108e+07 9.74389e+06 9.31047e+06 8.73091e+06 8.33848e+06 7.55342e+06 7.05249e+06 6.16702e+06 579568 885475 724429 712082 785068
internal_count=17726998 17085409 15758687 14395413 14145314 1363274 1175385 250099 641589 341345 217499 957886 13803969 11067121 10705385 10461923 361736 10210825 9743893 9310474 8730906 8338483 7553415 7052493 6167018 579568 885475 724429 712082 785068
is_linear=0
shrinkage=0.1


Tree=46
num_leaves=31
num_cat=0
split_feature=8 5 2 7 5 3 9 5 5 4 7 7 3 9 2 9 3 0 1 2 0 5 9 8 3 4 8 6 8 10
split_gain=93.771 109.377 112.06 111.938 111.645 106.444 115.479 136.721 121.722 104.754 97.853 128.961 89.978 120.088 114.759 103.465 100.598 90.0892 89.6631 89.4005 84.7753 116.94 128.684 96.4039 184.823 106.942 90.0011 82.8971 78.5735 90.4491
threshold=71933.000000000015 79632.500000000015 46.500000000000007 8983409.0000000019 76770.500000000015 87757.500000000015 59062.000000000007 62620.500000000007 62248.500000000007 66012.000000000015 4437750.5000000009 3227834.2500000005 65627.500000000015 44259.500000000007 60.500000000000007 52436.500000000007 58725.500000000007 34.500000000000007 918.50000000000011 54.500000000000007 27.500000000000004 48313.500000000007 46171.000000000007 49666.500000000007 56711.000000000007 49628.000000000007 22843.500000000004 72602.300781250015 79227.500000000015 81939.500000000015
decision_type=2 2 2 2 2 2 2 2 2 2 2 2 2 2 2 2 2 2 2 2 2 2 2 2 2 2 2 2 2 2
left_child=5 2 -2 -4 27 6 8 -8 12 -6 11 -3 13 16 20 -16 -1 -18 -10 -7 21 22 -15 26 25 -25 -23 -5 -12 -30
right_child=1 10 3 4 9 19 7 -9 18 -11 28 -13 -14 14 15 -17 17 -19 -20 -21 -22 23 -24 24 -26 -27 -28 -29 29 -31
leaf_value=7.3428095683947177e-05 0.00088422048247454525 -5.2801670053207572e-05 -0.0019021709314158313 -0.0083822886387729181 -0.0024284839564687791 0.0018658150624345964 -0.0030108764577963555 -0.0003908175126859478 0.0034958134190183031 -0.012113102856707645 0.00051294175805901275 -0.012949849262441613 0.0006125130170701171 -0.0037433952891750611 -0.0023270994872869248 -0.010374558060184376 0.004542949572204507 0.00091150543386431791 0.00039453091362354832 0.00029768788915410932 -0.00015241143075273922 -0.017920262621763865 -0.017033523932498098 -0.00082009576875939389 -0.0047162070492443725 0.0076826913143623193 6.4100019954983944e-07 -0.024240683331604927 -0.01605490183132954 -0.0010502881055200768
leaf_weight=5641820 55650 16980 81459 7205 36662 554912 215317 2654901 180786 16062 598818 14268 2358906 52026 119280 18447 88337 301399 192479 1054317 2270035 2821 8472 63697 151657 19266 424684 6076 4049 516210
leaf_count=5641820 55650 16980 81459 7205 36662 554912 215317 2654901 180786 16062 598818 14268 2358906 52026 119280 18447 88337 301399 192479 1054317 2270035 2821 8472 63697 151657 19266 424684 6076 4049 516210
internal_value=-1.75702e-13 -0.000799961 -0.00293932 -0.00438225 -0.00744299 6.61248e-05 -1.80518e-05 -0.000587368 0.000119332 -0.00537884 -0.000422213 -0.00594166 6.17506e-05 -8.0053e-05 -0.000582595 -0.00340497 0.000180767 0.0017346 0.0018966 0.000838427 -0.000452705 -0.00139604 -0.00560451 -0.00101152 -0.00264031 0.00115446 -0.000117615 -0.0156374 -0.000268093 -0.00116706
internal_weight=1.7727e+07 1.35344e+06 203114 147464 66005 1.63736e+07 1.47643e+07 2.87022e+06 1.18941e+07 52724 1.15032e+06 31248 1.15208e+07 9.16194e+06 3.13038e+06 137727 6.03156e+06 389736 373265 1.60923e+06 2.99266e+06 722623 60498 662125 234620 82963 427505 13281 1.11908e+06 520259
internal_count=17726998 1353439 203114 147464 66005 16373559 14764330 2870218 11894112 52724 1150325 31248 11520847 9161941 3130385 137727 6031556 389736 373265 1609229 2992658 722623 60498 662125 234620 82963 427505 13281 1119077 520259
is_linear=0
shrinkage=0.1


Tree=47
num_leaves=31
num_cat=0
split_feature=1 9 3 8 5 9 5 5 8 3 3 10 0 3 2 2 3 2 5 7 3 3 4 2 0 4 2 4 4 7
split_gain=85.851 88.8991 84.5627 127.238 111.882 93.5752 187.602 102.557 105.22 95.0372 98.5982 115.517 92.6277 91.894 86.615 81.1603 83.7975 77.1453 81.9797 88.1493 92.1166 84.7674 77.0335 75.8872 90.7949 80.0301 75.383 98.5421 73.8331 80.5703
threshold=55.500000000000007 101442.00000000001 106575.50000000001 71532.500000000015 78586.000000000015 70000.500000000015 72786.500000000015 72137.500000000015 61681.500000000007 89216.000000000015 71945.000000000015 72078.500000000015 24.500000000000004 77782.500000000015 47.500000000000007 58.500000000000007 97927.000000000015 56.500000000000007 78074.000000000015 6242027.0000000009 92353.000000000015 89559.500000000015 44153.000000000007 36.500000000000007 10.500000000000002 59359.500000000007 61.500000000000007 72178.500000000015 55902.500000000007 19778953.000000004
decision_type=2 2 2 2 2 2 2 2 2 2 2 2 2 2 2 2 2 2 2 2 2 2 2 2 2 2 2 2 2 2
left_child=-1 2 3 4 5 7 9 8 13 10 -7 14 28 23 -12 -9 22 -5 19 -19 -21 -20 -17 -2 -25 -26 -4 -28 29 -10
right_child=1 -3 26 17 -6 6 -8 15 12 -11 11 -13 -14 -15 -16 16 -18 18 21 20 -22 -23 -24 24 25 -27 27 -29 -30 -31
leaf_value=-0.00149493871473621 0.00060468933499751567 -0.0050977248807811118 0.0022491065121382037 -0.00070620208458051399 0.002579535984349764 -0.002500284701605739 -0.00070962660199404086 0.0022578273014678368 -0.013325590788867893 0.00060280963962485714 -0.018541820054612402 -0.033738616048502264 -0.00052559626122453498 0.0008238833386714086 -0.0048781223246941244 -0.021443087387728536 0.0022856963500114801 0.0017650355256110042 -0.011055196539581027 -0.023494770295258125 -0.0074808617905828172 -0.0012013513546796457 -0.0034940311335707312 -0.0014141735916347799 -1.208442370922305e-05 -0.0085008051614805374 0.0009346454053385712 -0.0037391753416525539 -0.0018562428075575088 -0.0038769776136182198
leaf_weight=376000 1865796 33713 322320 737611 175179 10651 504392 346113 12821 10533 8994 2670 817905 1603892 9582 2570 31371 8566 9391 4189 25207 124043 34348 492030 9709172 11119 230503 56087 119750 30480
leaf_count=376000 1865796 33713 322320 737611 175179 10651 504392 346113 12821 10533 8994 2670 817905 1603892 9582 2570 31371 8566 9391 4189 25207 124043 34348 492030 9709172 11119 230503 56087 119750 30480
internal_value=7.08305e-13 3.23957e-05 4.23829e-05 1.97812e-07 6.63898e-05 3.82123e-05 -0.00124684 8.48183e-05 4.09733e-05 -0.00763306 -0.0103527 -0.0142892 -0.000959463 0.000112701 -0.0114937 0.0016362 -0.0015144 -0.00115028 -0.00306138 -0.00716165 -0.00976288 -0.00189486 -0.00474353 1.82612e-05 -8.88795e-05 -2.17946e-05 0.00119993 1.99569e-05 -0.00313585 -0.00667462
internal_weight=1.7727e+07 1.7351e+07 1.73173e+07 1.67084e+07 1.57994e+07 1.56242e+07 546822 1.50774e+07 1.4663e+07 42430 31897 21246 980956 1.3682e+07 18576 414402 68289 909007 171396 37962 29396 133434 36918 1.20781e+07 1.02123e+07 9.72029e+06 608910 286590 163051 43301
internal_count=17726998 17350998 17317285 16708375 15799368 15624189 546822 15077367 14662965 42430 31897 21246 980956 13682009 18576 414402 68289 909007 171396 37962 29396 133434 36918 12078117 10212321 9720291 608910 286590 163051 43301
is_linear=0
shrinkage=0.1


Tree=48
num_leaves=31
num_cat=0
split_feature=0 2 0 3 4 7 1 0 3 1 7 0 8 3 3 2 4 8 2 3 9 2 3 8 8 7 5 3 10 7
split_gain=71.166 88.2098 100.225 71.8592 107.255 67.527 64.3713 69.3207 57.1766 90.81 53.8606 52.6947 62.4694 95.3275 82.3064 132.736 156.111 82.119 69.5582 98.0457 105.264 96.519 133.946 136.371 95.9177 141.223 87.9728 86.1691 92.4475 85.4896
threshold=4.5000000000000009 40.500000000000007 12.500000000000002 61035.000000000007 59359.500000000007 6242027.0000000009 291.50000000000006 16.500000000000004 28197.000000000004 18.500000000000004 2528318.2500000005 107.50000000000001 60285.000000000007 71765.000000000015 61035.000000000007 49.500000000000007 58003.000000000007 55163.500000000007 61.500000000000007 106575.50000000001 81850.500000000015 50.500000000000007 92887.500000000015 83191.000000000015 96848.000000000015 18157202.000000004 84465.500000000015 122696.00000000001 86351.500000000015 19091909.000000004
decision_type=2 2 2 2 2 2 2 2 2 2 2 2 2 2 2 2 2 2 2 2 2 2 2 2 2 2 2 2 2 2
left_child=5 3 -3 4 -2 -1 -4 -8 9 -7 -5 12 13 17 15 16 -14 -9 19 20 26 22 23 -22 29 -26 -16 28 -20 -21
right_child=1 2 6 10 -6 8 7 11 -10 -11 -12 -13 14 -15 18 -17 -18 -19 27 24 21 -23 -24 -25 25 -27 -28 -29 -30 -31
leaf_value=-0.0038256246628419251 0.00026933250875139247 -0.0012770856890152479 0.0022202056165502408 -0.0065576498657404156 -0.013490548970539487 -0.0072134940472750961 -0.0015219284896177201 -8.0826370435562746e-05 -0.00083243235170906609 0.005597602841559338 0.0013935889578541205 0.00035500379642309132 0.0013257831571595535 0.00066428612305711608 -0.00045347009042516072 -0.034445850561346324 -0.033111320725170007 -0.0016329535628998933 -0.0019059966005802995 0.0051401013812486769 -0.0038250240135279216 -0.0080817443651769946 0.0023668963316899622 -0.023778241239958121 -0.026379643708709752 0.00043773522550903389 0.003822279154272119 0.0016708633303640268 -0.009816358311084768 0.00064407703284324034
leaf_weight=72677 2887352 661198 127657 8611 5676 6793 306563 4753204 696521 29830 799600 3118166 7840 1741822 1348119 1750 1582 367204 370936 70141 21291 33222 37618 4082 2887 6140 49901 66712 15387 106516
leaf_count=72677 2887352 661198 127657 8611 5676 6793 306563 4753204 696521 29830 799600 3118166 7840 1741822 1348119 1750 1582 367204 370936 70141 21291 33222 37618 4082 2887 6140 49901 66712 15387 106516
internal_value=-5.97052e-13 4.37243e-05 -7.70855e-05 0.000475228 0.000242336 -0.000918152 -1.39073e-05 -3.68498e-05 -0.000629933 0.00322134 0.00130887 6.9972e-07 -0.000121967 2.52479e-05 -0.000593125 -0.00915397 -0.00445638 -0.000192135 -0.000548285 -0.00025173 -0.000521037 -0.00372044 -0.00142026 -0.00703509 0.00191544 -0.00813895 -0.000300851 -0.00164795 -0.00222106 0.00242921
internal_weight=1.7727e+07 1.69212e+07 1.32199e+07 3.70124e+06 2.89303e+06 805821 1.25587e+07 1.24311e+07 733144 36623 808211 1.21245e+07 9.00635e+06 6.86223e+06 2.14412e+06 11172 9422 5.12041e+06 2.13295e+06 1.67992e+06 1.49423e+06 96213 62991 25373 185684 9027 1.39802e+06 453035 386323 176657
internal_count=17726998 16921177 13219938 3701239 2893028 805821 12558740 12431083 733144 36623 808211 12124520 9006354 6862230 2144124 11172 9422 5120408 2132952 1679917 1494233 96213 62991 25373 185684 9027 1398020 453035 386323 176657
is_linear=0
shrinkage=0.1


Tree=49
num_leaves=31
num_cat=0
split_feature=9 5 9 4 2 9 4 5 10 6 7 7 1 8 0 7 5 2 3 4 3 1 0 5 9 8 8 6 8 2
split_gain=64.6213 104.433 179.497 102.082 105.669 105.347 99.4915 88.7231 87.1675 75.3469 105.774 90.4993 74.2452 67.411 61.3199 81.8947 75.1096 74.0907 66.6763 64.8406 73.5473 59.1779 80.4097 64.6504 83.5645 57.6892 56.7159 56.6766 54.6686 52.0504
threshold=71653.000000000015 73110.500000000015 70000.500000000015 38849.500000000007 60.500000000000007 66306.500000000015 24000.500000000004 72786.500000000015 72078.500000000015 69646.296875000015 15864875.500000002 16790950.000000004 18.500000000000004 66964.000000000015 40.500000000000007 6161660.2500000009 76413.500000000015 73.500000000000014 118002.50000000001 87997.000000000015 106575.50000000001 764.50000000000011 4.5000000000000009 76770.500000000015 67529.000000000015 70233.000000000015 67683.500000000015 73552.300781250015 69813.500000000015 42.500000000000007
decision_type=2 2 2 2 2 2 2 2 2 2 2 2 2 2 2 2 2 2 2 2 2 2 2 2 2 2 2 2 2 2
left_child=1 2 12 4 -3 -6 -4 -2 -9 10 13 -12 -1 -8 15 25 -17 19 -19 20 29 22 -5 24 -24 -10 -13 -22 -11 -18
right_child=7 3 6 21 5 -7 9 8 14 28 11 26 -14 -15 -16 16 17 18 -20 -21 27 -23 23 -25 -26 -27 -28 -29 -30 -31
leaf_value=-0.0056923704742159621 -0.025098243616090837 -0.00089690124190000813 -0.041460154096022349 0.00016843057552321056 0.0025127941891958166 -0.022401262278791426 -0.027605545893413713 -0.02792208945590435 0.013881080773838858 0.0016965290803603664 0.0073350865549430544 -0.0048039823923652627 4.4459418000769688e-05 -0.011043760019881058 -1.2649136647525982e-05 -0.0047444039207323258 -2.4709473632890808e-05 -0.033954663036456167 -0.0057207925319796744 -0.0040180345514514403 0.0093689350864076312 0.00088956580209407956 0.0076312195454414497 0.0079950409419923037 0.0017788873711724195 -0.0057702426729481001 -0.022549808102179977 0.0013074555349557575 -0.0075998055971465833 -0.0019757109186922667
leaf_weight=22593 1471 67721 755 72041 2642 4746 3189 1161 1543 19839 5592 9790 15095049 10716 1073769 47963 345583 1203 2745 51292 9505 315759 31965 34853 103073 46910 2207 105754 9287 226282
leaf_count=22593 1471 67721 755 72041 2642 4746 3189 1161 1543 19839 5592 9790 15095049 10716 1073769 47963 345583 1203 2745 51292 9505 315759 31965 34853 103073 46910 2207 105754 9287 226282
internal_value=-5.96564e-13 6.64484e-05 1.39749e-05 0.00132513 -0.00213578 -0.0134918 -0.00538304 -0.000548601 -0.00052973 -0.00493371 -0.00832411 -0.00317133 3.58858e-05 -0.0148421 -0.000513102 -0.00115376 -0.0009091 -0.000661307 -0.014324 -0.000588259 -0.000332235 0.00179124 0.00296807 0.00415524 0.0031642 -0.00514444 -0.00806855 0.00197226 -0.00126766 -0.000796704
internal_weight=1.7727e+07 1.58118e+07 1.5179e+07 632800 75109 7388 61375 1.91518e+06 1.91371e+06 60620 31494 17589 1.51176e+07 13905 1.91255e+06 838780 790327 742364 3948 738416 687124 557691 241932 169891 135038 48453 11997 115259 29126 571865
internal_count=17726998 15811817 15179017 632800 75109 7388 61375 1915181 1913710 60620 31494 17589 15117642 13905 1912549 838780 790327 742364 3948 738416 687124 557691 241932 169891 135038 48453 11997 115259 29126 571865
is_linear=0
shrinkage=0.1


Tree=50
num_leaves=31
num_cat=0
split_feature=1 2 0 7 4 3 0 4 7 1 10 3 4 3 5 6 2 6 7 3 6 6 3 9 2 3 7 3 9 4
split_gain=57.0524 62.3488 93.6648 85.1353 71.5451 78.5535 71.4623 83.1733 78.6162 70.6141 55.2418 81.7835 230.843 59.0625 55.1464 68.7297 61.476 61.4453 58.6998 53.2548 136.247 122.103 56.1754 75.9533 55.8683 82.091 68.0792 55.2331 64.4615 52.3576
threshold=27.500000000000004 52.500000000000007 32.500000000000007 6507304.0000000009 79790.000000000015 98805.000000000015 24.500000000000004 9374.0000000000018 775239.53125000012 237.50000000000003 56312.500000000007 59030.000000000007 52041.000000000007 97927.000000000015 74597.500000000015 70780.000000000015 75.500000000000014 62829.900390625007 2447732.8750000005 49701.000000000007 42724.900390625007 30727.049804687504 66376.000000000015 54798.000000000007 70.500000000000014 79407.000000000015 14930472.500000002 106575.50000000001 79553.500000000015 54434.500000000007
decision_type=2 2 2 2 2 2 2 2 2 2 2 2 2 2 2 2 2 2 2 2 2 2 2 2 2 2 2 2 2 2
left_child=-1 3 19 6 5 -5 7 -2 9 -9 -4 12 -12 14 15 16 -13 -16 -19 21 -21 -3 -22 24 25 -24 -27 -25 -29 -10
right_child=1 2 10 4 -6 -7 -8 8 29 -11 11 13 -14 -15 17 -17 -18 18 -20 20 22 -23 23 27 -26 26 -28 28 -30 -31
leaf_value=-0.0019290575740003612 0.0033230310985119388 -0.00019974564405551625 0.00026383764320959068 0.00030237521034001907 -0.0024604512019434262 0.0020694026042148059 -3.0761506832295811e-05 -0.014372510243389328 -0.00084344516900200853 -0.0016252127266122942 0.0013019478392314039 -0.00047118088408524102 -0.036584438581759686 0.00035951408293431443 -0.02250060917424929 0.0052279071749531799 -0.005328480746514771 0.01306571040407453 -0.0021731997578513193 0.0021493212284407416 -0.0036503428770886439 -0.0075091061860312509 -0.00032584563745681 -0.0023897393773293901 -0.0066532120955950557 0.0089557922108302688 0.0012581196878265466 0.0026381357260418319 -0.0028144560314474626 -0.003278963648399818
leaf_weight=152000 39608 51225 2391794 7808724 90997 259957 2904116 8732 574071 8651 4977 1438943 2376 753906 1472 20814 26537 2556 228443 122191 101174 41265 106410 336047 9616 20845 25599 52915 36733 104304
leaf_count=152000 39608 51225 2391794 7808724 90997 259957 2904116 8732 574071 8651 4977 1438943 2376 753906 1472 20814 26537 2556 228443 122191 101174 41265 106410 336047 9616 20845 25599 52915 36733 104304
internal_value=-3.10873e-13 1.66837e-05 -0.000252522 0.000148463 0.000327859 0.000359305 -0.00025374 -0.00113433 -0.00138808 -0.00802856 -7.90521e-05 -0.000409743 -0.0109404 -0.000378428 -0.000702113 -0.000478096 -0.000559137 -0.00213436 -0.00200458 -0.00118736 -0.000928251 -0.00346086 -0.00147378 -0.00109937 0.000740072 0.00120518 0.00471299 -0.00180141 0.000403953 -0.00121792
internal_weight=1.7727e+07 1.7575e+07 5.77584e+06 1.17992e+07 8.15968e+06 8.06868e+06 3.63948e+06 735366 695758 17383 4.87182e+06 2.48002e+06 7353 2.47267e+06 1.71876e+06 1.48629e+06 1.46548e+06 232471 230999 904020 811530 92490 689339 588165 162470 152854 46444 425695 89648 678375
internal_count=17726998 17574998 5775838 11799160 8159678 8068681 3639482 735366 695758 17383 4871818 2480024 7353 2472671 1718765 1486294 1465480 232471 230999 904020 811530 92490 689339 588165 162470 152854 46444 425695 89648 678375
is_linear=0
shrinkage=0.1


Tree=51
num_leaves=31
num_cat=0
split_feature=9 3 8 2 8 3 7 9 7 0 3 3 9 6 4 3 9 10 2 6 1 1 9 3 1 2 0 8 5 0
split_gain=50.5129 70.0502 72.7795 97.7205 148.464 189.345 158.607 134.293 107.908 104.765 99.4309 106.778 88.8049 74.1361 92.5635 69.1464 93.1946 99.8919 85.1347 92.2962 103.287 72.7821 70.8172 145.26 102.664 95.3222 116.249 95.0957 85.6861 95.7681
threshold=83701.500000000015 97927.000000000015 61681.500000000007 47.500000000000007 62588.000000000007 61830.500000000007 62674606.000000007 63288.500000000007 2938761.5000000005 19.500000000000004 73316.500000000015 74088.500000000015 80909.500000000015 63505.000000000007 58394.500000000007 73077.000000000015 67529.000000000015 72078.500000000015 69.500000000000014 55623.400390625007 1065.5000000000002 1138.5000000000002 48526.500000000007 59030.000000000007 618.50000000000011 42.500000000000007 22.500000000000004 36527.000000000007 50717.000000000007 14.500000000000002
decision_type=2 2 2 2 2 2 2 2 2 2 2 2 2 2 2 2 2 2 2 2 2 2 2 2 2 2 2 2 2 2
left_child=1 2 15 8 5 -5 10 -6 -4 -10 -7 -12 -9 -13 -15 22 18 -18 21 -20 -21 -17 23 27 -25 -24 -27 -1 29 -29
right_child=-2 -3 3 4 7 6 -8 12 9 -11 11 13 -14 14 -16 16 17 -19 19 20 -22 -23 25 24 -26 26 -28 28 -30 -31
leaf_value=0.00023396022503803027 -0.0010197472096605893 0.00083102796886325668 -0.0060698558996613913 -0.035516933625316077 -0.028418362528299875 0.0020179792924173083 -0.026483178330500973 -0.00060621990628997489 -0.00090230159957795488 0.0010795423501453094 -0.021547475579193974 -0.00091526920932424784 -0.0066139517131874985 -0.010761760910145858 -0.0020768765350493066 0.0014457783780823939 -0.010088611322246038 0.00096460554290678571 0.00011662479663468529 -0.014501468592503772 -0.0029631135306939583 0.00028681238497412875 0.00028131569809363935 0.0030100319923171033 0.00068773537396557474 -0.002646993032198701 -0.00051125828745199635 -0.0026920569172970486 0.0013687665837360582 -0.00052215606170536854
leaf_weight=4243828 472799 1021819 27359 1931 1756 26525 3046 1087769 444407 667172 3713 38053 25174 26814 22628 953179 16914 15827 104469 9407 44261 1255664 1355591 240566 912176 289212 2145375 228778 207549 1833237
leaf_count=4243828 472799 1021819 27359 1931 1756 26525 3046 1087769 444407 667172 3713 38053 25174 26814 22628 953179 16914 15827 104469 9407 44261 1255664 1355591 240566 912176 289212 2145375 228778 207549 1833237
internal_value=-7.49087e-14 2.79431e-05 -2.26107e-05 -0.000533913 -0.00114913 -0.00445049 -0.00395381 -0.000785709 0.000134499 0.000287205 -0.00337092 -0.00493812 -0.000742111 -0.00423327 -0.00678697 6.50791e-05 0.000553177 -0.00474549 0.000626471 -0.00161494 -0.00498557 0.000786939 -3.71614e-05 0.000137658 0.00117238 -0.000390756 -0.000764969 -4.54673e-05 -0.000567965 -0.000762904
internal_weight=1.7727e+07 1.72542e+07 1.62324e+07 2.37635e+06 1.23741e+06 122710 120779 1.1147e+06 1.13894e+06 1.11158e+06 117733 91208 1.11294e+06 87495 49442 1.3856e+07 2.39972e+06 32741 2.36698e+06 158137 53668 2.20884e+06 1.14563e+07 7.66613e+06 1.15274e+06 3.79018e+06 2.43459e+06 6.51339e+06 2.26956e+06 2.06202e+06
internal_count=17726998 17254199 16232380 2376347 1237409 122710 120779 1114699 1138938 1111579 117733 91208 1112943 87495 49442 13856033 2399721 32741 2366980 158137 53668 2208843 11456312 7666134 1152742 3790178 2434587 6513392 2269564 2062015
is_linear=0
shrinkage=0.1


Tree=52
num_leaves=31
num_cat=0
split_feature=0 1 7 9 7 2 3 9 3 3 8 2 7 8 7 5 3 2 4 2 10 3 4 2 10 8 3 8 8 5
split_gain=47.7907 105.545 84.0581 92.7882 98.5008 84.5174 81.7428 125.989 99.4015 97.8999 129.495 86.9835 82.7317 116.824 165.505 109.494 77.479 96.482 76.9501 74.7969 69.2041 81.5585 68.062 71.7739 83.1282 62.0343 56.899 120.198 84.165 84.9488
threshold=89.500000000000014 1569.5000000000002 4871143.5000000009 75532.000000000015 1928365.5000000002 62.500000000000007 75641.500000000015 56677.000000000007 76448.000000000015 61830.500000000007 56462.500000000007 38.500000000000007 2528318.2500000005 58227.000000000007 2234644.7500000005 70719.500000000015 64511.000000000007 43.500000000000007 52886.000000000007 45.500000000000007 56682.000000000007 61830.500000000007 72178.500000000015 68.500000000000014 85104.000000000015 87892.500000000015 106575.50000000001 96848.000000000015 66653.000000000015 72137.500000000015
decision_type=2 2 2 2 2 2 2 2 2 2 2 2 2 2 2 2 2 2 2 2 2 2 2 2 2 2 2 2 2 2
left_child=1 2 3 6 -5 26 7 18 -8 10 11 -9 13 14 -11 16 17 -15 20 -12 -1 -22 25 -24 -25 -7 28 -28 29 -4
right_child=-2 -3 5 4 -6 22 8 9 -10 12 19 -13 -14 15 -16 -17 -18 -19 -20 -21 21 -23 23 24 -26 -27 27 -29 -30 -31
leaf_value=-0.00049837496319419812 0.00023404360043325061 -0.0013753065579811007 0.00018605888114458925 0.0062608409823958619 -0.0080542340110468826 -0.00075550275254554348 0.0082502939147291263 -0.006615344843495405 0.00069283602046810524 0.0058823351186006812 -0.0088332387125401434 -0.032758058497628993 -0.00088962213371760509 -0.025416497474732819 -0.028586470506382189 0.002713649189473252 -0.017215344616676745 0.010435010359505881 0.0051956176637195511 0.010172067021233865 -0.022918472419932914 -0.0035230488845114484 -0.009732752927097181 -0.010726689206822975 0.0058434690246701119 -0.040100501336045841 0.002550545485349253 -0.0036687148151288949 -0.0006796203241247994 0.0018031719669836313
leaf_weight=1990283 5846978 629467 6518788 5758 29096 597271 19075 2000 198633 10591 9822 3500 86486 1090 1604 4841 15324 2411 23634 2624 2841 9153 17797 4682 8568 401 216947 36271 1089180 341882
leaf_count=1990283 5846978 629467 6518788 5758 29096 597271 19075 2000 198633 10591 9822 3500 86486 1090 1604 4841 15324 2411 23634 2624 2841 9153 17797 4682 8568 401 216947 36271 1089180 341882
internal_value=-1.38905e-13 -0.000115189 -4.46856e-05 -0.000566998 -0.00568933 9.83603e-05 -0.000492107 -0.000677745 0.001355 -0.00357581 -0.0104732 -0.0232516 -0.00256409 -0.00660242 0.00134868 -0.0106996 -0.0141489 -0.000726984 -0.000477055 -0.00482634 -0.000544013 -0.00811721 -0.00101904 -0.00558409 -1.17371e-05 -0.000781901 0.000184003 0.0016597 0.000136999 0.000266643
internal_weight=1.7727e+07 1.188e+07 1.12506e+07 2.41877e+06 34854 8.83179e+06 2.38391e+06 2.1662e+06 217708 140293 17946 5500 122347 35861 12195 23666 18825 3501 2.02591e+06 12446 2.00228e+06 11994 628719 31047 13250 597672 8.20307e+06 253218 7.94985e+06 6.86067e+06
internal_count=17726998 11880020 11250553 2418766 34854 8831787 2383912 2166204 217708 140293 17946 5500 122347 35861 12195 23666 18825 3501 2025911 12446 2002277 11994 628719 31047 13250 597672 8203068 253218 7949850 6860670
is_linear=0
shrinkage=0.1


Tree=53
num_leaves=31
num_cat=0
split_feature=1 7 2 0 1 0 1 0 3 1 0 3 2 1 1 0 7 1 6 0 1 0 1 0 4 1 0 1 4 7
split_gain=46.1804 74.6522 68.8565 67.1411 75.8031 66.4784 84.4308 71.6591 66.519 58.6546 65.9451 55.1067 52.514 51.9351 49.8176 48.9339 60.9785 47.9615 68.9177 62.9179 53.5766 99.7973 50.9917 81.2339 59.0135 48.6349 102.331 49.7103 48.6709 47.8891
threshold=64.500000000000014 58054112.000000007 34.500000000000007 8.5000000000000018 210.50000000000003 12.500000000000002 291.50000000000006 15.500000000000002 62326.000000000007 354.50000000000006 19.500000000000004 62326.000000000007 46.500000000000007 255.50000000000003 426.50000000000006 38.500000000000007 16568681.500000002 454.50000000000006 55824.800781250007 24.500000000000004 590.50000000000011 31.500000000000004 692.50000000000011 37.500000000000007 42166.500000000007 846.50000000000011 46.500000000000007 954.50000000000011 42166.500000000007 1510750.5625000002
decision_type=2 2 2 2 2 2 2 2 2 2 2 2 2 2 2 2 2 2 2 2 2 2 2 2 2 2 2 2 2 2
left_child=1 -1 15 12 -5 13 8 -8 -7 11 14 -9 29 -6 -11 16 -2 18 -12 -19 -21 -22 24 -24 -23 28 27 -27 -25 -4
right_child=2 -3 3 4 5 6 7 9 -10 10 17 -13 -14 -15 -16 -17 -18 19 -20 20 21 22 23 25 -26 26 -28 -29 -30 -31
leaf_value=-0.0019746279850842547 0.00048184293790381761 0.00071152692023444917 -0.00763311128104274 0.0022685918887762773 -0.00033653894608923272 0.00060364436548702289 -0.0016586416018063263 0.00033601615280234507 0.0045000104081647308 -0.00075977744887402757 0.00034625431562015295 0.0037398897258723814 -0.0028526304526675242 -0.002669000328102555 -0.0037502517346524791 0.00012436083349230402 0.0023709640516339473 -0.0013268120449110707 0.003494106012328543 0.00094155189996379381 -0.0016690304738876329 0.00026880249481085918 -0.0014588146613720675 0.00022660300949905153 0.0027470863569107038 -0.00091498544604933928 6.1160313710436457e-05 -0.0034345696709228235 0.001927845633051797 -0.00045489428642210257
leaf_weight=285847 400186 162153 9467 146914 232257 109961 257838 115281 72839 272804 264132 80966 127346 162081 70000 747786 298180 346482 94411 625462 351057 281752 368598 466962 145807 348015 10009941 101039 262811 508623
leaf_count=285847 400186 162153 9467 146914 232257 109961 257838 115281 72839 272804 264132 80966 127346 162081 70000 747786 298180 346482 94411 625462 351057 281752 368598 466962 145807 348015 10009941 101039 262811 508623
internal_value=4.70087e-13 -0.00100238 2.59891e-05 -3.4342e-05 8.11018e-06 -1.397e-05 2.05271e-05 -6.46538e-06 0.0021562 2.35225e-05 -5.27546e-07 0.00174036 -0.00103326 -0.00129523 -0.00137043 0.000686509 0.00128844 3.38344e-05 0.00117514 3.08527e-06 3.86357e-05 -7.14413e-06 4.15351e-05 1.86157e-06 0.00111395 4.99815e-05 -5.09064e-06 -0.0014819 0.000839267 -0.000586061
internal_weight=1.7727e+07 448000 1.7279e+07 1.58328e+07 1.51874e+07 1.50405e+07 1.46462e+07 1.44634e+07 182800 1.42055e+07 1.40093e+07 196247 645436 394338 342804 1.44615e+06 698366 1.36665e+07 358543 1.33079e+07 1.29614e+07 1.2336e+07 1.19849e+07 1.15574e+07 427559 1.11888e+07 1.0459e+07 449054 729773 518090
internal_count=17726998 448000 17278998 15832846 15187410 15040496 14646158 14463358 182800 14205520 14009273 196247 645436 394338 342804 1446152 698366 13666469 358543 13307926 12961444 12335982 11984925 11557366 427559 11188768 10458995 449054 729773 518090
is_linear=0
shrinkage=0.1


Tree=54
num_leaves=31
num_cat=0
split_feature=1 2 0 7 0 4 7 3 10 3 5 7 3 3 4 6 8 0 4 2 3 3 3 8 2 10 3 10 4 3
split_gain=44.2105 46.4752 77.8297 53.6084 58.816 59.8311 73.6466 56.2109 46.8981 84.3773 93.457 96.4007 127.885 126.406 60.403 60.1318 53.2629 52.2586 50.4745 60.7337 116.912 48.9578 48.5881 69.3223 52.326 72.8745 60.4379 64.9033 45.2572 124.257
threshold=18.500000000000004 52.500000000000007 22.500000000000004 6507304.0000000009 6.5000000000000009 4333.5000000000009 775239.53125000012 14052.000000000002 56312.500000000007 71765.000000000015 57929.500000000007 11040360.000000002 59719.000000000007 70422.500000000015 52886.000000000007 58750.148437500007 50807.000000000007 101.50000000000001 57249.500000000007 58.500000000000007 63313.000000000007 65627.500000000015 64511.000000000007 54298.500000000007 55.500000000000007 53836.000000000007 64949.500000000007 50721.500000000007 59359.500000000007 71945.000000000015
decision_type=2 2 2 2 2 2 2 2 2 2 2 2 2 2 2 2 2 2 2 2 2 2 2 2 2 2 2 2 2 2
left_child=-1 3 -3 4 5 -2 -7 -8 21 10 14 -12 -13 18 16 -15 -10 -18 19 -14 -21 22 -4 24 -24 26 27 -26 29 -6
right_child=1 2 8 -5 28 6 7 -9 9 -11 11 12 13 15 -16 -17 17 -19 -20 20 -22 -23 23 -25 25 -27 -28 -29 -30 -31
leaf_value=-0.0023455013868936723 0.012916439792070609 -0.0014435427608937993 -2.9273303744075785e-05 0.0002651982889655974 -0.0001328847851702192 -0.014064529502748061 0.006915910321681689 -0.0025086842347483884 -0.0007199356258537576 -0.00022156496105267369 0.00013541911764544258 -0.028530827923392028 0.00075454641539243034 -0.0064101997658895116 0.0072911704490279967 -0.017563495083776602 -0.017004006605383638 -0.002070554645005762 -0.016602476660666748 -0.024260747572471712 -0.0026691586957420677 0.00072748315866549829 0.00093749688234916737 -0.03518260259960973 -0.0039157159300425457 -0.016860109848210597 -0.00082552746248864932 -0.018880975839652661 -0.0014465597161615661 0.0033074043808012663
leaf_weight=80000 2566 478404 1496289 8229290 3156050 5290 6667 124614 4148 2431059 138926 2069 52948 14367 2104 7285 10507 3016 2156 2884 19224 1028367 31315 645 8771 4213 32813 4328 238085 108598
leaf_count=80000 2566 478404 1496289 8229290 3156050 5290 6667 124614 4148 2431059 138926 2069 52948 14367 2104 7285 10507 3016 2156 2884 19224 1028367 31315 645 8771 4213 32813 4328 238085 108598
internal_value=-3.37174e-13 1.0633e-05 -0.000222023 0.00012383 -0.000195609 -0.00221197 -0.00249621 -0.00203006 -0.000111709 -0.00040457 -0.00211812 -0.00157336 -0.00392536 -0.00341043 -0.00872574 -0.0101628 -0.0106328 -0.0136734 -0.0015169 -0.00108357 -0.00548579 0.000190584 -0.000159226 -0.00252807 -0.00226944 -0.00427294 -0.00311791 -0.00886034 -0.000115515 -1.84441e-05
internal_weight=1.7727e+07 1.7647e+07 5.77584e+06 1.18712e+07 3.64187e+06 139137 136571 131281 5.29743e+06 2.69069e+06 259634 239859 100933 98864 19775 21652 17671 13523 77212 75056 22108 2.60674e+06 1.57837e+06 82085 81440 50125 45912 13099 3.50273e+06 3.26465e+06
internal_count=17726998 17646998 5775838 11871160 3641870 139137 136571 131281 5297434 2690693 259634 239859 100933 98864 19775 21652 17671 13523 77212 75056 22108 2606741 1578374 82085 81440 50125 45912 13099 3502733 3264648
is_linear=0
shrinkage=0.1


Tree=55
num_leaves=31
num_cat=0
split_feature=9 5 9 4 4 4 5 10 6 7 10 8 5 10 2 4 7 3 2 3 9 7 5 9 8 3 7 9 10 7
split_gain=37.8614 79.6613 137.883 84.7056 80.9047 79.321 72.0322 70.1994 62.1057 84.3296 75.1806 56.3444 51.1673 95.9508 61.2816 77.4811 60.3773 78.8735 72.5198 67.1131 64.2025 60.3467 62.5906 106.499 78.0149 77.9939 62.279 60.2171 80.5507 74.2608
threshold=71653.000000000015 73110.500000000015 70000.500000000015 38849.500000000007 24000.500000000004 38446.000000000007 72786.500000000015 72078.500000000015 69646.296875000015 15864875.500000002 72078.500000000015 66964.000000000015 79632.500000000015 77605.500000000015 73.500000000000014 58625.000000000007 11173848.500000002 87353.000000000015 44.500000000000007 87757.500000000015 80909.500000000015 13464560.500000002 83090.000000000015 78949.500000000015 73406.500000000015 112611.50000000001 16568681.500000002 86921.500000000015 94317.500000000015 4696065.5000000009
decision_type=2 2 2 2 2 2 2 2 2 2 2 2 2 2 2 2 2 2 2 2 2 2 2 2 2 2 2 2 2 2
left_child=1 2 -1 5 -4 -3 -2 -8 9 11 -11 -6 13 -9 15 -15 17 18 -14 -19 21 -18 23 -23 -25 26 -26 29 -29 -21
right_child=6 3 4 -5 8 -7 7 12 -10 10 -12 -13 16 14 -16 -17 20 19 -20 27 -22 22 -24 24 25 -27 -28 28 -30 -31
leaf_value=2.4236561348579656e-05 -0.022540174074151903 -0.0014333438193996611 -0.037258298629956534 0.0015747676106360583 -0.024886817983575425 -0.020558946637949289 -0.024985007420511119 -0.00084436464498344817 -0.00099162296759783427 -0.00029710332421344971 -0.01989360457130759 -0.0097453738551334136 -0.0018744507915416616 0.0026098810980839538 -0.037594363146767951 -0.0084694862797118613 0.0043761813429337671 0.013838268662656392 -0.0099653123238253576 -0.0057747187984970054 -0.00047311310289347737 0.00033686185322425268 0.0019381629749222009 0.0036443127774043248 -0.0059247913473980621 0.0016146128415094466 -0.018726240183409591 -0.0078164427951566851 0.001299984909858664 0.0010409717261261591
leaf_weight=15117642 1471 72874 755 557691 3189 2235 1161 557221 29126 15345 2244 10716 26629 8399 614 25402 49737 3167 18970 18419 564851 228119 223176 5974 6998 4903 8317 24665 15966 121022
leaf_count=15117642 1471 72874 755 557691 3189 2235 1161 557221 29126 15345 2244 10716 26629 8399 614 25402 49737 3167 18970 18419 564851 228119 223176 5974 6998 4903 8317 24665 15966 121022
internal_value=1.046e-13 5.08621e-05 5.03273e-06 0.00115018 -0.00472518 -0.00200246 -0.00041992 -0.000402917 -0.00431999 -0.0073981 -0.00279722 -0.0132179 -0.000387995 -0.00116085 -0.00628518 -0.00571644 -4.1832e-05 -0.00151877 -0.00524039 -0.000592643 0.000267652 0.00106128 0.00071599 -0.000356554 -0.00639586 -0.00936252 -0.0128768 -0.000846445 -0.00423413 0.000140676
internal_weight=1.7727e+07 1.58118e+07 1.5179e+07 632800 61375 75109 1.91518e+06 1.91371e+06 60620 31494 17589 13905 1.91255e+06 591636 34415 33801 1.32091e+06 228838 45599 183239 1.09208e+06 527224 477487 254311 26192 20218 15315 180072 40631 139441
internal_count=17726998 15811817 15179017 632800 61375 75109 1915181 1913710 60620 31494 17589 13905 1912549 591636 34415 33801 1320913 228838 45599 183239 1092075 527224 477487 254311 26192 20218 15315 180072 40631 139441
is_linear=0
shrinkage=0.1


Tree=56
num_leaves=31
num_cat=0
split_feature=0 1 7 8 7 7 8 2 3 0 8 3 5 3 3 4 7 6 4 9 3 9 7 4 4 3 3 8 2 0
split_gain=38.7972 70.5939 65.7409 44.0955 67.3771 41.7891 54.3517 39.8014 64.122 62.5345 59.845 84.0438 122.579 107.367 81.4667 88.6751 67.966 62.5691 76.0452 60.8285 58.3676 117.841 115.507 54.8004 54.0347 52.3779 83.186 100.654 96.7299 61.5628
threshold=5.5000000000000009 146.50000000000003 47310870.000000007 6677.5000000000009 631420.87500000012 775239.53125000012 6677.5000000000009 52.500000000000007 98805.000000000015 17.500000000000004 73915.500000000015 78440.500000000015 80098.000000000015 66859.500000000015 84544.500000000015 41765.500000000007 8460488.0000000019 77542.898437500015 65541.500000000015 76051.500000000015 84246.000000000015 65160.000000000007 44028172.000000007 75346.000000000015 73215.500000000015 92887.500000000015 90010.000000000015 75670.500000000015 31.500000000000004 28.500000000000004
decision_type=2 2 2 2 2 2 2 2 2 2 2 2 2 2 2 2 2 2 2 2 2 2 2 2 2 2 2 2 2 2
left_child=2 5 3 -1 -5 6 -2 8 10 -9 14 13 16 -12 17 -16 19 18 20 -13 -3 -22 -23 -15 -21 26 29 -28 -29 -14
right_child=1 7 -4 4 -6 -7 -8 9 -10 -11 11 12 25 23 15 -17 -18 -19 -20 24 21 22 -24 -25 -26 -27 27 28 -30 -31
leaf_value=0.0096657391292891137 0.005414955396864032 9.2823000878368412e-05 0.0006713562869836929 -0.018067295055933835 -0.0011449249743732928 0.00250037753517313 -0.014897499547191183 -0.0016618837048050696 0.0016273790761847505 -0.00012237227516616309 -0.013297166083137827 0.0056678284734423875 -0.004157910481885442 0.0021516969079948003 -0.0015164161800427225 0.0018678281704058467 -0.014503472556438522 0.0084499393608690517 -0.0028096710404789333 -0.0055438860789996693 0.0030902273149255254 -0.023075436886467141 -0.0030368818158816816 0.010920203667815688 -0.029957215359427615 0.00037804144235409142 0.0011553234736985513 0.01061664272017558 -0.011895389602932559 0.0013364397676215122
leaf_weight=3753 2257 9598512 281324 2361 679573 146504 3164 277172 278200 5488611 3904 4363 35392 33171 92894 464932 11479 8884 91860 5540 9525 5159 6502 9078 1084 96225 11436 2074 23944 48121
leaf_count=3753 2257 9598512 281324 2361 679573 146504 3164 277172 278200 5488611 3904 4363 35392 33171 92894 464932 11479 8884 91860 5540 9525 5159 6502 9078 1084 96225 11436 2074 23944 48121
internal_value=-4.72814e-13 3.55354e-05 -0.00061589 -0.00114402 -0.00120351 0.00218135 -0.00644053 1.59062e-05 0.000128797 -0.000196379 8.93326e-05 -0.00133798 -0.0020905 0.00256961 0.000129022 0.00130425 -0.00912238 6.15793e-05 5.39057e-05 -0.00350032 8.12505e-05 -0.00516178 -0.0119022 0.00403578 -0.00953906 -0.00136313 -0.00274817 -0.00666396 -0.0101009 -0.000992013
internal_weight=1.7727e+07 1.676e+07 967011 685687 681934 151925 5421 1.66081e+07 1.08423e+07 5.76578e+06 1.05641e+07 285811 239658 46153 1.02783e+07 557826 22466 9.72044e+06 9.71156e+06 10987 9.6197e+06 21186 11661 42249 6624 217192 120967 37454 26018 83513
internal_count=17726998 16759987 967011 685687 681934 151925 5421 16608062 10842279 5765783 10564079 285811 239658 46153 10278268 557826 22466 9720442 9711558 10987 9619698 21186 11661 42249 6624 217192 120967 37454 26018 83513
is_linear=0
shrinkage=0.1


Tree=57
num_leaves=31
num_cat=0
split_feature=2 9 3 2 4 3 4 7 0 8 8 7 5 10 2 3 6 0 4 7 10 9 4 4 8 5 9 7 9 4
split_gain=38.6531 37.5502 64.6003 49.1665 103.212 67.4082 149.065 121.89 62.7773 85.775 50.2052 47.5942 47.1862 74.3771 45.0516 46.439 44.9157 44.0561 39.9568 39.2557 38.3563 63.7542 62.5238 68.4072 59.772 59.5797 86.2423 63.737 61.8242 58.288
threshold=17.500000000000004 101442.00000000001 118002.50000000001 62.500000000000007 71074.500000000015 109383.00000000001 74368.500000000015 9829192.5000000019 23.500000000000004 37172.500000000007 91024.500000000015 19091909.000000004 80624.500000000015 77605.500000000015 48.500000000000007 126365.50000000001 78694.800781250015 21.500000000000004 77763.500000000015 206478216.00000003 66942.500000000015 65841.500000000015 58003.000000000007 48597.000000000007 63342.500000000007 64957.000000000007 62673.500000000007 7140484.5000000009 52101.000000000007 62267.000000000007
decision_type=2 2 2 2 2 2 2 2 2 2 2 2 2 2 2 2 2 2 2 2 2 2 2 2 2 2 2 2 2 2
left_child=-1 2 3 -2 8 6 7 -6 9 -5 18 -4 13 20 17 -16 -14 -3 -7 -11 22 24 23 -10 -22 26 28 -27 -25 -24
right_child=1 14 11 4 5 10 -8 -9 12 19 -12 -13 16 -15 15 -17 -18 -19 -20 -21 21 -23 29 25 -26 27 -28 -29 -30 -31
leaf_value=-0.0020160370689655048 4.7912649156087776e-05 -0.0024814767560076014 0.0040422136223171789 0.0045321870160437731 -0.0031254288547395079 -0.0090394234894766636 0.0044275458998366832 -0.021263617607508511 0.00030653849307758844 -0.0049630859998372849 0.0050751062592487451 0.00079443264506060701 0.0064913148307028448 -0.01499064492856924 -0.023746859601854697 -0.0056139942634037925 -0.0013848398269922166 0.0070133466473124078 -0.021238758024037088 0.0082347617782051862 -0.0036420249894358412 -0.00081413736218814963 0.0031109832187987134 0.0059834686589106158 -0.015448761561003145 -0.0094659692605126421 -0.018943207679828704 0.0017029619957693567 -0.0026468963145577832 -0.030428946697620599
leaf_weight=94594 15900288 33656 62851 12413 11919 13604 16975 5376 687898 65510 2063 159952 19802 3448 1652 9737 11414 5717 3345 2334 23456 240540 70245 8706 5247 5532 3145 66881 178176 522
leaf_count=94594 15900288 33656 62851 12413 11919 13604 16975 5376 687898 65510 2063 159952 19802 3448 1652 9737 11414 5717 3345 2334 23456 240540 70245 8706 5247 5532 3145 66881 178176 522
internal_value=-2.80505e-13 1.08156e-05 1.86569e-05 -3.05946e-06 -0.000558728 -0.00487883 -0.00222958 -0.00876353 -0.000394928 -0.00311068 -0.00965422 0.00171061 -0.000230433 -0.000323127 -0.00270507 -0.00824421 0.00361143 -0.00110282 -0.011447 -0.00450905 -0.000283933 -0.0013457 -3.96955e-06 -0.000217502 -0.00580033 -0.0015911 -0.00252121 0.00084971 -0.00224485 0.00286358
internal_weight=1.7727e+07 1.76324e+07 1.75816e+07 1.73588e+07 1.45855e+06 53282 34270 17295 1.40527e+06 80257 19012 222803 1.32501e+06 1.2938e+06 50762 11389 31216 39373 16949 67844 1.29035e+06 269243 1.0211e+06 950338 28703 262440 190027 72413 186882 70767
internal_count=17726998 17632404 17581642 17358839 1458551 53282 34270 17295 1405269 80257 19012 222803 1325012 1293796 50762 11389 31216 39373 16949 67844 1290348 269243 1021105 950338 28703 262440 190027 72413 186882 70767
is_linear=0
shrinkage=0.1


Tree=58
num_leaves=31
num_cat=0
split_feature=0 9 5 5 3 1 3 9 3 2 8 4 10 5 9 8 4 9 1 7 8 0 8 5 9 5 6 0 2 3
split_gain=34.0262 51.0991 120.743 108.605 81.6809 80.6101 76.7576 98.0607 82.5529 77.375 78.3416 81.4582 103.041 78.3745 74.4906 72.7798 87.9947 72.0684 83.3274 75.844 68.1948 66.9943 65.7689 58.8514 81.6925 125.92 57.1678 55.9341 57.68 58.3061
threshold=119.50000000000001 59062.000000000007 62620.500000000007 62248.500000000007 82316.000000000015 636.50000000000011 65627.500000000015 45057.500000000007 58487.500000000007 60.500000000000007 26413.500000000004 12057.500000000002 50192.500000000007 48194.500000000007 52436.500000000007 57596.500000000007 21643.500000000004 54798.000000000007 309.50000000000006 1603248.5625000002 54640.000000000007 32.500000000000007 45699.000000000007 48519.500000000007 39491.000000000007 40652.500000000007 57225.699218750007 11.500000000000002 49.500000000000007 71765.000000000015
decision_type=2 2 2 2 2 2 2 2 2 2 2 2 2 2 2 2 2 2 2 2 2 2 2 2 2 2 2 2 2 2
left_child=1 3 4 6 15 -5 7 8 23 10 11 12 -9 21 -11 16 -3 18 -8 -19 26 22 -12 24 -1 -26 -15 -21 -29 -30
right_child=-2 2 -4 5 -6 -7 17 9 -10 14 13 -13 -14 20 -16 -17 -18 19 -20 27 -22 -23 -24 -25 25 -27 -28 28 29 -31
leaf_value=0.00015039727828874288 0.00034442290742054744 -0.050221684778094217 -0.00022266286395287196 0.003385572891664627 0.0012475916467472085 0.00052142110384918348 0.0034892443862294719 -0.0044651584669858487 0.0014743921574566009 -0.0022459150205681399 -0.0057945923553068615 -0.0027674968595789331 -0.034784029714670379 -0.00019531215392799064 -0.0099201187373767347 -0.005717123614326935 -0.0011267891483278817 0.0048481217528913642 0.0006948689927849961 -0.0048121956694429846 -0.0023388245648506825 -0.0015437964475648878 -0.027144212299519639 0.0021006289108617452 -0.025832186465224227 -0.00078591765603219148 -0.014491147519565085 0.0011018229766995005 -0.0028727724370884657 -0.00026086683093881391
leaf_weight=3785097 2468855 367 4565328 163404 40634 246500 115494 2321 402850 84369 32022 9522 2168 2093112 14879 86852 69647 26994 1403605 29551 162844 93115 1511 128280 2011 1087899 2801 187251 119860 297855
leaf_count=3785097 2468855 367 4565328 163404 40634 246500 115494 2321 402850 84369 32022 9522 2168 2093112 14879 86852 69647 26994 1403605 29551 162844 93115 1511 128280 2011 1087899 2801 187251 119860 297855
internal_value=-1.7052e-13 -5.57296e-05 -0.000327387 6.75498e-05 -0.00274814 0.00166319 2.69797e-06 -0.000142198 9.72503e-05 -0.000660272 -0.000547096 -0.00800282 -0.0191079 -0.000503304 -0.00339641 -0.00378318 -0.00138414 0.000527953 0.00090732 -0.000343227 -0.000367575 -0.00292401 -0.00675661 -1.36332e-05 -6.92674e-05 -0.000832131 -0.000214417 -0.000564081 -0.000356571 -0.00101033
internal_weight=1.7727e+07 1.52581e+07 4.76283e+06 1.04953e+07 197500 409904 1.00854e+07 7.9048e+06 5.40614e+06 2.49866e+06 2.39942e+06 14011 4489 2.3854e+06 99248 156866 70014 2.18061e+06 1.5191e+06 661511 2.25876e+06 126648 33533 5.00329e+06 4.87501e+06 1.08991e+06 2.09591e+06 634517 604966 417715
internal_count=17726998 15258143 4762828 10495315 197500 409904 10085411 7904801 5406137 2498664 2399416 14011 4489 2385405 99248 156866 70014 2180610 1519099 661511 2258757 126648 33533 5003287 4875007 1089910 2095913 634517 604966 417715
is_linear=0
shrinkage=0.1


Tree=59
num_leaves=31
num_cat=0
split_feature=1 2 0 7 0 4 10 3 3 7 4 7 4 5 3 9 7 2 3 7 3 10 1 2 8 3 2 5 3 9
split_gain=33.6332 35.977 83.9413 43.1393 45.8325 50.6511 45.2478 59.2247 44.7229 56.7134 38.8608 61.3202 50.9228 95.727 47.3809 58.6364 84.058 52.9699 52.03 49.9856 40.2609 79.5613 73.3858 81.9677 72.8072 89.4198 88.7526 82.0963 84.1323 130.938
threshold=27.500000000000004 42.500000000000007 9.5000000000000018 10497909.500000002 5.5000000000000009 11581.000000000002 83324.000000000015 87353.000000000015 83498.000000000015 3894610.0000000005 12421.500000000002 133871188.00000001 31801.000000000004 74279.000000000015 126365.50000000001 94653.000000000015 42679802.000000007 46.500000000000007 103716.00000000001 16790950.000000004 71474.500000000015 64462.500000000007 945.50000000000011 64.500000000000014 58227.000000000007 61035.000000000007 52.500000000000007 62620.500000000007 70696.000000000015 60402.000000000007
decision_type=2 2 2 2 2 2 2 2 2 2 2 2 2 2 2 2 2 2 2 2 2 2 2 2 2 2 2 2 2 2
left_child=-1 3 -3 4 5 -2 7 8 -6 -10 -4 14 -13 -14 15 20 18 -18 -17 -20 24 22 23 -22 -12 26 -26 -27 -29 -30
right_child=1 2 10 -5 6 -7 -8 -9 9 -11 11 12 13 -15 -16 16 17 -19 19 -21 21 -23 -24 -25 25 27 -28 28 29 -31
leaf_value=-0.001481127272756478 0.0043563542659940764 -0.0016671410847034333 0.00088046394282471614 0.00048068296265885374 5.4858284036622072e-05 -0.0020968842535404575 -0.0060424274709810948 0.0067075683478273673 -0.041473120698269382 -0.0055207610888184482 -0.00013393679185583137 -0.00091406073142446035 -0.015871775593894282 -0.0025877057855332231 0.0022640404432449188 0.0052252727093172703 0.010985978789240541 -0.012316576940872624 -0.023180257100358696 -0.0080349670487256369 0.0020224780978237971 -0.00018989430271512735 0.00025189900967455503 -0.0011482294260512537 -0.0062326111054672416 -0.0063403905244442298 -0.029422321185575081 6.1152544293847759e-05 -0.030427509826371171 -0.0038384608949447573
leaf_weight=152000 13123 325464 442260 2997647 2218696 166228 12179 13360 470 6602 5862508 337934 6390 35908 89163 2372 4251 1266 2648 12308 534099 2620605 1494719 96221 16248 28916 1837 200506 1978 29092
leaf_count=152000 13123 325464 442260 2997647 2218696 166228 12179 13360 470 6602 5862508 337934 6390 35908 89163 2372 4251 1266 2648 12308 534099 2620605 1494719 96221 16248 28916 1837 200506 1978 29092
internal_value=1.15942e-13 1.28098e-05 -8.28365e-05 0.000226833 -8.62304e-05 -0.0016247 3.63326e-05 6.9396e-05 2.95509e-05 -0.00791013 -3.92172e-05 -7.49619e-05 -0.00132349 -0.00459454 -3.17998e-05 -5.05635e-05 -0.00511152 0.00563868 -0.00853424 -0.0107165 -3.99434e-05 0.000178817 0.000633512 0.00153846 -0.000208995 -0.00178855 -0.00858813 -0.00131648 -0.000689159 -0.00553119
internal_weight=1.7727e+07 1.7575e+07 1.21467e+07 5.4283e+06 2.43066e+06 179351 2.25131e+06 2.23913e+06 2.22577e+06 7072 1.18212e+07 1.1379e+07 380232 42298 1.09987e+07 1.09096e+07 22845 5517 17328 14956 1.08867e+07 4.74564e+06 2.12504e+06 630320 6.14108e+06 278577 18085 260492 231576 31070
internal_count=17726998 17574998 12146693 5428305 2430658 179351 2251307 2239128 2225768 7072 11821229 11378969 380232 42298 10998737 10909574 22845 5517 17328 14956 10886729 4745644 2125039 630320 6141085 278577 18085 260492 231576 31070
is_linear=0
shrinkage=0.1


Tree=60
num_leaves=31
num_cat=0
split_feature=3 8 1 8 5 10 6 5 9 5 3 3 7 8 0 0 5 10 5 8 8 8 4 7 5 8 3 3 5 8
split_gain=29.5975 67.9544 54.8715 52.9725 59.0321 66.8513 65.492 53.5024 58.9853 94.7692 72.0238 137.596 114.659 97.9606 79.5507 73.2004 59.1286 64.0197 74.7494 60.926 68.4496 61.4105 52.4223 58.2057 57.1713 51.5703 51.5614 119.193 81.4101 50.8792
threshold=106575.50000000001 85037.500000000015 508.50000000000006 75201.500000000015 81170.000000000015 78252.500000000015 76962.750000000015 79632.500000000015 70000.500000000015 73399.500000000015 72347.000000000015 84544.500000000015 7313550.2500000009 66653.000000000015 25.500000000000004 32.500000000000007 72137.500000000015 69872.500000000015 71179.500000000015 68014.500000000015 64838.500000000007 65114.500000000007 60852.000000000007 32286027.000000004 83090.000000000015 69813.500000000015 92887.500000000015 90010.000000000015 84465.500000000015 78419.500000000015
decision_type=2 2 2 2 2 2 2 2 2 2 2 2 2 2 2 2 2 2 2 2 2 2 2 2 2 2 2 2 2 2
left_child=3 2 -2 4 5 7 -7 8 16 10 -10 12 25 -14 -15 -13 17 -1 19 20 -19 -22 24 26 -5 -12 27 28 -24 -28
right_child=1 -3 -4 22 -6 6 -8 -9 9 -11 11 15 13 14 -16 -17 -18 18 -20 -21 21 -23 23 -25 -26 -27 29 -29 -30 -31
leaf_value=1.0819757453352799e-05 0.0035457691356583377 -0.0013302434427418428 0.0007345110754350487 -0.014101413307115311 0.0015663413232271048 -0.0051019921205018347 0.0061547537920710951 0.0025341907903055285 0.0011619644840786137 -0.00049311151796887175 -0.00077648126056858167 -0.010117912894861969 -0.0060342839702280451 -0.0086938794116191969 -0.028681362241939345 0.0015458804363885641 0.0011564960444910434 -0.0034377197714046113 -0.00086187954441599858 0.0022253592588266521 -0.037092622818148603 -0.012287207543731504 -0.0039080392418448162 0.0009755266910644819 -0.0029638897484234122 -0.014706767291870246 0.0012806201360186589 -0.0079160433484519212 0.00084630449433008596 -0.0016407461673577858
leaf_weight=14731427 82666 135680 433618 5377 239754 42398 5886 82671 19299 730667 10527 6998 5379 2807 6852 23281 450426 10276 75022 5723 1104 10399 66767 151923 32266 3555 106422 34077 78199 135552
leaf_count=14731427 82666 135680 433618 5377 239754 42398 5886 82671 19299 730667 10527 6998 5379 2807 6852 23281 450426 10276 75022 5723 1104 10399 66767 151923 32266 3555 106422 34077 78199 135552
internal_value=1.17165e-13 0.00066127 0.00118464 -2.52488e-05 8.6702e-06 -1.43477e-05 -0.00372975 -3.25778e-06 -1.62922e-05 -0.000848238 -0.00414539 -0.00586978 -0.0107776 -0.0168498 -0.0228728 -0.00114982 2.77624e-05 -6.51105e-06 -0.00249673 -0.00695641 -0.00936916 -0.0146679 -0.000939879 -0.000702374 -0.0045548 -0.00429318 -0.00130784 -0.00259437 -0.0013434 -0.000355907
internal_weight=1.7727e+07 651964 516284 1.7075e+07 1.64645e+07 1.62247e+07 48284 1.61764e+07 1.60937e+07 809365 78698 59399 29120 15038 9659 30279 1.52844e+07 1.4834e+07 102524 27502 21779 11503 610583 572940 37643 14082 421017 179043 144966 241974
internal_count=17726998 651964 516284 17075034 16464451 16224697 48284 16176413 16093742 809365 78698 59399 29120 15038 9659 30279 15284377 14833951 102524 27502 21779 11503 610583 572940 37643 14082 421017 179043 144966 241974
is_linear=0
shrinkage=0.1


Tree=61
num_leaves=31
num_cat=0
split_feature=1 7 2 0 1 0 1 0 1 0 4 1 1 4 0 1 1 4 0 3 1 0 4 1 7 8 1 0 4 1
split_gain=31.8091 48.8353 42.605 47.0247 67.5531 44.6845 84.2587 61.6792 77.4987 62.3862 61.3746 55.4617 51.9717 51.0034 48.5136 57.1636 51.5695 65.8392 54.9613 45.6011 43.5579 67.0385 46.1547 43.3045 36.6694 39.9312 35.859 87.2774 58.8421 41.8859
threshold=46.500000000000007 65477370.000000007 33.500000000000007 7.5000000000000009 183.50000000000003 10.500000000000002 246.50000000000003 13.500000000000002 309.50000000000006 17.500000000000004 33365.500000000007 399.50000000000006 381.50000000000006 50757.500000000007 22.500000000000004 499.50000000000006 517.50000000000011 46317.500000000007 27.500000000000004 62989.500000000007 627.50000000000011 33.500000000000007 42166.500000000007 608.50000000000011 2161221.8750000005 10924.000000000002 755.50000000000011 40.500000000000007 49999.000000000007 909.50000000000011
decision_type=2 2 2 2 2 2 2 2 2 2 2 2 2 2 2 2 2 2 2 2 2 2 2 2 2 2 2 2 2 2
left_child=1 -1 -2 24 -5 -6 19 -8 10 12 -9 13 -10 -11 15 -13 17 -16 23 -7 22 -22 -20 -18 -4 -26 28 -28 -23 -29
right_child=2 -3 3 4 5 6 7 8 9 11 -12 14 -14 -15 16 -17 18 -19 20 -21 21 26 -24 -25 25 -27 27 29 -30 -31
leaf_value=-0.0020581445150394651 0.00056919139060838421 0.00052455693794205792 -0.005601330250925401 0.0024666176236602371 -0.001199835263528811 0.0010245325022346895 -0.0014615684064296101 0.00033439894680010611 -0.00066853468930154491 0.00079471511867142499 0.0040906352365861843 -0.0006352262440805094 -0.0035411792274803624 0.0043391508893661718 0.00037795929084622973 -0.0042768231124304806 -0.00085356272705688961 0.0031981639004997038 0.0002439569468793551 0.004702300346065072 -0.0013866812548644098 0.00027129479144937825 0.0022732441093816693 -0.0043439367103467203 0.011445086359657537 -0.00083135537728106727 -0.0015416575997782512 0.00074906794167183097 0.0026822393471625551 -1.2040928127889841e-05
leaf_weight=181110 1296551 122890 16183 110818 309925 88141 287075 91844 299957 223690 82639 376928 79718 49600 319526 48672 277962 111724 322013 54597 342601 479334 171918 40758 2662 565172 359300 778777 128334 10106579
leaf_count=181110 1296551 122890 16183 110818 309925 88141 287075 91844 299957 223690 82639 376928 79718 49600 319526 48672 277962 111724 322013 54597 342601 479334 171918 40758 2662 565172 359300 778777 128334 10106579
internal_value=1.0199e-13 -0.0010141 1.76943e-05 -2.66455e-05 6.4559e-06 -1.12111e-05 1.31502e-05 -9.89262e-06 1.84727e-05 -6.70643e-06 0.00211344 2.72652e-05 -0.00127169 0.001438 -5.42701e-07 -0.00105168 3.27463e-05 0.00110859 -2.92196e-06 0.00243127 2.9656e-05 -7.63173e-06 0.000950272 -0.00129991 -0.000907573 -0.000773804 3.22308e-05 -8.20419e-06 0.000780465 4.24115e-05
internal_weight=1.7727e+07 304000 1.7423e+07 1.61264e+07 1.55424e+07 1.54316e+07 1.51217e+07 1.49789e+07 1.46919e+07 1.45174e+07 174483 1.41377e+07 379675 273290 1.38644e+07 425600 1.34388e+07 431250 1.30076e+07 142738 1.26889e+07 1.21949e+07 493931 318720 584017 567834 1.18523e+07 1.12447e+07 607668 1.08854e+07
internal_count=17726998 304000 17422998 16126447 15542430 15431612 15121687 14978949 14691874 14517391 174483 14137716 379675 273290 13864426 425600 13438826 431250 13007576 142738 12688856 12194925 493931 318720 584017 567834 11852324 11244656 607668 10885356
is_linear=0
shrinkage=0.1


Tree=62
num_leaves=31
num_cat=0
split_feature=2 2 4 8 3 0 4 8 3 8 8 5 8 2 7 5 4 7 5 0 3 5 4 9 4 4 9 3 4 10
split_gain=29.6627 28.5522 33.6918 62.4319 68.9239 56.9365 41.1112 68.7287 32.9857 68.6971 48.4745 60.8432 82.5358 70.9121 60.8555 83.7872 76.8808 117.552 53.691 51.0571 64.1133 50.6947 50.5595 49.1555 52.3277 48.14 47.3281 50.8467 47.089 46.1343
threshold=15.500000000000002 75.500000000000014 58394.500000000007 54135.000000000007 92887.500000000015 82.500000000000014 63304.500000000007 68014.500000000015 106575.50000000001 85037.500000000015 78419.500000000015 83090.000000000015 71933.000000000015 56.500000000000007 6242027.0000000009 78586.000000000015 67960.000000000015 15309812.500000002 81170.000000000015 28.500000000000004 53911.000000000007 79036.000000000015 58211.000000000007 76051.500000000015 66528.500000000015 77763.500000000015 80258.500000000015 88735.500000000015 71074.500000000015 86351.500000000015
decision_type=2 2 2 2 2 2 2 2 2 2 2 2 2 2 2 2 2 2 2 2 2 2 2 2 2 2 2 2 2 2
left_child=-1 8 3 -3 5 -5 -4 -8 10 25 11 12 21 19 -15 -16 -17 28 -12 20 -14 -2 -20 -22 -25 29 -21 -28 -18 -10
right_child=1 2 6 4 -6 -7 7 -9 9 -11 18 -13 13 14 15 16 17 -19 22 26 23 -23 -24 24 -26 -27 27 -29 -30 -31
leaf_value=-0.0021841301696088242 1.2999506183930822e-05 -0.00010920404021438756 0.0038751692923068683 -0.018666340853404989 -0.0028715613275183396 -0.0045125208295682525 -0.01081641563598202 0.0010508443014129354 0.001445417471474092 -0.0012292572232888079 -0.028523767256077883 0.0015185845057655049 0.023678679124601924 0.00054949834707309969 -0.010094753196189181 0.0022535373796424766 -0.0096348237441722748 -0.025802606457769186 -0.0076761448412328657 0.00032135053921419221 -0.00039239133153710806 0.0019366248643477133 -0.00090218366248506407 -0.0096449374795252174 -0.002776235317979318 0.0053914986695758546 -0.033527053305535244 -0.0052874571963519648 0.0013056092695651062 -0.0020140790101783514
leaf_weight=61963 15782968 64526 23997 5722 42564 5647 6451 20042 375241 133352 717 266210 908 21319 25065 17245 7203 2824 11402 212395 39284 138200 327486 16899 32273 27744 731 4990 8669 42961
leaf_count=61963 15782968 64526 23997 5722 42564 5647 6451 20042 375241 133352 717 266210 908 21319 25065 17245 7203 2824 11402 212395 39284 138200 327486 16899 32273 27744 731 4990 8669 42961
internal_value=6.57454e-13 7.66119e-06 -0.0012861 -0.00220804 -0.00471912 -0.0116361 0.000876941 -0.00183881 2.01543e-05 0.000762148 -5.25453e-06 1.89741e-05 -5.50088e-06 -0.00144312 -0.00404975 -0.00565699 -0.00256213 -0.00700406 -0.00118793 -0.000745223 -0.0027584 2.96971e-05 -0.0011301 -0.00302978 -0.00513681 0.00135764 7.95932e-05 -0.00889577 -0.00365936 0.00109003
internal_weight=1.7727e+07 1.7665e+07 168949 118459 53933 11369 50490 26493 1.74961e+07 579298 1.69168e+07 1.65772e+07 1.6311e+07 389805 82325 61006 35941 18696 339605 307480 89364 1.59212e+07 338888 88456 49172 445946 218116 5721 15872 418202
internal_count=17726998 17665035 168949 118459 53933 11369 50490 26493 17496086 579298 16916788 16577183 16310973 389805 82325 61006 35941 18696 339605 307480 89364 15921168 338888 88456 49172 445946 218116 5721 15872 418202
is_linear=0
shrinkage=0.1


Tree=63
num_leaves=31
num_cat=0
split_feature=0 1 7 2 3 9 5 5 9 9 4 5 3 6 7 7 0 2 3 10 5 5 9 5 3 6 9 2 0 0
split_gain=27.3084 101.886 55.0159 54.0849 52.4046 93.7902 102.682 96.6265 81.7597 79.876 104.009 79.9597 68.1989 97.153 67.5369 67.2228 64.0043 59.639 77.2091 138.308 57.7429 56.393 143.859 80.0764 76.2667 60.1182 54.8828 54.6122 53.2189 52.9353
threshold=85.500000000000014 1530.5000000000002 4871143.5000000009 62.500000000000007 87757.500000000015 63704.500000000007 68814.500000000015 66770.500000000015 83701.500000000015 59062.000000000007 49999.000000000007 64125.500000000007 86648.500000000015 62604.000000000007 133871188.00000001 5444012.7500000009 33.500000000000007 53.500000000000007 78678.500000000015 69624.500000000015 90892.500000000015 61848.500000000007 54620.500000000007 57080.500000000007 62326.000000000007 54731.000000000007 66045.500000000015 47.500000000000007 25.500000000000004 29.500000000000004
decision_type=2 2 2 2 2 2 2 2 2 2 2 2 2 2 2 2 2 2 2 2 2 2 2 2 2 2 2 2 2 2
left_child=1 2 -1 4 5 7 12 9 15 10 21 14 -7 -14 28 -6 -16 26 19 -19 -10 22 24 25 -4 -24 -8 -17 -11 -28
right_child=-2 -3 3 -5 8 6 17 -9 20 11 -12 -13 13 -15 16 27 -18 18 -20 -21 -22 -23 23 -25 -26 -27 29 -29 -30 -31
leaf_value=-0.0004581793267802427 0.00016693225386991154 -0.0014671809766836916 1.2284473113253936e-05 -0.00082299707104719136 0.0073448093632284663 -0.0028261136226100415 0.0017669544380644574 0.0022485127512373582 -0.0041009519090058413 -0.0046311213708023205 0.0021796900204434444 2.3351831404433831e-06 -0.035132486685508432 -0.0054623601710609123 -0.024851897205158582 0.0024298661098388552 -0.005136656077859114 0.0070898561321488598 -0.004503422113333766 -0.016570959825807738 -0.00011276896331644556 0.0019467195035104594 -0.0061402666873146671 -0.0014020387987503829 0.0010271555641592461 -0.030171834809180783 -0.0010932755601413666 0.0006404723777878739 -0.0011073413628283969 0.00064522028933230362
leaf_weight=2330553 6310971 514683 3206658 603454 17633 142508 125672 225180 43645 63709 265394 278138 1584 3639 2551 231063 4645 14288 66631 2987 215822 167542 25110 345712 962811 1086 501987 651377 130965 269000
leaf_count=2330553 6310971 514683 3206658 603454 17633 142508 125672 225180 43645 63709 265394 278138 1584 3639 2551 231063 4645 14288 66631 2987 215822 167542 25110 345712 962811 1086 501987 651377 130965 269000
internal_value=-6.19583e-13 -9.22829e-05 -2.73702e-05 8.97746e-05 0.000158909 5.30645e-05 -0.000779694 0.000218501 0.000780334 0.000134693 0.000253569 -0.00109722 -0.00323745 -0.0144605 -0.0026122 0.00123118 -0.0121258 -0.000409411 -0.00295885 0.00299869 -0.000783622 0.000145013 7.85441e-05 -0.00180596 0.000246638 -0.00713654 -0.000170844 0.00110902 -0.00226053 -0.000486708
internal_weight=1.7727e+07 1.1416e+07 1.09013e+07 8.57079e+06 7.96734e+06 6.8078e+06 1.1283e+06 5.6795e+06 1.15954e+06 5.45432e+06 4.97431e+06 480008 147731 5223 201870 900073 7196 980565 83906 17275 259467 4.70892e+06 4.54138e+06 371908 4.16947e+06 26196 896659 882440 194674 770987
internal_count=17726998 11416027 10901344 8570791 7967337 6807797 1128296 5679501 1159540 5454321 4974313 480008 147731 5223 201870 900073 7196 980565 83906 17275 259467 4708919 4541377 371908 4169469 26196 896659 882440 194674 770987
is_linear=0
shrinkage=0.1


Tree=64
num_leaves=31
num_cat=0
split_feature=0 7 2 1 7 8 4 4 3 5 0 1 3 4 8 9 4 4 9 3 0 2 8 5 8 9 3 3 2 8
split_gain=24.523 51.3753 44.0486 65.7965 40.7922 70.0933 36.4125 37.4626 77.9041 37.3983 35.8879 97.6631 57.6937 132.572 111.967 105.851 71.5017 69.3356 71.7563 120.513 87.8809 76.8088 143.378 71.6878 67.9958 64.5088 80.864 78.8531 71.368 91.8796
threshold=3.5000000000000004 50509242.000000007 34.500000000000007 273.50000000000006 631420.87500000012 6677.5000000000009 64707.000000000007 59359.500000000007 62326.000000000007 69516.500000000015 80.500000000000014 1484.5000000000002 65845.000000000015 64131.500000000007 69486.500000000015 56116.500000000007 49312.000000000007 62958.000000000007 42184.000000000007 49701.000000000007 27.500000000000004 60.500000000000007 50807.000000000007 43627.000000000007 52941.500000000007 83701.500000000015 87757.500000000015 92887.500000000015 70.500000000000014 58452.500000000007
decision_type=2 2 2 2 2 2 2 2 2 2 2 2 2 2 2 2 2 2 2 2 2 2 2 2 2 2 2 2 2 2
left_child=1 -1 3 4 5 -2 7 -5 -9 -10 11 12 13 14 17 16 -14 18 19 -4 -21 23 -23 -20 -17 26 28 -27 -26 -30
right_child=2 -3 10 6 -6 -7 -8 8 9 -11 -12 -13 15 -15 -16 24 -18 -19 21 20 -22 22 -24 -25 25 27 -28 -29 29 -31
leaf_value=-0.0012476973681544764 0.003881856037407374 0.00064276496061571619 -0.00032532666256081911 0.00016959469476428884 0.0019218544800196349 -0.01542205014184167 0.0052952741312167787 -0.016598061914835285 -0.024992400218782958 0.00033065032581693933 0.00015684657797476899 -0.00174893985604139 0.00074015587394701463 -0.032498790757063037 -0.023084904659415172 -0.0024445253873060131 0.0033434975412265852 0.015656870048036557 -0.014518546405978681 0.003115432532262043 0.00047979321978880061 -0.0023047834162666461 -0.015956533352797782 -0.0005997614712114172 -0.0002780472963293595 -0.0065774563286843772 0.00079537199768709192 -0.00094069481656988349 -0.020155816566416601 -0.001617869760216445
leaf_weight=424131 3862 217458 2043026 948934 339146 3667 13602 4081 611 12819 6477316 366842 1026005 1280 2158 121102 117592 2721 3707 183134 409153 68469 8667 2061623 1606886 28817 1039611 178818 4110 7650
leaf_count=424131 3862 217458 2043026 948934 339146 3667 13602 4081 611 12819 6477316 366842 1026005 1280 2158 121102 117592 2721 3707 183134 409153 68469 8667 2061623 1606886 28817 1039611 178818 4110 7650
internal_value=2.85582e-13 -0.00060695 2.27921e-05 0.000576172 0.00176023 -0.00552011 0.000157331 8.50185e-05 -0.00449823 -0.000821426 -2.37969e-05 -0.000149865 -8.40614e-05 -0.000320451 -0.000311839 0.000189719 0.00100785 -0.000301559 -0.000310647 3.87808e-05 0.00129473 -0.000740457 -0.00383869 -0.000624744 -0.00012351 -2.54321e-05 0.000107164 -0.001723 -0.000334852 -0.00809669
internal_weight=1.7727e+07 641589 1.70854e+07 1.32672e+06 346675 7529 980047 966445 17511 13430 1.57587e+07 9.28137e+06 8.91453e+06 4.78394e+06 4.78266e+06 4.13059e+06 1.1436e+06 4.7805e+06 4.77778e+06 2.63531e+06 592287 2.14247e+06 77136 2.06533e+06 2.98699e+06 2.86589e+06 2.65826e+06 207635 1.61865e+06 11760
internal_count=17726998 641589 17085409 1326722 346675 7529 980047 966445 17511 13430 15758687 9281371 8914529 4783938 4782658 4130591 1143597 4780500 4777779 2635313 592287 2142466 77136 2065330 2986994 2865892 2658257 207635 1618646 11760
is_linear=0
shrinkage=0.1


Tree=65
num_leaves=31
num_cat=0
split_feature=2 0 3 4 1 0 1 9 4 7 4 6 3 6 3 9 3 9 5 3 8 3 3 4 3 4 9 7 4 4
split_gain=25.9162 65.2468 38.8837 80.4696 75.541 54.5491 69.864 79.7175 88.9015 61.0466 58.4664 53.498 132.914 56.9451 52.9447 51.4403 96.4187 66.3115 104.617 191.276 103.53 94.9822 84.1552 80.929 75.2169 72.3853 70.9357 69.3214 70.9864 65.3338
threshold=51.500000000000007 26.500000000000004 62326.000000000007 59359.500000000007 282.50000000000006 6.5000000000000009 954.50000000000011 52101.000000000007 39349.500000000007 56123094.000000007 12057.500000000002 65082.298828125007 82316.000000000015 64001.400390625007 81877.000000000015 83701.500000000015 84949.500000000015 63288.500000000007 68105.500000000015 65167.500000000007 58676.500000000007 63864.500000000007 71199.500000000015 56155.000000000007 70422.500000000015 45510.500000000007 64938.000000000007 27410638.000000004 54642.500000000007 57758.500000000007
decision_type=2 2 2 2 2 2 2 2 2 2 2 2 2 2 2 2 2 2 2 2 2 2 2 2 2 2 2 2 2 2
left_child=2 -2 3 -1 -5 -4 7 -7 10 15 -9 13 14 -12 -13 16 17 22 19 21 -21 -19 24 -24 29 -26 -20 28 -22 -10
right_child=1 -3 5 4 -6 6 -8 8 9 -11 11 12 -14 -15 -16 -17 -18 18 26 20 27 -23 23 -25 25 -27 -28 -29 -30 -31
leaf_value=-3.7287013996506886e-05 -0.0010444085269301151 -4.5441214828788047e-05 -0.00062116661949525353 -0.0013398505101255079 -0.013986952976181067 0.002573484567762914 8.3625281502594712e-05 0.0026201735733601093 0.00082620464519300165 0.0039660652123046664 -0.0023773730782677056 -0.01701218811861056 -0.0020012700147082787 0.0074635955278795673 -0.04502032262398236 -0.0018021721662889489 0.0025873510255034517 -0.022218859382179108 0.0046618220149884015 0.0066849577727801889 -0.018228248850641181 0.011863315331262787 0.0019975460552997975 0.0079780925896115497 0.0051973865122374842 -0.0094036480512751999 -0.00037364541875306432 0.0011484527682506999 -0.0079390846089022506 -0.0081298535604668373
leaf_weight=6987513 739723 5630004 534083 11684 7927 254916 2162084 25829 252281 62585 96400 4204 11544 6262 804 73420 267219 907 30920 4739 9081 8304 165706 26205 4432 14516 293823 5836 25630 8417
leaf_count=6987513 739723 5630004 534083 11684 7927 254916 2162084 25829 252281 62585 96400 4204 11544 6262 804 73420 267219 907 30920 4739 9081 8304 165706 26205 4432 14516 293823 5836 25630 8417
internal_value=-4.41782e-13 -0.000161452 9.05506e-05 -5.52399e-05 -0.00645196 0.000325387 0.000457863 0.000947067 0.000650726 0.000921827 -0.00169318 -0.00262771 -0.00790347 -0.00177711 -0.0215087 0.000761916 0.0009303 0.000409852 -0.000574593 -0.004629 -0.00730087 0.00850727 0.00120157 0.00281418 9.48993e-05 -0.00598842 0.0001058 -0.00893548 -0.0106309 0.000537046
internal_weight=1.7727e+07 6.36973e+06 1.13573e+07 7.00712e+06 19611 4.35015e+06 3.81606e+06 1.65398e+06 1.39906e+06 1.25402e+06 145043 119214 16552 102662 5008 1.19144e+06 1.11802e+06 850797 379240 54497 45286 9211 471557 191911 279646 18948 324743 40547 34711 260698
internal_count=17726998 6369727 11357271 7007124 19611 4350147 3816064 1653980 1399064 1254021 145043 119214 16552 102662 5008 1191436 1118016 850797 379240 54497 45286 9211 471557 191911 279646 18948 324743 40547 34711 260698
is_linear=0
shrinkage=0.1


Tree=66
num_leaves=31
num_cat=0
split_feature=9 3 0 3 9 5 1 6 3 2 8 2 9 5 3 3 0 7 2 2 5 2 3 4 9 9 3 3 9 4
split_gain=24.3243 46.7907 55.4484 37.1689 53.0173 70.0477 60.8466 59.6386 56.1721 50.8897 47.5903 63.0154 46.4433 93.1119 125.556 162.107 75.3966 159.768 110.654 109.789 74.5794 69.0143 61.4238 59.6212 56.7878 72.7491 58.3326 67.4106 55.7824 66.0997
threshold=32746.500000000004 39332.000000000007 23.500000000000004 47591.500000000007 44259.500000000007 48194.500000000007 543.50000000000011 46025.351562500007 58725.500000000007 47.500000000000007 22843.500000000004 43.500000000000007 48526.500000000007 52215.000000000007 56711.000000000007 61338.500000000007 67.500000000000014 4783147.5000000009 48.500000000000007 38.500000000000007 49515.500000000007 64.500000000000014 57264.500000000007 41557.000000000007 59481.500000000007 55444.000000000007 59515.500000000007 61035.000000000007 51787.500000000007 38676.000000000007
decision_type=2 2 2 2 2 2 2 2 2 2 2 2 2 2 2 2 2 2 2 2 2 2 2 2 2 2 2 2 2 2
left_child=1 -1 -3 -2 6 7 8 -6 9 -5 11 -7 -12 20 -15 16 17 18 19 -16 -14 -19 -20 -22 25 26 -21 -28 -17 -30
right_child=3 2 -4 4 5 10 -8 -9 -10 -11 12 -13 13 14 15 28 -18 21 22 24 23 -23 -24 -25 -26 -27 27 -29 29 -31
leaf_value=5.0518929561584681e-05 -0.00044416677857385601 0.0031998227149117801 0.00062445032712706917 0.0019570165087052899 -0.0012738489035590298 -0.017994345606695727 0.00022599168248556005 -0.0078248352673028678 0.0035480529541105071 -0.00096981297607406361 0.00058363852156089737 -0.0025352642662577691 -0.038960141175583198 0.0013433186597403791 -0.0038413577968701737 0.00088600545692689632 -0.00043352008189650082 -0.001795841906604126 -0.022933593611384549 -0.007226572392904836 5.2620556349966978e-05 -0.029165929709097524 0.0021736207625079169 -0.002923111149040114 -0.0052305374096915528 -0.03015681355394538 -0.027180259247812907 0.0021602451321117481 -0.0010091029713304054 5.9973038795031947e-06
leaf_weight=2115507 2063361 99638 519396 156052 275499 3014 1532865 14635 110379 95923 1140254 21070 541 615585 11046 634260 272171 311724 1075 5252 108366 924 10413 177807 3641 4288 4456 950 709312 6707594
leaf_count=2115507 2063361 99638 519396 156052 275499 3014 1532865 14635 110379 95923 1140254 21070 541 615585 11046 634260 272171 311724 1075 5252 108366 924 10413 177807 3641 4288 4456 950 709312 6707594
internal_value=-1.32177e-13 0.000274282 0.00103898 -5.00274e-05 1.28735e-05 -7.10514e-05 0.00050148 -0.0016043 0.00166688 0.000842818 -2.96462e-05 -0.0044699 -1.96703e-05 -9.14832e-05 -3.67202e-05 -0.000134625 -0.00168478 -0.00264744 -0.00850721 -0.0117371 -0.00186641 -0.00187673 -0.00017581 -0.00179628 -0.0164294 -0.0191576 -0.0147323 -0.0220242 -1.41077e-05 -9.10813e-05
internal_weight=1.7727e+07 2.73454e+06 619034 1.49925e+07 1.29291e+07 1.10339e+07 1.89522e+06 290134 362354 251975 1.07437e+07 24084 1.07197e+07 9.5794e+06 9.29269e+06 8.67711e+06 625940 353769 41121 29633 286714 312648 11488 286173 18587 14946 10658 5406 8.05117e+06 7.41691e+06
internal_count=17726998 2734541 619034 14992457 12929096 11033877 1895219 290134 362354 251975 10743743 24084 10719659 9579405 9292691 8677106 625940 353769 41121 29633 286714 312648 11488 286173 18587 14946 10658 5406 8051166 7416906
is_linear=0
shrinkage=0.1


Tree=67
num_leaves=31
num_cat=0
split_feature=3 8 7 6 5 2 5 4 4 3 8 3 3 2 3 4 3 9 2 7 4 3 3 2 8 10 7 5 3 3
split_gain=24.1758 48.5461 41.41 32.0756 61.8733 71.8938 58.273 109.133 60.8431 57.8946 90.8413 78.9188 73.7973 56.9633 54.0059 88.6931 51.4884 46.1889 53.2941 84.6515 55.8213 65.6423 51.44 71.4783 69.5407 44.4157 45.6513 48.4281 56.1935 47.3555
threshold=118002.50000000001 91024.500000000015 19091909.000000004 72240.550781250015 76413.500000000015 75.500000000000014 77634.500000000015 61519.000000000007 59908.500000000007 86234.500000000015 73915.500000000015 76643.500000000015 77782.500000000015 56.500000000000007 93443.500000000015 67445.000000000015 77454.500000000015 73807.500000000015 60.500000000000007 5444012.7500000009 64707.000000000007 85827.500000000015 92887.500000000015 43.500000000000007 83191.000000000015 77165.500000000015 6334631.0000000009 79036.000000000015 86982.000000000015 90010.000000000015
decision_type=2 2 2 2 2 2 2 2 2 2 2 2 2 2 2 2 2 2 2 2 2 2 2 2 2 2 2 2 2 2
left_child=3 2 -2 4 -1 -6 7 8 -5 10 11 -9 16 -11 15 -15 -13 -8 20 -20 21 -19 23 -22 25 -25 -27 28 -28 -29
right_child=1 -3 -4 6 5 -7 17 9 -10 13 -12 12 -14 14 -16 -17 -18 18 19 -21 22 -23 -24 24 -26 26 27 29 -30 -31
leaf_value=1.3444057933281591e-06 0.0040113259800998559 -0.0016817784313120495 0.00079606778404836683 -0.0027280865613814381 0.0016103098765019163 -0.03253661664263089 0.0021856641544116505 -0.00095229433068342098 -0.018307683139249017 0.0019589584437962179 0.0048326599153160534 -0.01272131744419752 -0.0073932191080287356 -0.016146078937406268 -0.0011770145641676845 0.0063350890112511592 -0.036744661531340511 0.00056385608722988212 -0.01092886450987085 -0.0015145893765347981 0.00048377241150122301 -0.0028105094987159527 0.00096880164305847651 0.0017684202095520477 -0.013612364760610155 -0.0083842711447251715 -0.018657074283246255 -0.00014636354899119576 0.0027788206945826271 -0.0049445057395826062
leaf_weight=15731015 55501 54301 143947 4175 268062 618 74645 18238 6273 57360 9244 2166 23524 6224 44347 2444 1517 95280 10296 132046 235668 145971 454389 26876 5253 12763 3545 70379 1867 29064
leaf_count=15731015 55501 54301 143947 4175 268062 618 74645 18238 6273 57360 9244 2166 23524 6224 44347 2444 1517 95280 10296 132046 235668 145971 454389 26876 5253 12763 3545 70379 1867 29064
internal_value=1.46377e-13 0.000969075 0.00169079 -1.40731e-05 2.70445e-05 0.00153177 -0.000460523 -0.0021707 -0.0120821 -0.00154334 -0.00420393 -0.00604207 -0.00945397 -0.000225064 -0.00258808 -0.00980736 -0.0226164 -0.000229285 -0.000376632 -0.00219555 -0.000137136 -0.00147783 0.000248007 -0.000601782 -0.0023102 -0.00189932 -0.0027374 -0.00205006 -0.0112622 -0.00154871
internal_weight=1.7727e+07 253749 199448 1.74732e+07 1.59997e+07 268680 1.47355e+06 175512 10448 165064 54689 45445 27207 110375 53015 8668 3683 1.29804e+06 1.2234e+06 142342 1.08106e+06 241251 839804 385415 149747 144494 117618 104855 5412 99443
internal_count=17726998 253749 199448 17473249 15999695 268680 1473554 175512 10448 165064 54689 45445 27207 110375 53015 8668 3683 1298042 1223397 142342 1081055 241251 839804 385415 149747 144494 117618 104855 5412 99443
is_linear=0
shrinkage=0.1


Tree=68
num_leaves=31
num_cat=0
split_feature=1 2 0 9 3 5 4 7 5 2 7 6 3 4 8 0 2 8 5 2 4 10 4 8 8 8 7 4 8 1
split_gain=25.1494 26.1273 77.0541 49.3331 39.729 48.2776 47.5992 39.0515 46.9174 41.9721 37.392 45.2206 78.916 132.264 98.8753 84.9592 51.9075 48.0134 45.4044 44.9525 48.3532 76.2593 40.7659 41.7033 42.7054 40.0017 38.5041 38.0494 54.5533 76.648
threshold=18.500000000000004 48.500000000000007 16.500000000000004 101442.00000000001 126365.50000000001 101669.00000000001 58909.000000000007 2024786.7500000002 33004.000000000007 50.500000000000007 5528803.0000000009 56277.699218750007 67483.000000000015 62267.000000000007 62151.500000000007 70.500000000000014 42.500000000000007 55331.500000000007 59092.500000000007 46.500000000000007 59908.500000000007 67591.500000000015 52629.000000000007 58676.500000000007 59479.000000000007 55331.500000000007 5362002.0000000009 42435.000000000007 45495.500000000007 255.50000000000003
decision_type=2 2 2 2 2 2 2 2 2 2 2 2 2 2 2 2 2 2 2 2 2 2 2 2 2 2 2 2 2 2
left_child=-1 10 7 4 5 -4 -6 8 9 -3 11 25 13 14 15 18 -15 -17 -13 26 -21 -22 -20 -24 -25 -2 -14 28 29 -12
right_child=1 2 3 -5 6 -7 -8 -9 -10 -11 27 12 19 16 -16 17 -18 -19 22 20 21 -23 23 24 -26 -27 -28 -29 -30 -31
leaf_value=-0.0017690364463383492 -5.9004484645305739e-05 -0.018039283485584198 -5.7663835033512422e-05 -0.0071980335557445558 -0.00024305934135448483 -0.0098344792335922412 0.0041922462349708606 -0.0012276346606355359 -0.012767932766553334 0.0034652241156374122 0.0013719815311262708 -0.021165869892165238 0.0011414401970339806 -0.01121018791518851 0.0059923810553833105 -0.013807447374240249 -0.029916649098919036 0.0017524129457885335 0.0039732232494895077 0.0015868704599549669 -0.016926584623478094 -0.0030586420810222426 -0.010145871228679921 0.0043860666058565569 -0.0070260190288104728 -0.016422097589353406 -0.0071604372428141511 0.00050854026914334892 -0.00072516830352209753 7.4904185563581089e-06
leaf_weight=80000 2213988 1114 7707649 9637 48392 5054 48394 445146 6515 4899 487336 2160 115754 4361 10900 2176 2248 22374 3533 13904 4921 20416 21019 4929 9796 1495 5870 3011702 759505 2651811
leaf_count=80000 2213988 1114 7707649 9637 48392 5054 48394 445146 6515 4899 487336 2160 115754 4361 10900 2176 2248 22374 3533 13904 4921 20416 21019 4929 9796 1495 5870 3011702 759505 2651811
internal_value=2.76646e-13 8.01966e-06 -0.000121446 -4.76276e-05 -3.88039e-05 -6.40704e-05 0.00197464 -0.0013826 -0.00688879 -0.000518814 0.000122378 -0.000212442 -0.00150346 -0.00399785 -0.00283097 -0.00428844 -0.017573 0.000373258 -0.00705034 -0.000208763 -0.00315173 -0.0057521 -0.00627407 -0.00728693 -0.00320597 -7.00462e-05 0.000740763 0.000241562 3.53225e-05 0.00021932
internal_weight=1.7727e+07 1.7647e+07 8.2768e+06 7.81913e+06 7.80949e+06 7.7127e+06 96786 457674 12528 6013 9.3702e+06 2.45984e+06 244361 83496 76887 65987 6609 24550 41437 160865 39241 25337 39277 35744 14725 2.21548e+06 121624 6.91035e+06 3.89865e+06 3.13915e+06
internal_count=17726998 17646998 8276800 7819126 7809489 7712703 96786 457674 12528 6013 9370198 2459844 244361 83496 76887 65987 6609 24550 41437 160865 39241 25337 39277 35744 14725 2215483 121624 6910354 3898652 3139147
is_linear=0
shrinkage=0.1


Tree=69
num_leaves=31
num_cat=0
split_feature=0 1 2 0 0 1 3 6 3 3 8 10 4 6 5 4 3 3 4 10 3 5 4 6 8 4 6 8 3 7
split_gain=22.2626 43.1232 26.1429 55.4458 34.4195 38.39 31.4249 59.3814 62.4184 59.2257 54.7012 53.0875 68.441 52.5099 49.8469 74.7231 48.1857 191.36 71.0733 61.2291 63.5553 89.2693 52.3923 50.5294 67.6832 60.3797 49.1756 40.9293 40.5207 39.8523
threshold=123.50000000000001 2240.5000000000005 54.500000000000007 13.500000000000002 77.500000000000014 1464.5000000000002 69198.500000000015 42531.550781250007 47591.500000000007 51386.500000000007 28199.500000000004 62637.000000000007 59148.500000000007 59922.349609375007 64125.500000000007 56814.000000000007 64511.000000000007 65627.500000000015 52041.000000000007 49288.000000000007 64949.500000000007 54531.500000000007 56445.500000000007 55072.550781250007 51702.500000000007 51168.500000000007 57945.298828125007 60513.500000000007 67082.500000000015 47310870.000000007
decision_type=2 2 2 2 2 2 2 2 2 2 2 2 2 2 2 2 2 2 2 2 2 2 2 2 2 2 2 2 2 2
left_child=1 2 -1 -4 5 6 7 9 -9 10 -5 12 13 27 15 -13 23 19 -19 -18 22 -22 -21 25 -25 -10 -20 -8 -28 -16
right_child=-2 -3 3 4 -6 -7 11 8 16 -11 -12 14 -14 -15 29 -17 17 18 26 20 21 -23 -24 24 -26 -27 28 -29 -30 -31
leaf_value=6.0177590589038391e-05 0.00031159948815533085 -0.0011318327811866221 -0.0024713956051012689 0.00068992293213706408 0.00019711476464920764 -0.0021097559154946363 0.00047672004962477508 -0.026547246960412087 -0.0010230558070615883 0.0011776443858757125 -0.0025964628018924373 -0.013555149896763156 -0.028012191864694298 0.0044093947956781619 -0.00020523667432718369 0.0031797306162692617 -0.021671524270520742 -0.00060423118907290598 -0.01988893115201296 -0.018422534653864509 0.003204782380628211 -0.012392529213731504 0.00800146451498422 -0.019903675663710839 0.0072010608296440674 -0.025048421976995784 0.00386050118990597 -0.024198094849512092 -0.011439533934066845 -0.0023212458843166481
leaf_weight=11511129 2030282 353785 108342 87218 1483456 127396 597642 1017 184828 204635 120792 7028 833 35462 606138 4301 4282 105985 3090 7325 7233 7448 836 995 12434 1052 3074 673 3962 104325
leaf_count=11511129 2030282 353785 108342 87218 1483456 127396 597642 1017 184828 204635 120792 7028 833 35462 606138 4301 4282 105985 3090 7325 7233 7448 836 995 12434 1052 3074 673 3962 104325
internal_value=1.97012e-13 -4.03036e-05 -1.51346e-05 -0.00024138 -0.000176493 -0.000423917 -0.000322257 -0.000838794 -0.00180996 -3.0222e-05 -0.00121849 -3.42825e-05 0.000632915 0.000670565 -0.000620893 -0.00720183 -0.00173651 -0.00313558 -0.00136897 -0.010698 -0.00864089 -0.00470808 -0.0157157 -0.000731058 0.00519278 -0.00115903 -0.0093732 0.000448965 -0.00475501 -0.000515953
internal_weight=1.7727e+07 1.56967e+07 1.53429e+07 3.8318e+06 3.72346e+06 2.24e+06 2.11261e+06 756206 343561 412645 208010 1.3564e+06 634610 633777 721792 11329 342544 143235 116111 27124 22842 14681 8161 199309 13429 185880 10126 598315 7036 710463
internal_count=17726998 15696716 15342931 3831802 3723460 2240004 2112608 756206 343561 412645 208010 1356402 634610 633777 721792 11329 342544 143235 116111 27124 22842 14681 8161 199309 13429 185880 10126 598315 7036 710463
is_linear=0
shrinkage=0.1


Tree=70
num_leaves=31
num_cat=0
split_feature=0 1 7 4 7 3 1 5 3 7 0 1 0 1 4 0 1 4 4 0 1 1 1 7 1 0 6 0 1 1
split_gain=22.4367 82.7747 50.3266 40.3164 56.7685 45.0358 47.587 36.0233 35.0331 34.3784 34.1463 88.2095 46.7372 65.7552 51.2787 45.3042 47.5278 60.8284 43.8409 41.0434 40.8809 40.0896 32.9837 32.1816 30.4451 50.2208 42.0228 40.8343 34.1561 30.7394
threshold=6.5000000000000009 164.50000000000003 40647240.000000007 4333.5000000000009 775239.53125000012 28197.000000000004 37.500000000000007 31235.500000000004 22423.000000000004 3894610.0000000005 9.5000000000000018 228.50000000000003 12.500000000000002 291.50000000000006 59148.500000000007 15.500000000000002 354.50000000000006 35441.000000000007 59148.500000000007 18.500000000000004 408.50000000000006 354.50000000000006 273.50000000000006 4944044.0000000009 454.50000000000006 23.500000000000004 55824.800781250007 21.500000000000004 526.50000000000011 562.50000000000011
decision_type=2 2 2 2 2 2 2 2 2 2 2 2 2 2 2 2 2 2 2 2 2 2 2 2 2 2 2 2 2 2
left_child=2 23 3 -1 -5 6 -6 8 -8 -7 -3 18 22 14 -14 21 17 -17 -12 20 -18 -15 -13 -2 26 28 -21 -28 -26 -27
right_child=1 10 -4 4 5 9 7 -9 -10 -11 11 12 13 15 -16 16 19 -19 -20 24 -22 -23 -24 -25 25 29 27 -29 -30 -31
leaf_value=0.0088393669178923849 -0.00025676428698804545 -0.00098633376432766262 0.00055284116480141556 -0.011217422364662173 -0.0033320784793375228 -0.0040953433416095232 0.0043409422923913399 0.0094783849517422036 -0.0014080374401935455 -0.00093992329277642567 0.0016982168858448233 -0.0005377962424893732 0.0012734490178298052 -0.00075035582403609052 0.006557125477703667 7.2643249582552964e-05 -0.00051156468677191391 0.003322425390187695 0.0068410744681506449 0.00023515411208094455 -0.003455433246978409 -0.0040829835316534679 -0.0028154151768090599 0.003215764883781177 -0.00088862867091456417 0.00072833346252331051 0.0010602295735525735 0.0047082504775577232 -0.0040830014120099576 -6.800388237913795e-06
leaf_weight=4239 35016 338153 355093 5337 14995 36440 25762 7495 18010 658049 163081 208516 189816 228890 20336 137614 180536 99055 18451 379886 63857 42854 91476 112212 232140 594241 92494 45916 39113 13287925
leaf_count=4239 35016 338153 355093 5337 14995 36440 25762 7495 18010 658049 163081 208516 189816 228890 20336 137614 180536 99055 18451 379886 63857 42854 91476 112212 232140 594241 92494 45916 39113 13287925
internal_value=1.51989e-13 2.92917e-05 -0.000432095 -0.000886115 -0.000939929 -0.000867828 0.00162308 0.00307241 0.00197552 -0.00110549 8.17e-06 2.90369e-05 4.06612e-06 2.77891e-05 0.00178474 3.8515e-06 2.68023e-05 0.0014328 0.00222094 4.49374e-06 -0.00128076 -0.00127591 -0.00123231 0.00238988 2.59028e-05 -1.66335e-06 0.000778668 0.00227042 -0.00134924 2.46678e-05
internal_weight=1.7727e+07 1.66016e+07 1.12542e+06 770327 766088 760751 66262 51267 43772 694489 1.64544e+07 1.61162e+07 1.59347e+07 1.56347e+07 210152 1.54245e+07 1.51528e+07 236669 181532 1.49161e+07 244393 271744 299992 147228 1.46717e+07 1.41534e+07 518296 138410 271253 1.38822e+07
internal_count=17726998 16601578 1125420 770327 766088 760751 66262 51267 43772 694489 16454350 16116197 15934665 15634673 210152 15424521 15152777 236669 181532 14916108 244393 271744 299992 147228 14671715 14153419 518296 138410 271253 13882166
is_linear=0
shrinkage=0.1


Tree=71
num_leaves=31
num_cat=0
split_feature=0 2 3 8 1 4 8 5 4 4 7 4 4 3 6 10 5 3 9 3 2 6 6 4 3 3 3 5 7 2
split_gain=22.0168 22.0129 26.5151 47.2432 46.6678 36.9398 36.8071 53.9585 56.0279 41.5041 50.4613 47.2763 55.0785 41.0569 38.1352 66.3435 46.0211 66.2635 56.6462 53.2101 53.484 39.8021 68.1171 104.662 52.2437 50.8307 59.4105 74.3485 58.1893 50.5191
threshold=1.0000000180025095e-35 75.500000000000014 106575.50000000001 85037.500000000015 526.50000000000011 73215.500000000015 75201.500000000015 81170.000000000015 71074.500000000015 60852.000000000007 58054112.000000007 19589.500000000004 10519.000000000002 54152.000000000007 76962.750000000015 78252.500000000015 79036.000000000015 102829.00000000001 76051.500000000015 99539.500000000015 52.500000000000007 74566.097656250015 72240.550781250015 61156.500000000007 105634.00000000001 86234.500000000015 85469.500000000015 77634.500000000015 4696065.5000000009 50.500000000000007
decision_type=2 2 2 2 2 2 2 2 2 2 2 2 2 2 2 2 2 2 2 2 2 2 2 2 2 2 2 2 2 2
left_child=-1 2 6 4 5 -4 7 8 14 11 -11 12 -8 -13 15 16 18 -18 21 20 -20 22 -2 -24 25 26 27 28 -25 -30
right_child=1 -3 3 -5 -6 -7 9 -9 -10 10 -12 13 -14 -15 -16 -17 17 -19 19 -21 -22 -23 23 24 -26 -27 -28 -29 29 -31
leaf_value=-0.0013360013320604014 2.5213010684447451e-05 -0.0011266740032933257 0.0023084891760282405 -0.00098121008810023581 0.00069407651768803584 0.0077315826430203738 -0.013932336879237079 0.0016071287358656893 -0.0050055304614315781 -0.00084820202122780439 0.0029407005744955307 0.03941945718678156 0.0060552831284372624 -0.0067634879780810973 0.0096836841703832523 -0.0042204502121496127 0.0023772759099611098 -0.00971999451475789 -0.010875383315446616 -0.034751295673198922 0.0024630352913847069 0.0033963349333182347 -0.010360806225017756 0.0017156029046342621 -0.014955387587145484 0.00023786813083542967 -0.014121765536970443 0.0020486855621933225 -0.0095926380048727 -0.0010233260127874234
leaf_weight=122498 15634212 168949 65900 131202 364528 15518 1715 212762 22294 495235 37836 194 7030 24836 4075 37009 120971 4704 7007 639 5265 34607 13353 10145 2726 120604 4600 24230 22431 9923
leaf_count=122498 15634212 168949 65900 131202 364528 15518 1715 212762 22294 495235 37836 194 7030 24836 4075 37009 120971 4704 7007 639 5265 34607 13353 10145 2726 120604 4600 24230 22431 9923
internal_value=-2.95455e-13 9.29634e-06 2.03038e-05 0.000686794 0.00117754 0.00334211 -2.51351e-06 2.50484e-05 4.11357e-06 -0.000794662 -0.000579276 -0.00419411 0.00213547 -0.00640554 1.10693e-05 8.61387e-06 1.83865e-05 0.00192448 3.31091e-06 -0.00661777 -0.00515286 8.69516e-06 1.29493e-06 -0.00179639 -0.0012089 -0.00101366 -0.00312976 -0.00237202 -0.0048924 -0.00696442
internal_weight=1.7727e+07 1.76045e+07 1.74356e+07 577148 445946 81418 1.68584e+07 1.62916e+07 1.60788e+07 566846 533071 33775 8745 25030 1.60565e+07 1.60524e+07 1.60154e+07 125675 1.58897e+07 12911 12272 1.58768e+07 1.58422e+07 208012 194659 191933 71329 66729 42499 32354
internal_count=17726998 17604500 17435551 577148 445946 81418 16858403 16291557 16078795 566846 533071 33775 8745 25030 16056501 16052426 16015417 125675 15889742 12911 12272 15876831 15842224 208012 194659 191933 71329 66729 42499 32354
is_linear=0
shrinkage=0.1


Tree=72
num_leaves=31
num_cat=0
split_feature=1 7 2 0 7 3 0 1 0 1 0 1 4 3 0 1 0 4 2 3 10 4 9 3 7 5 1 8 7 1
split_gain=19.9764 47.1226 34.4089 44.4752 35.2719 34.9737 34.3967 45.597 32.3629 58.6569 47.6989 45.6962 43.3061 39.4936 39.4587 34.8333 45.2547 40.1392 32.2703 31.2404 30.1528 92.7598 29.8776 181.756 37.2983 29.2064 28.9784 28.4876 37.9786 27.9398
threshold=64.500000000000014 72861116.000000015 33.500000000000007 34.500000000000007 16568681.500000002 76448.000000000015 7.5000000000000009 183.50000000000003 10.500000000000002 255.50000000000003 13.500000000000002 309.50000000000006 33365.500000000007 62326.000000000007 16.500000000000004 390.50000000000006 20.500000000000004 42564.000000000007 46.500000000000007 46363.000000000007 56817.000000000007 47534.000000000007 33458.000000000007 29155.500000000004 1259646.8125000002 59233.500000000007 463.50000000000006 20438.000000000004 1054670.5625000002 499.50000000000006
decision_type=2 2 2 2 2 2 2 2 2 2 2 2 2 2 2 2 2 2 2 2 2 2 2 2 2 2 2 2 2 2
left_child=1 -1 3 4 20 -6 18 19 -9 13 -11 12 -12 -10 -13 17 26 -16 27 -8 21 22 -2 -24 -25 -22 -17 -4 -29 -18
right_child=2 -3 6 -5 5 -7 7 8 9 10 11 14 -14 -15 15 16 29 -19 -20 -21 25 -23 23 24 -26 -27 -28 28 -30 -31
leaf_value=-0.0013065903230588996 0.0015796337611488122 0.00096564564113370353 0.003161150971313548 -3.300371928690459e-05 0.0026805680402270261 -0.00054585993390935945 -0.00010295187399544871 -0.0010191457918740118 0.00055374637213911925 -0.0013730440225886338 9.8988775017103372e-05 -0.0012151273948904839 0.0033634413552788237 0.0034868354533311875 0.00025404595156656984 -0.00086298034614475355 0.00074419814356365191 0.0026810717938090226 -0.0025585861827520551 0.0033509649199383188 -0.01294722133003009 0.010057312493034855 -0.030723027458257099 -0.021439638718341789 6.6076313451196675e-05 -0.0010544902672333539 -0.0038379912581679131 -0.015819419365222374 -0.00057445318212067721 -7.5517889208679469e-06
leaf_weight=320372 131527 127628 20728 627515 194842 40597 42443 309925 111509 252051 83859 264244 78846 78031 200971 238948 513699 103101 86999 68375 2138 10805 1977 813 100212 60460 37940 1640 456315 13158488
leaf_count=320372 131527 127628 20728 627515 194842 40597 42443 309925 111509 252051 83859 264244 78846 78031 200971 238948 513699 103101 86999 68375 2138 10805 1977 813 100212 60460 37940 1640 456315 13158488
internal_value=-2.3859e-13 -0.000659267 1.70931e-05 0.000540502 0.00120282 0.00212423 -2.09531e-05 6.92495e-06 -7.58975e-06 1.31425e-05 -9.04708e-06 1.43722e-05 0.00168093 0.00176126 -4.30588e-06 1.8142e-05 -4.93919e-06 0.00107697 -0.000786918 0.00202812 0.000498324 0.000998172 0.000580808 -0.000694629 -0.000106991 -0.00146068 -0.00127063 -0.000464924 -0.000629048 2.06934e-05
internal_weight=1.7727e+07 448000 1.7279e+07 1.17089e+06 543371 235439 1.61081e+07 1.55424e+07 1.54316e+07 1.51217e+07 1.49321e+07 1.46801e+07 162705 189540 1.45174e+07 1.42531e+07 1.39491e+07 304072 565682 110818 307932 245334 234529 103002 101025 62598 276888 478683 457955 1.36722e+07
internal_count=17726998 448000 17278998 1170886 543371 235439 16108112 15542430 15431612 15121687 14932147 14680096 162705 189540 14517391 14253147 13949075 304072 565682 110818 307932 245334 234529 103002 101025 62598 276888 478683 457955 13672187
is_linear=0
shrinkage=0.1


Tree=73
num_leaves=31
num_cat=0
split_feature=2 9 4 0 0 1 1 4 2 0 3 8 6 3 2 4 8 7 2 5 4 3 8 8 3 4 5 3 4 4
split_gain=19.6403 20.0834 18.2315 30.7917 19.4107 40.1595 23.5704 32.4333 22.9967 45.3252 37.4381 84.2415 65.4477 57.707 55.34 66.919 46.2137 44.5226 56.6398 49.0797 41.4927 65.8001 63.8663 59.875 40.6047 85.696 151.744 74.6322 86.9361 68.9435
threshold=15.500000000000002 59062.000000000007 5280.0000000000009 13.500000000000002 118.50000000000001 2173.5000000000005 2470.5000000000005 52486.000000000007 54.500000000000007 51.500000000000007 49701.000000000007 28199.500000000004 42125.851562500007 69198.500000000015 62.500000000000007 72178.500000000015 87892.500000000015 8644277.5000000019 58.500000000000007 45926.000000000007 52041.000000000007 64758.000000000007 57826.500000000007 56462.500000000007 102829.00000000001 60852.000000000007 78586.000000000015 85469.500000000015 63750.000000000007 58003.000000000007
decision_type=2 2 2 2 2 2 2 2 2 2 2 2 2 2 2 2 2 2 2 2 2 2 2 2 2 2 2 2 2 2
left_child=1 -1 3 -2 5 8 7 -6 -4 10 11 -10 -12 20 17 16 24 18 19 -15 22 23 -14 -22 25 29 27 -27 -29 -16
right_child=2 -3 4 -5 6 -7 -8 -9 9 -11 12 -13 13 14 15 -17 -18 -19 -20 -21 21 -23 -24 -25 -26 26 -28 28 -30 -31
leaf_value=-0.0047481037317239532 0.0042881464628119594 -0.00068624764888355666 4.7963079378120384e-05 0.00049539037435171549 0.00021107569569692273 -0.0011762987824928785 -0.00030596800061838159 0.0012213599929038975 0.00061356357756190815 3.1465905098898598e-05 0.0013220413084079209 -0.0047459945965214155 -0.0018664217743950104 -0.030427836456112356 -0.0017513523798427897 -0.0074191899806108109 -0.035082879071785811 -0.00042102926381479885 0.0034641992937467013 -9.6128871063764912e-05 -0.013115821830591387 -0.013290457558115136 -0.040135450483868823 0.014736760600084782 0.00074856830231876661 0.0037699057601344971 0.0097646172870524683 -0.019961748260324014 -0.0061491160603912125 0.0047640381412599924
leaf_weight=16643 24204 45320 10939093 185130 1564161 309190 586885 398776 52328 2283011 164914 66720 209543 537 161487 18145 401 402267 78687 81095 1277 7700 437 1951 83437 3032 4338 9272 8960 18057
leaf_count=16643 24204 45320 10939093 185130 1564161 309190 586885 398776 52328 2283011 164914 66720 209543 537 161487 18145 401 402267 78687 81095 1277 7700 437 1951 83437 3032 4338 9272 8960 18057
internal_value=3.32291e-13 -0.00177725 6.23398e-06 0.000933923 -4.89115e-06 -4.85054e-05 0.000250071 0.000416318 -2.46163e-05 -0.000241686 -0.000695356 -0.00239018 -0.000534655 -0.000815408 -0.000448806 -0.00152841 -0.00115854 0.000140576 0.00154974 -0.00029566 -0.00225872 -0.00826629 -0.00194607 0.00371825 -0.0011114 -0.00186788 -0.00728037 -0.0107577 -0.0131736 -0.00109609
internal_weight=1.7727e+07 61963 1.7665e+07 209334 1.74557e+07 1.49059e+07 2.54982e+06 1.96294e+06 1.45967e+07 3.6576e+06 1.37458e+06 119048 1.25554e+06 1.09062e+06 869715 307129 288984 562586 160319 81632 220908 10928 209980 3228 288583 205146 25602 21264 18232 179544
internal_count=17726998 61963 17665035 209334 17455701 14905879 2549822 1962937 14596689 3657596 1374585 119048 1255537 1090623 869715 307129 288984 562586 160319 81632 220908 10928 209980 3228 288583 205146 25602 21264 18232 179544
is_linear=0
shrinkage=0.1


Tree=74
num_leaves=31
num_cat=0
split_feature=3 9 2 3 5 10 3 7 10 10 7 4 3 7 2 7 2 8 5 9 8 2 4 7 7 5 3 4 4 2
split_gain=18.8765 28.6313 78.0524 60.8939 61.4958 56.1043 51.7823 44.626 58.931 47.7625 44.5316 42.0356 41.3442 87.2528 37.3163 52.8393 39.0456 37.4716 123.329 64.2635 72.2012 153.115 71.7786 71.3161 78.4287 68.7798 66.769 117.693 158.958 103.012
threshold=115288.50000000001 71653.000000000015 60.500000000000007 92887.500000000015 74597.500000000015 72078.500000000015 83022.500000000015 5444012.7500000009 72717.500000000015 72341.000000000015 5916209.2500000009 68454.500000000015 91449.000000000015 14930472.500000002 78.500000000000014 9410196.0000000019 80.500000000000014 58227.000000000007 62620.500000000007 61208.500000000007 58452.500000000007 50.500000000000007 54258.000000000007 60151798.000000007 11294957.500000002 63896.500000000007 66086.000000000015 52041.000000000007 51625.000000000007 51.500000000000007
decision_type=2 2 2 2 2 2 2 2 2 2 2 2 2 2 2 2 2 2 2 2 2 2 2 2 2 2 2 2 2 2
left_child=1 6 5 4 -4 -3 14 8 -5 -9 -11 -8 -6 -14 17 16 -16 -1 -19 20 21 -20 23 24 -21 -25 29 28 -28 -26
right_child=-2 2 3 7 12 -7 11 9 -10 10 -12 -13 13 -15 15 -17 -18 18 19 22 -22 -23 -24 25 26 -27 27 -29 -30 -31
leaf_value=2.8007556012844142e-05 0.0007628118532278952 -0.022125016215678812 -0.026480739219381034 0.0098527306472172057 -0.0037108644686521621 -0.00013359594438080074 0.00053773308240988467 -0.012907990782500557 -0.0097387328759220675 0.0071290801817795726 -0.0011947802554456112 -0.018334473573873224 -0.034563323428316597 -0.0044945752424901527 -0.01064905974194608 -0.027076823416592333 0.00057274436683130224 -0.004153656599256852 -0.00043347999522729572 0.0033606285980451096 0.0021173929248133883 -0.027992368957311747 -5.0300066118050348e-05 -0.023275416312037459 0.00039487185374008691 0.0008287962013692968 -0.0046260338295788777 -0.0012608627708997687 -0.016256788750315318 -0.025216546481410369
leaf_weight=12195824 318574 1161 1466 1772 22429 1469432 1843846 3353 11497 6705 155099 1181 1434 2951 4833 1018 8650 86493 10910 21620 161472 2473 1011701 1197 67214 107281 94325 96056 13423 1608
leaf_count=12195824 318574 1161 1466 1772 22429 1469432 1843846 3353 11497 6705 155099 1181 1434 2951 4833 1018 8650 86493 10910 21620 161472 2473 1011701 1197 67214 107281 94325 96056 13423 1608
internal_value=-1.80884e-13 -1.39595e-05 -0.000406709 -0.00222623 -0.00653745 -0.000150958 2.79167e-05 -0.00154292 -0.0071224 -0.00109465 -0.000849848 0.000525653 -0.00544709 -0.0143278 -3.82169e-05 -0.0051084 -0.00344973 -3.29166e-05 -0.000476307 -0.000276175 0.00153239 -0.005526 -0.000499754 -0.00162885 -0.00243684 0.000562818 -0.00289659 -0.003806 -0.00607497 -0.000203529
internal_weight=1.7727e+07 1.74084e+07 1.6773e+06 206706 28280 1.47059e+06 1.57311e+07 178426 13269 165157 161804 1.84503e+06 26814 4385 1.38861e+07 14501 13483 1.38716e+07 1.67577e+06 1.58928e+06 174855 13383 1.41442e+06 402724 294246 108478 272626 203804 107748 68822
internal_count=17726998 17408424 1677299 206706 28280 1470593 15731125 178426 13269 165157 161804 1845027 26814 4385 13886098 14501 13483 13871597 1675773 1589280 174855 13383 1414425 402724 294246 108478 272626 203804 107748 68822
is_linear=0
shrinkage=0.1


Tree=75
num_leaves=31
num_cat=0
split_feature=3 9 6 5 4 10 7 4 3 2 3 7 3 4 8 4 3 4 4 8 8 4 5 9 2 0 3 10 3 3
split_gain=17.1307 32.9784 81.8533 74.5399 71.4875 53.5472 59.4649 303.277 110.051 51.8507 63.9498 84.5666 118.405 65.7764 92.5839 69.0102 65.8336 61.3138 117.536 84.5476 65.0396 50.2939 49.9508 73.537 88.4879 90.3149 86.6451 69.2609 55.8642 48.9798
threshold=97927.000000000015 64172.500000000007 59292.800781250007 67425.000000000015 36924.500000000007 64462.500000000007 25502987.000000004 51828.000000000007 66655.000000000015 62.500000000000007 83845.000000000015 10167727.000000002 79726.500000000015 66528.500000000015 71101.000000000015 69809.500000000015 84246.000000000015 61878.000000000007 62672.500000000007 62588.000000000007 62385.000000000007 55685.000000000007 64125.500000000007 58309.500000000007 69.500000000000014 39.500000000000007 82316.000000000015 62637.000000000007 83498.000000000015 44832.000000000007
decision_type=2 2 2 2 2 2 2 2 2 2 2 2 2 2 2 2 2 2 2 2 2 2 2 2 2 2 2 2 2 2
left_child=1 3 4 5 -3 22 7 8 -7 -4 11 -11 -13 14 16 -15 -12 19 -19 20 -18 -5 23 -1 25 26 -25 -24 -26 -8
right_child=-2 2 9 21 -6 6 29 -9 -10 10 13 12 -14 15 -16 -17 17 18 -20 -21 -22 -23 27 24 28 -27 -28 -29 -30 -31
leaf_value=3.7151390529159735e-05 0.00034654789564363776 -0.0046708571518419414 -0.00017709496117660566 0.00072661744405351188 -0.026357690230277217 0.0008665170267677302 -0.022763035723473879 -0.0014286903215048302 -0.024243870070126558 0.0060976868248551397 -0.020338313580477108 -0.013153889214428156 0.0046850863080431741 0.0062252776108344451 -0.031519186278982161 -0.0062359062749968112 -0.0047768540002463911 -0.023749094694032316 -0.0047114158470548985 0.00027015661737183212 -0.020541451431619437 0.0034014967637061712 0.0021447350998514219 -0.0034849681555022293 -0.015703845740206866 -0.00010781402752846152 0.002381698128158112 8.8324113845956334e-05 -0.0042389250517394722 0.0012623679693501198
leaf_weight=11734677 1320193 22712 2461547 249024 1629 2205 860 135498 8373 20226 2273 7117 7797 14257 1189 6457 20643 3614 31588 60932 2997 97937 258276 169194 5750 522792 29575 447663 16292 63711
leaf_count=11734677 1320193 22712 2461547 249024 1629 2205 860 135498 8373 20226 2273 7117 7797 14257 1189 6457 20643 3614 31588 60932 2997 97937 258276 169194 5750 522792 29575 447663 16292 63711
internal_value=8.65951e-14 -2.78854e-05 -0.000349828 3.45495e-05 -0.00612223 -2.93424e-06 -0.00158472 -0.0027018 -0.0190096 -0.000296619 -0.00193944 0.00188518 -0.00382772 -0.00287308 -0.00374946 0.00234086 -0.00347893 -0.00315898 -0.00666591 -0.00169926 -0.00677544 0.00148166 2.23383e-05 -2.39584e-05 -0.000988322 -0.000797661 -0.00261206 0.000840686 -0.00722973 0.000942381
internal_weight=1.7727e+07 1.64068e+07 2.66498e+06 1.37418e+07 24341 1.33949e+07 210647 146076 10578 2.64064e+06 179090 35140 14914 143950 123236 20714 122047 119774 35202 84572 23640 346961 1.31842e+07 1.24783e+07 743603 721561 198769 705939 22042 64571
internal_count=17726998 16406805 2664978 13741827 24341 13394866 210647 146076 10578 2640637 179090 35140 14914 143950 123236 20714 122047 119774 35202 84572 23640 346961 13184219 12478280 743603 721561 198769 705939 22042 64571
is_linear=0
shrinkage=0.1


Tree=76
num_leaves=31
num_cat=0
split_feature=3 4 3 4 3 3 4 4 8 5 9 5 10 3 9 4 4 2 7 8 8 7 3 4 4 6 3 2 9 4
split_gain=17.3445 65.1075 66.0064 65.2866 78.975 40.8201 61.6493 68.2539 58.0339 43.7959 61.5753 62.2344 43.48 76.5001 64.8442 52.8062 152.134 91.6754 49.1508 59.7856 75.1536 48.4275 51.1942 47.6826 106.597 84.0105 79.3919 49.7758 51.7767 57.3063
threshold=69198.500000000015 57249.500000000007 68962.500000000015 57502.000000000007 67082.500000000015 70422.500000000015 49999.000000000007 49415.000000000007 54842.000000000007 62831.000000000007 54275.000000000007 57790.500000000007 55680.500000000007 71199.500000000015 70690.500000000015 49312.000000000007 47403.500000000007 49.500000000000007 10497909.500000002 54135.000000000007 61032.500000000007 12029285.500000002 70893.000000000015 38676.000000000007 37693.500000000007 60686.250000000007 86648.500000000015 47.500000000000007 63704.500000000007 57758.500000000007
decision_type=2 2 2 2 2 2 2 2 2 2 2 2 2 2 2 2 2 2 2 2 2 2 2 2 2 2 2 2 2 2
left_child=1 -1 3 4 -3 6 7 9 -9 10 -2 -12 -7 14 15 16 21 18 19 -17 -21 -14 -23 24 -15 -26 -27 28 29 -25
right_child=5 2 -4 -5 -6 12 -8 8 -10 -11 11 -13 13 23 -16 17 -18 -19 -20 20 -22 22 -24 27 25 26 -28 -29 -30 -31
leaf_value=-4.5226542543498135e-05 0.00066848019407296402 -0.0040826612968138639 -0.010561982495449852 -0.0010031626468645137 -0.022947773054310148 0.00068911566141136504 0.0027252824247884547 -0.0022082005497288384 -0.020751484573770494 0.0043307098025311954 -0.021913403510625283 -0.0031839577866301797 -0.028602644121822254 -0.0006444718693442192 0.0033008663550433571 0.0051545253792431413 -0.02015703125710892 0.0017523450601838525 9.2133715224790939e-05 -0.020934117718336843 -0.0066068714120792451 -0.0063674331189939861 0.0018653102323656025 0.0013695946949025422 -0.0015416597239497208 -0.0035276482803540954 -0.025385826224736941 -9.5658280353805978e-05 0.00029365514243930843 0.0067063376408719143
leaf_weight=10632628 141150 9419 8360 179993 2903 960916 148151 4208 2818 24596 1902 26385 748 530949 17000 3104 6596 36909 11454 4662 17055 17687 13183 292753 6723 2666 4411 3404232 1191831 21606
leaf_count=10632628 141150 9419 8360 179993 2903 960916 148151 4208 2818 24596 1902 26385 748 530949 17000 3104 6596 36909 11454 4662 17055 17687 13183 292753 6723 2666 4411 3404232 1191831 21606
internal_value=7.70793e-14 -7.89057e-05 -0.00186337 -0.00148524 -0.00852718 0.000123999 0.00117743 3.68862e-05 -0.00964557 0.000387491 -0.000184919 -0.00444331 6.77883e-05 -3.91403e-05 -0.00245182 -0.00332972 -0.00634273 -0.00175643 -0.00532654 -0.00782706 -0.00968251 -0.00346085 -0.00285165 1.76468e-05 -0.000869993 -0.00954682 -0.0171516 0.000116119 0.000594771 0.00173639
internal_weight=1.7727e+07 1.08333e+07 200675 192315 12322 6.8937e+06 349210 201059 7026 194033 169437 28287 6.54448e+06 5.58357e+06 128398 111398 38214 73184 36275 24821 21717 31618 30870 5.45517e+06 544749 13800 7077 4.91042e+06 1.50619e+06 314359
internal_count=17726998 10833303 200675 192315 12322 6893695 349210 201059 7026 194033 169437 28287 6544485 5583569 128398 111398 38214 73184 36275 24821 21717 31618 30870 5455171 544749 13800 7077 4910422 1506190 314359
is_linear=0
shrinkage=0.1


Tree=77
num_leaves=31
num_cat=0
split_feature=1 7 9 3 7 2 10 9 5 9 2 7 7 4 7 8 2 0 6 3 3 3 2 3 8 4 8 8 3 9
split_gain=16.5684 27.3795 25.4827 29.3373 27.6979 24.8867 24.2179 23.1264 72.9973 74.6561 114.75 63.1058 46.4147 45.1792 104.414 40.5219 64.7373 52.0693 58.9945 46.7463 46.5078 45.4705 56.8329 52.1577 70.7193 42.2341 44.7616 41.8705 36.732 36.851
threshold=37.500000000000007 79509624.000000015 101442.00000000001 118002.50000000001 19091909.000000004 39.500000000000007 69075.000000000015 80909.500000000015 83090.000000000015 80258.500000000015 55.500000000000007 7313550.2500000009 3894610.0000000005 69809.500000000015 30376729.000000004 71933.000000000015 60.500000000000007 30.500000000000004 76962.750000000015 56711.000000000007 112611.50000000001 97149.000000000015 62.500000000000007 93443.500000000015 72459.500000000015 66528.500000000015 76243.500000000015 76243.500000000015 83022.500000000015 68710.000000000015
decision_type=2 2 2 2 2 2 2 2 2 2 2 2 2 2 2 2 2 2 2 2 2 2 2 2 2 2 2 2 2 2
left_child=1 -1 3 7 6 -6 -5 8 9 15 12 -10 -11 14 -9 28 17 19 -19 -17 21 23 -23 24 -18 26 -21 -22 29 -2
right_child=2 -3 -4 4 5 -7 -8 13 11 10 -12 -13 -14 -15 -16 16 20 18 -20 25 27 22 -24 -25 -26 -27 -28 -29 -30 -31
leaf_value=-0.001717577662625244 -4.9087985233079178e-06 0.0005045325806303045 -0.0025038607198284066 -0.0018447815436459698 0.0098319258031285064 0.00029214728864908535 0.0037417946061795793 -0.012675906866779231 -0.006420018937159707 0.0099961101815692691 -0.032624119792319724 0.0020997384563502821 -0.0075026597253378992 -0.00013641770684585646 -0.0015369153416584516 0.019492941476603964 -0.023713310161025864 -0.0006660301714234545 0.0025208997145761297 -0.0040646864624605296 0.0051121252159399225 -0.015160598537882944 -0.0051281863043218211 0.007104835185054819 -0.0018113550952908758 -0.00087978534981335657 -0.016384161560337746 -0.0088529979764938854 0.0004077429396184526 -0.0010055445423650935
leaf_weight=140327 13509562 91673 40195 9068 2783 157158 53783 9182 9042 1900 1641 225829 7496 341444 100776 972 1655 191654 83345 37787 9337 6947 30166 5581 13499 61311 3199 2788 2198549 378349
leaf_count=140327 13509562 91673 40195 9068 2783 157158 53783 9182 9042 1900 1641 225829 7496 341444 100776 972 1655 191654 83345 37787 9337 6947 30166 5581 13499 61311 3199 2788 2198549 378349
internal_value=1.35089e-13 -0.000839528 1.11329e-05 1.69245e-05 0.0011571 0.000458141 0.00293578 2.18322e-06 2.11837e-05 -3.66605e-06 -0.00822538 0.00177175 -0.00396417 -0.000704147 -0.00246707 1.82199e-06 -0.000936002 -0.000419125 0.000299845 -0.0023337 -0.00373019 -0.0049105 -0.0070061 -0.00115963 -0.00420331 -0.00254109 -0.00502623 0.00190101 2.7954e-05 -3.21692e-05
internal_weight=1.7727e+07 232000 1.7495e+07 1.74548e+07 222792 159941 62851 1.7232e+07 1.67806e+07 1.65457e+07 11037 234871 9396 451402 109958 1.65347e+07 448241 378268 274999 103269 69973 57848 37113 20735 15154 102297 40986 12125 1.60865e+07 1.38879e+07
internal_count=17726998 232000 17494998 17454803 222792 159941 62851 17232011 16780609 16545738 11037 234871 9396 451402 109958 16534701 448241 378268 274999 103269 69973 57848 37113 20735 15154 102297 40986 12125 16086460 13887911
is_linear=0
shrinkage=0.1


Tree=78
num_leaves=31
num_cat=0
split_feature=2 9 2 0 7 10 10 9 5 3 9 7 3 0 7 4 9 9 8 10 7 9 3 10 1 5 2 5 3 7
split_gain=16.0822 17.0145 16.1607 55.4947 34.5196 41.1536 37.9777 26.1939 99.0553 52.5449 67.0885 170.673 52.7356 72.5415 63.8993 50.6932 48.8207 43.6421 38.8516 36.3829 60.6804 135.163 67.9492 64.7615 64.702 42.1365 97.4839 38.368 37.2265 43.65
threshold=14.500000000000002 72101.000000000015 40.500000000000007 8.5000000000000018 2308219.6250000005 55208.500000000007 56962.500000000007 39491.000000000007 40652.500000000007 62326.000000000007 63078.500000000007 21825856.000000004 62091.500000000007 43.500000000000007 6729165.2500000009 37893.000000000007 64724.000000000007 51787.500000000007 51367.500000000007 56682.000000000007 8983409.0000000019 56316.500000000007 62989.500000000007 56461.500000000007 1211.5000000000002 56436.500000000007 64.500000000000014 58615.500000000007 83498.000000000015 3091837.8750000005
decision_type=2 2 2 2 2 2 2 2 2 2 2 2 2 2 2 2 2 2 2 2 2 2 2 2 2 2 2 2 2 2
left_child=1 -1 4 -4 5 -2 -7 15 -9 10 12 16 -10 14 -14 -5 -12 -11 -19 20 22 25 23 -20 -24 26 -22 28 29 -21
right_child=2 -3 3 7 -6 6 -8 8 9 17 11 -13 13 -15 -16 -17 -18 18 19 27 21 -23 24 -25 -26 -27 -28 -29 -30 -31
leaf_value=-0.0040265897748073308 -0.00059580559369298034 -0.00025171784686221354 -0.0013222485825989639 0.00026885873765397411 0.00025807279297069375 -0.031149467512122577 -0.0060331953454700023 -0.028421785919874529 -0.00037120414318676716 0.00053002524174154285 -0.026499962390466286 0.0033745123135143391 -0.020425558803608676 -0.0012761599400734989 -0.0055504775043833613 -0.01416911602649927 -0.0100581780537743 -0.00081234852162096838 -0.01023662754645507 0.0013101812254772312 -0.0036546080494084146 -0.072464819242537934 0.0040994102535396896 0.008914986926183496 0.00086168625350018522 9.7119875536861222e-05 -0.047789495969173042 -2.4273299279563903e-05 0.0025248814480679535 -0.0042983865694621723
leaf_weight=20272 381455 29052 334239 2756743 4015256 672 5782 1234 2530897 1491629 3566 7483 3920 39497 10968 2434 3659 637239 8189 18175 20472 262 101000 2251 158711 129419 513 4938663 14673 58673
leaf_count=20272 381455 29052 334239 2756743 4015256 672 5782 1234 2530897 1491629 3566 7483 3920 39497 10968 2434 3659 637239 8189 18175 20472 262 101000 2251 158711 129419 513 4938663 14673 58673
internal_value=1.13406e-13 -0.00180318 5.0312e-06 -5.00357e-05 0.000171045 -0.000729783 -0.00864834 -1.71752e-05 -9.12416e-05 -8.78073e-05 -0.000475725 -0.00721038 -0.000437411 -0.00351844 -0.00946708 0.000256122 -0.0181733 4.52533e-05 -7.35167e-05 1.28551e-05 0.00090607 -0.000701882 0.00180284 -0.00610729 0.00212082 -0.000576873 -0.00473353 -6.18699e-05 -0.00209066 -0.00297193
internal_weight=1.7727e+07 49324 1.76777e+07 1.32745e+07 4.40316e+06 387909 6454 1.29403e+07 1.01811e+07 1.01799e+07 2.59999e+06 14708 2.58528e+06 54385 14888 2.75918e+06 7225 7.57987e+06 6.08824e+06 5.451e+06 420817 150666 270151 10440 259711 150404 20985 5.03018e+06 91521 76848
internal_count=17726998 49324 17677674 13274509 4403165 387909 6454 12940270 10181093 10179859 2599990 14708 2585282 54385 14888 2759177 7225 7579869 6088240 5451001 420817 150666 270151 10440 259711 150404 20985 5030184 91521 76848
is_linear=0
shrinkage=0.1


Tree=79
num_leaves=31
num_cat=0
split_feature=2 4 4 4 4 8 0 4 4 2 3 6 4 4 8 2 3 9 6 8 7 8 6 1 7 7 7 7 7 6
split_gain=15.6152 22.3024 43.9402 48.7063 35.2703 51.9504 29.601 27.0011 25.2959 22.1417 18.3039 47.0186 44.796 60.8356 44.273 37.9878 119.092 51.3556 50.9184 88.8072 47.4581 46.8978 45.6511 37.708 37.1813 35.8347 34.5674 30.818 29.0374 33.8746
threshold=75.500000000000014 58394.500000000007 52041.000000000007 55685.000000000007 63304.500000000007 68014.500000000015 93.500000000000014 57502.000000000007 48761.500000000007 81.500000000000014 105634.00000000001 72240.550781250015 59908.500000000007 58909.000000000007 63092.500000000007 62.500000000000007 106575.50000000001 75049.000000000015 84317.296875000015 87892.500000000015 33409688.000000004 91024.500000000015 73552.300781250015 918.50000000000011 19091909.000000004 5742428.7500000009 34015122.000000007 11173848.500000002 10698515.000000002 90480.800781250015
decision_type=2 2 2 2 2 2 2 2 2 2 2 2 2 2 2 2 2 2 2 2 2 2 2 2 2 2 2 2 2 2
left_child=10 2 8 6 -3 9 -4 -5 -2 -6 -1 14 13 -13 -12 17 -17 20 25 -20 22 24 -14 -21 27 -18 -27 28 29 -19
right_child=1 4 3 7 5 -7 -8 -9 -10 -11 11 12 15 -15 -16 16 18 21 19 23 -22 -23 -24 -25 -26 26 -28 -29 -30 -31
leaf_value=-1.0787547059730209e-05 -0.00091339063450714098 0.0035801582584826159 -0.012166499564009274 0.00046180188021718161 -0.014780552397206223 0.00079993385988147393 -0.0037147241051130944 -0.0070265894280132773 0.0049774506661561281 -0.0029960043967647513 0.00029173162525996527 -0.0020820086043860323 -0.002347214569299357 -0.016674470809173687 0.0032033029007689918 -0.018194091663708094 -0.007628415612483075 0.0031152547333213828 -0.01190185241176909 -0.0088979384858090659 0.0056366479567287282 -0.0010070703089560434 -0.012949694075892552 0.0020290866645121725 0.00081408300376722422 0.0020468666370523441 -0.0058592740137717427 0.0053579755634095873 -0.0072969977190950885 -0.0095346677101921413
leaf_weight=16909612 68610 23997 9480 18319 3570 20042 7362 6532 8156 2881 103168 39613 11714 3079 105767 4038 4777 36559 9908 3987 4335 68848 6216 15191 112478 61354 6078 45712 3368 2247
leaf_count=16909612 68610 23997 9480 18319 3570 20042 7362 6532 8156 2881 103168 39613 11714 3079 105767 4038 4777 36559 9908 3987 4335 68848 6216 15191 112478 61354 6078 45712 3368 2247
internal_value=8.06623e-13 -0.000956789 -0.00170688 -0.00432025 0.000803075 -0.00171237 -0.00847205 -0.0015065 -0.000287518 -0.0095176 9.20652e-06 0.000530602 -5.6517e-05 -0.00313444 0.00176563 0.00027463 -0.00135298 0.000862811 -0.000681632 -0.00421425 -0.00375278 0.00124454 -0.0060229 -0.000242581 0.00201823 0.000741318 0.00133424 0.00355931 0.00160976 0.00238278
internal_weight=1.7727e+07 168949 118459 41693 50490 26493 16842 24851 76766 6451 1.7558e+07 648437 439502 42692 208935 396810 105333 291477 101295 29086 22265 269212 17930 19178 200364 72209 67432 87886 42174 38806
internal_count=17726998 168949 118459 41693 50490 26493 16842 24851 76766 6451 17558049 648437 439502 42692 208935 396810 105333 291477 101295 29086 22265 269212 17930 19178 200364 72209 67432 87886 42174 38806
is_linear=0
shrinkage=0.1


Tree=80
num_leaves=31
num_cat=0
split_feature=0 1 8 2 0 3 9 0 5 4 4 0 6 6 8 7 4 7 10 5 3 10 8 2 8 7 5 8 8 9
split_gain=14.4897 29.8727 17.2058 17.0731 38.0658 27.8676 66.3244 106.471 72.6657 64.4469 54.3359 54.148 71.4957 51.9781 46.3975 47.2718 47.1154 45.8738 44.6266 101.854 43.561 120.247 110.135 91.3483 108.462 65.3495 63.5754 54.1832 49.0028 46.6102
threshold=127.50000000000001 2327.5000000000005 79227.500000000015 55.500000000000007 17.500000000000004 61338.500000000007 51787.500000000007 36.500000000000007 53182.000000000007 38676.000000000007 12057.500000000002 32.500000000000007 65082.298828125007 64001.400390625007 51242.000000000007 1259646.8125000002 46529.500000000007 1510750.5625000002 62034.500000000007 64957.000000000007 60217.000000000007 50721.500000000007 25724.500000000004 43.500000000000007 53998.000000000007 5362002.0000000009 52215.000000000007 48665.500000000007 55889.500000000007 56316.500000000007
decision_type=2 2 2 2 2 2 2 2 2 2 2 2 2 2 2 2 2 2 2 2 2 2 2 2 2 2 2 2 2 2
left_child=1 3 -2 5 -5 20 7 14 -8 10 -10 12 13 -12 15 16 -7 18 -11 -20 -1 -22 -23 -24 26 28 27 -25 -26 -28
right_child=2 -3 -4 4 -6 6 8 -9 9 17 11 -13 -14 -15 -16 -17 -18 -19 19 -21 21 22 23 24 25 -27 29 -29 -30 -31
leaf_value=-3.7893005864650011e-05 0.00024082387205108074 -0.00099637935161797967 0.0025913009174983329 -0.0016519363859948803 -0.000128595522968002 -0.044113937480278129 -0.018314583696888122 0.00026782706183484133 0.0014480342401951998 0.0055616457273971265 -0.0028926470031194859 -0.00077615097741034632 -0.0095653340030965785 0.0080761972387600051 0.019431713691597376 0.0025683316074470454 -0.0023061083128300881 0.00015174710865454614 -0.014500130818201222 0.0027598889807504243 0.0013852912995564925 -0.030990915686634514 -0.00074110130728875963 0.0028265759795373662 -0.012318854464045587 -0.0080500456916766504 -0.0038660531023118616 -0.032996581587354717 -0.030492970223095751 0.0047929079336306961
leaf_weight=6648793 1561408 312646 31777 172442 3365407 426 2152 641158 71247 31063 90385 259306 16152 4537 1625 285379 734 3956163 4114 20237 96385 1405 86881 632 3138 11750 38143 1272 2814 7427
leaf_count=6648793 1561408 312646 31777 172442 3365407 426 2152 641158 71247 31063 90385 259306 16152 4537 1625 285379 734 3956163 4114 20237 96385 1405 86881 632 3138 11750 38143 1272 2814 7427
internal_value=9.18384e-13 -2.84104e-05 0.000287706 -9.28213e-06 -0.000202846 4.64683e-05 0.000216956 0.000985405 5.66691e-05 6.5547e-05 -0.00108101 -0.0015675 -0.00341493 -0.00236837 0.002582 0.00248644 -0.0176597 0.000191769 0.00304904 -0.000156119 -8.66047e-05 -0.00138289 -0.00312151 -0.002864 -0.00569386 -0.0123744 -0.00320283 -0.0211057 -0.0209113 -0.00245482
internal_weight=1.7727e+07 1.61338e+07 1.59318e+06 1.58212e+07 3.53785e+06 1.22833e+07 5.38468e+06 929322 4.45536e+06 4.4532e+06 441627 370380 111074 94922 288164 286539 1160 4.01158e+06 55414 24351 6.89864e+06 249847 153462 152057 65176 17702 47474 1904 5952 45570
internal_count=17726998 16133813 1593185 15821167 3537849 12283318 5384678 929322 4455356 4453204 441627 370380 111074 94922 288164 286539 1160 4011577 55414 24351 6898640 249847 153462 152057 65176 17702 47474 1904 5952 45570
is_linear=0
shrinkage=0.1


Tree=81
num_leaves=31
num_cat=0
split_feature=8 0 7 4 8 5 0 7 1 3 7 1 5 3 2 4 8 7 3 10 8 0 2 5 0 2 8 6 7 1
split_gain=14.3904 27.1068 35.6056 49.4108 25.5394 21.4707 19.5024 43.2492 41.2324 40.3521 37.2046 35.0306 33.5385 27.1343 23.3952 23.2926 30.6059 29.5712 22.9542 48.545 72.1515 56.3824 50.1715 44.1575 42.584 40.9713 61.4757 77.34 44.9398 35.6804
threshold=20438.000000000004 11.500000000000002 775239.53125000012 4333.5000000000009 10924.000000000002 23335.000000000004 5.5000000000000009 12163292.500000002 137.50000000000003 49989.000000000007 1054670.5625000002 18.500000000000004 52975.000000000007 30379.000000000004 32.500000000000007 34758.500000000007 42658.500000000007 54232730.000000007 46363.000000000007 38765.500000000007 20946.000000000004 19.500000000000004 42.500000000000007 54382.500000000007 62.500000000000007 35.500000000000007 45699.000000000007 49161.699218750007 7313550.2500000009 618.50000000000011
decision_type=2 2 2 2 2 2 2 2 2 2 2 2 2 2 2 2 2 2 2 2 2 2 2 2 2 2 2 2 2 2
left_child=1 2 3 -1 -4 -6 7 -2 10 11 -8 -9 13 -13 -12 16 -11 -17 24 21 23 -20 29 -21 25 -10 -27 28 -28 -22
right_child=6 -3 4 -5 5 -7 8 9 18 15 14 12 -14 -15 -16 17 -18 -19 19 20 22 -23 -24 -25 -26 26 27 -29 -30 -31
leaf_value=0.0096674815837174705 -0.0017447349323774901 0.00019280039335176899 0.0059301264350475223 -0.0071442284726319083 0.0003114040696656683 0.003781001300320132 -0.020786769084990393 -0.0021932231663472895 0.00031731654382226901 -5.5437508673993751e-06 0.0054354547255703817 0.0046613986432813654 0.0041536658451251495 1.3094649007115779e-05 0.0014719262982198339 -0.00084417625021983994 -0.0054086370008873683 0.00077181065776607712 0.0037230223997830113 -0.0063928180126321902 0.00098288339750639015 0.00058995227648117295 -8.5794698728162717e-05 -0.027708859158106176 9.6284154669847203e-05 -0.00083818158619217902 -0.006853615216756548 -0.0017137476766718451 -0.023761115525990618 0.00014722470249291903
leaf_weight=2215 206281 884210 17916 8296 43875 30052 692 24185 343703 20513 20134 15153 45344 73339 57204 346907 21443 168115 63836 3724 784052 573139 9687625 1315 1680873 1119056 3009 10666 3292 1466834
leaf_count=2215 206281 884210 17916 8296 43875 30052 692 24185 343703 20513 20134 15153 45344 73339 57204 346907 21443 168115 63836 3724 784052 573139 9687625 1315 1680873 1119056 3009 10666 3292 1466834
internal_value=-8.82019e-14 0.000371141 0.00191178 -0.00360147 0.00254275 0.00172183 -2.18725e-05 -0.000469129 4.17498e-06 -0.00010111 0.00229723 0.00130929 0.00194222 0.000809051 0.00250378 -0.000501256 -0.00276697 -0.000316681 -7.19189e-06 5.3335e-05 7.97041e-06 0.000903941 1.302e-05 -0.0119555 -0.000248115 -0.000639329 -0.000928762 -0.00690299 -0.0156871 0.00043831
internal_weight=1.7727e+07 986564 102354 10511 91843 73927 1.67404e+07 921280 1.58192e+07 714999 78030 158021 133836 88492 77338 556978 41956 515022 1.57411e+07 1.25805e+07 1.19436e+07 636975 1.19385e+07 5039 3.1606e+06 1.47973e+06 1.13602e+06 16967 6301 2.25089e+06
internal_count=17726998 986564 102354 10511 91843 73927 16740434 921280 15819154 714999 78030 158021 133836 88492 77338 556978 41956 515022 15741124 12580525 11943550 636975 11938511 5039 3160599 1479726 1136023 16967 6301 2250886
is_linear=0
shrinkage=0.1


Tree=82
num_leaves=31
num_cat=0
split_feature=1 7 9 3 4 2 0 3 9 5 9 2 7 7 3 3 7 3 0 8 0 4 10 7 7 7 4 5 2 6
split_gain=14.3594 22.0157 17.5938 25.6851 29.3066 22.6404 37.8731 31.261 17.8146 53.4639 60.7986 92.2727 50.0763 37.4647 37.1346 50.3397 52.7388 86.7376 67.9162 56.0432 44.4098 43.3248 48.7734 63.4728 65.4122 64.7089 51.1831 43.5156 43.293 42.9498
threshold=27.500000000000004 18828208.000000004 101442.00000000001 126365.50000000001 58909.000000000007 48.500000000000007 21.500000000000004 126365.50000000001 80909.500000000015 83090.000000000015 80258.500000000015 55.500000000000007 7313550.2500000009 3894610.0000000005 82316.000000000015 92887.500000000015 65477370.000000007 90010.000000000015 11.500000000000002 79227.500000000015 11.500000000000002 60524.500000000007 83324.000000000015 4944044.0000000009 9112805.0000000019 9200506.0000000019 73215.500000000015 85074.500000000015 43.500000000000007 76243.652343750015
decision_type=2 2 2 2 2 2 2 2 2 2 2 2 2 2 2 2 2 2 2 2 2 2 2 2 2 2 2 2 2 2
left_child=1 -1 3 8 -5 6 -4 -7 9 10 -2 13 -11 -12 -10 16 17 19 -19 20 -16 29 23 -23 26 -26 -25 -24 -20 -17
right_child=2 -3 5 4 -6 7 -8 -9 14 12 11 -13 -14 -15 15 21 -18 18 28 -21 -22 22 27 24 25 -27 -28 -29 -30 -31
leaf_value=-0.0048348551008616627 4.7548538531291016e-06 -0.00059323181756387093 -0.0021615744812565649 -0.00014489227751799142 0.0031565249238788731 -0.018535318893459954 0.0067593519548788178 -0.0036579421085149704 0.0021794643918538045 -0.0058377325856226823 0.0089663665576494838 -0.029163682967191563 0.0017388888982395744 -0.0067548096867211639 -0.0022819962797697478 0.0016728996291459849 0.0021914434782689981 -0.0017921718526378344 -0.021085560412040922 -4.869695013770649e-06 -0.014939690282632305 -0.024789910841366794 0.0069029384866347637 -0.040348461067901471 -0.034206830232571338 -0.0048768679827010516 0.0040711037861880682 0.00022753940250836615 -0.0092870281400989681 -0.0065794787470268446
leaf_weight=13422 16637092 138578 28398 52269 55374 1652 5717 9737 44845 9048 1900 1658 243085 7497 6296 9215 18014 10867 3903 47520 4952 1342 10100 265 780 21115 12286 294781 15307 19983
leaf_count=13422 16637092 138578 28398 52269 55374 1652 5717 9737 44845 9048 1900 1658 243085 7497 6296 9215 18014 10867 3903 47520 4952 1342 10100 265 780 21115 12286 294781 15307 19983
internal_value=6.60929e-14 -0.000967778 8.36998e-06 1.34677e-05 0.00155343 -0.00195541 -0.000666603 -0.00581594 3.9528e-06 2.17172e-05 -1.7126e-07 -0.00741367 0.001467 -0.00357611 -0.000571661 -0.000830456 -0.00274224 -0.00374258 -0.00811015 -0.00150729 -0.00785462 -0.000278119 3.87319e-05 -0.00345365 -0.0026224 -0.00592174 0.00313324 0.00044868 -0.0116842 -0.003975
internal_weight=1.7727e+07 152000 1.7575e+07 1.75295e+07 107643 45504 34115 11389 1.74219e+07 1.69003e+07 1.66481e+07 11055 252133 9397 521571 476726 106859 88845 30077 58768 11248 369867 340669 35788 34446 21895 12551 304881 19210 29198
internal_count=17726998 152000 17574998 17529494 107643 45504 34115 11389 17421851 16900280 16648147 11055 252133 9397 521571 476726 106859 88845 30077 58768 11248 369867 340669 35788 34446 21895 12551 304881 19210 29198
is_linear=0
shrinkage=0.1


Tree=83
num_leaves=31
num_cat=0
split_feature=3 4 3 4 3 10 3 1 2 4 4 4 3 9 5 6 5 10 5 4 9 9 3 3 7 6 4 2 4 8
split_gain=13.3454 49.2048 53.4845 54.0974 63.5622 33.3813 86.8354 44.5786 59.9212 55.4221 48.5984 40.432 36.8999 36.2625 56.2994 46.5665 34.6384 88.2385 54.6303 62.7547 67.3035 56.3604 50.8654 110.743 81.7171 71.0161 48.4749 45.8239 45.6304 43.2366
threshold=69198.500000000015 57249.500000000007 68962.500000000015 57502.000000000007 67082.500000000015 64462.500000000007 69548.500000000015 654.50000000000011 63.500000000000007 57758.500000000007 57502.000000000007 60228.000000000007 85469.500000000015 59272.500000000007 61413.500000000007 59922.349609375007 70719.500000000015 69872.500000000015 73110.500000000015 53122.500000000007 69429.500000000015 70000.500000000015 76889.000000000015 77782.500000000015 9829192.5000000019 70780.000000000015 67445.000000000015 49.500000000000007 75346.000000000015 43215.000000000007
decision_type=2 2 2 2 2 2 2 2 2 2 2 2 2 2 2 2 2 2 2 2 2 2 2 2 2 2 2 2 2 2
left_child=1 -1 3 4 -3 7 -7 8 9 10 12 -11 13 15 -15 -2 -8 -18 19 20 -19 -21 28 24 25 -24 -27 -28 -20 -25
right_child=5 2 -4 -5 -6 6 16 -9 -10 11 -12 -13 -14 14 -16 -17 17 18 22 21 -22 -23 23 29 -26 26 27 -29 -30 -31
leaf_value=-3.9935484356737609e-05 0.0013600939246554812 -0.0037029906854421182 -0.0094506793179217584 -0.00084131069164629932 -0.020627426488220416 0.0079849011928064973 -0.00061976326390166426 0.00016407925375706104 -0.0017145384790496869 0.0094594151108740865 -0.015612616429043373 -0.017401952244316076 0.0031786153800105067 -0.017309142763182871 -0.00036889370429418967 0.013951008004327962 0.0016609980001754021 -0.0031712108651785679 0.0011772517994218998 -2.5746432419135418e-05 -0.014585648952195522 -0.0036914297392256924 -0.00034936757121697824 -0.0069466508928249437 -0.0025024329088168683 -0.031973906552378792 -0.01106925107389428 -0.045838478485158846 0.0081368097896084655 -5.0465785322557971e-07
leaf_weight=10632628 339612 9419 8360 179993 2903 13291 997740 2384319 66488 11525 1691 589 92842 2003 95479 2963 308855 20316 200643 160735 6927 56753 3192 9000 25333 1896 5343 408 9885 2075867
leaf_count=10632628 339612 9419 8360 179993 2903 13291 997740 2384319 66488 11525 1691 589 92842 2003 95479 2963 308855 20316 200643 160735 6927 56753 3192 9000 25333 1896 5343 408 9885 2075867
internal_value=-3.94892e-13 -6.9214e-05 -0.00162052 -0.00128014 -0.0076903 0.000108768 -8.42444e-05 0.000359648 0.00112009 0.00146483 0.00131326 0.00815338 0.00136697 0.000984757 -0.000716971 0.001469 -0.000111865 6.3776e-05 -0.000127704 -0.00154904 -0.00607353 -0.000982298 2.14857e-05 -0.000125667 -0.00561144 -0.0128778 -0.0181074 -0.0135359 0.00150403 -3.04899e-05
internal_weight=1.7727e+07 1.08333e+07 200675 192315 12322 6.8937e+06 3.89618e+06 2.99751e+06 613192 546704 534590 12114 532899 440057 97482 342575 3.88289e+06 2.88515e+06 2.5763e+06 244731 27243 217488 2.33157e+06 2.12104e+06 36172 10839 7647 5751 210528 2.08487e+06
internal_count=17726998 10833303 200675 192315 12322 6893695 3896184 2997511 613192 546704 534590 12114 532899 440057 97482 342575 3882893 2885153 2576298 244731 27243 217488 2331567 2121039 36172 10839 7647 5751 210528 2084867
is_linear=0
shrinkage=0.1


Tree=84
num_leaves=31
num_cat=0
split_feature=0 1 0 0 1 0 1 0 7 9 8 3 3 9 4 7 4 8 5 3 5 9 8 3 4 5 2 7 4 10
split_gain=12.7725 40.9557 19.8826 18.2102 48.6824 22.6143 50.9122 30.4967 26.4769 37.8225 48.3269 48.3181 78.0493 51.5004 57.9023 47.1539 70.847 84.1667 69.7801 61.7637 51.8854 49.8935 48.6102 44.9756 70.8454 44.4919 43.0649 41.8117 39.4376 37.0477
threshold=111.50000000000001 1967.5000000000002 100.50000000000001 95.500000000000014 1738.5000000000002 83.500000000000014 1503.5000000000002 76.500000000000014 4871143.5000000009 81850.500000000015 81679.500000000015 75641.500000000015 76448.000000000015 56677.000000000007 52886.000000000007 2528318.2500000005 53464.500000000007 58227.000000000007 70719.500000000015 64511.000000000007 60159.000000000007 57030.500000000007 56295.500000000007 77454.500000000015 61156.500000000007 59599.000000000007 43.500000000000007 2234644.7500000005 67960.000000000015 56682.000000000007
decision_type=2 2 2 2 2 2 2 2 2 2 2 2 2 2 2 2 2 2 2 2 2 2 2 2 2 2 2 2 2 2
left_child=1 3 -3 4 5 6 8 -8 9 11 -11 13 -13 14 29 16 -15 21 19 26 25 22 -18 24 -14 -17 -19 -20 -26 -1
right_child=-2 2 -4 -5 -6 -7 7 -9 -10 10 -12 12 23 15 -16 20 17 18 27 -21 -22 -23 -24 -25 28 -27 -28 -29 -30 -31
leaf_value=-0.00032403147159951922 0.00017567381646113188 -0.0020844465837256804 -0.00058542541435235753 0.00035081684059091209 -0.0011727175924695311 0.00044214473330972349 -0.0023021841185593478 -0.00053517281750983694 7.5016583420879859e-05 -0.022001069725260145 -0.0034026080288373675 0.007433507646897897 0.00023953715671114876 -0.029717195630557355 0.0047809463246547097 -0.0049135524418289197 -0.040718580752370823 -0.0086941338117074371 0.0084704685633326168 -0.01370759897794826 -0.00049927629696102369 0.0048564858661069837 0.00059311050557641406 0.0010209285315661166 -0.022537489736376065 -0.023152699479563568 0.0093351431414441556 -0.013374558872752022 -0.0061558527146006702 -0.0060212081749288233
leaf_weight=1875289 3355317 110974 436576 1286900 370940 1014891 142068 312562 8417098 1621 10116 17980 11976 1155 22177 5737 496 3218 3581 14796 90271 10134 669 187787 2538 1744 2252 1160 3491 11484
leaf_count=1875289 3355317 110974 436576 1286900 370940 1014891 142068 312562 8417098 1621 10116 17980 11976 1155 22177 5737 496 3218 3581 14796 90271 10134 669 187787 2538 1744 2252 1160 3491 11484
internal_value=-3.38779e-13 -4.10141e-05 -0.000889238 -7.41741e-06 -4.41888e-05 -9.78093e-06 -5.09108e-05 -0.00108735 -6.86048e-06 -0.00030917 -0.00597125 -0.000279868 0.0011152 -0.000432584 -0.000298998 -0.00231856 -0.00533519 -0.00455953 -0.00779599 -0.010351 -0.00116251 0.00260342 -0.0169954 0.000563169 -0.00421114 -0.00916553 -0.00127148 0.00312556 -0.013052 -0.000358708
internal_weight=1.7727e+07 1.43717e+07 547550 1.38241e+07 1.25372e+07 1.21663e+07 1.11514e+07 454630 1.06968e+07 2.27967e+06 11737 2.26794e+06 223772 2.04416e+06 1.90895e+06 135213 37461 36306 25007 20266 97752 11299 1165 205792 18005 7481 5470 4741 6029 1.88677e+06
internal_count=17726998 14371681 547550 13824131 12537231 12166291 11151400 454630 10696770 2279672 11737 2267935 223772 2044163 1908950 135213 37461 36306 25007 20266 97752 11299 1165 205792 18005 7481 5470 4741 6029 1886773
is_linear=0
shrinkage=0.1


Tree=85
num_leaves=31
num_cat=0
split_feature=1 7 2 0 7 0 1 3 2 0 1 0 3 1 4 0 1 3 9 1 3 4 10 5 10 3 3 0 7 8
split_gain=12.8007 32.1933 21.6494 32.4709 30.0845 27.3441 44.5631 34.2994 31.8658 26.8955 51.6825 41.1217 39.3646 36.8267 40.3278 36.1863 26.3242 25.4698 31.2903 24.2004 24.1667 42.119 28.4307 40.012 28.1293 34.8599 34.726 30.8621 24.3186 23.4752
threshold=55.500000000000007 72861116.000000015 33.500000000000007 35.500000000000007 32286027.000000004 8.5000000000000018 201.50000000000003 77782.500000000015 46.500000000000007 11.500000000000002 273.50000000000006 14.500000000000002 62326.000000000007 336.50000000000006 33365.500000000007 17.500000000000004 237.50000000000003 49701.000000000007 41139.500000000007 408.50000000000006 59293.500000000007 49846.500000000007 53695.500000000007 55037.500000000007 55846.500000000007 58725.500000000007 56988.500000000007 4.5000000000000009 3542743.8750000005 61207.000000000007
decision_type=2 2 2 2 2 2 2 2 2 2 2 2 2 2 2 2 2 2 2 2 2 2 2 2 2 2 2 2 2 2
left_child=1 -1 3 4 20 8 7 -7 -4 16 12 -12 -11 14 -13 19 -8 -10 -19 -15 21 22 23 -2 -23 26 28 -27 -26 -30
right_child=2 -3 5 -5 -6 6 9 -9 17 10 11 13 -14 15 -16 -17 -18 18 -20 -21 -22 24 -24 -25 25 27 -28 -29 29 -31
leaf_value=-0.0012104596806238419 0.00077060308014781159 0.00077492341027140339 -0.00031194733318450161 -9.2292537566109238e-05 0.0021790595594185099 0.0011423416876188831 -4.0614113475963897e-05 0.0055775595463337458 -0.0056063667165722033 0.00047720860505560134 -0.0012584284406788725 -4.8367225011115737e-05 0.0034386884794320284 -0.00088898535888417684 0.0027441174118425912 1.6973036024634144e-05 -0.0018738702618022584 0.0032376113726277841 -0.0020955121506736818 -0.0042160346541064899 -0.00069341242886780967 0.016971544329225329 -0.0023795923076544343 0.0080457487840973636 -0.019484071839717829 0.0042270266093835862 -0.0044752927531557822 0.02882664384638748 0.0073423989745646156 -0.0088376448059829023
leaf_weight=256081 285992 119919 584824 620575 147438 91147 163064 21561 17451 111665 257845 103996 75050 210466 102873 14095915 150727 12400 97535 24397 118434 1857 27861 7765 382 1022 4901 1018 11867 970
leaf_count=256081 285992 119919 584824 620575 147438 91147 163064 21561 17451 111665 257845 103996 75050 210466 102873 14095915 150727 12400 97535 24397 118434 1857 27861 7765 382 1022 4901 1018 11867 970
internal_value=2.49919e-13 -0.000577254 1.25092e-05 0.000416888 0.000935316 -1.83463e-05 9.6537e-06 0.0019908 -0.000624128 -4.94428e-06 1.42461e-05 -6.61845e-06 0.00166757 1.55841e-05 0.0013403 -3.53849e-06 -0.000921204 -0.00205734 -0.00149397 -0.00123459 0.000538459 0.000963024 0.000673357 0.00096291 0.0051944 0.00410957 0.00271432 0.0165027 0.00537989 0.00611979
internal_weight=1.7727e+07 376000 1.7351e+07 1.23008e+06 609507 1.61209e+07 1.54087e+07 112708 712210 1.5296e+07 1.49822e+07 1.47955e+07 186715 1.45376e+07 206869 1.43308e+07 313791 127386 109935 234863 462069 343635 321618 293757 22017 20160 18120 2040 13219 12837
internal_count=17726998 376000 17350998 1230082 609507 16120916 15408706 112708 712210 15295998 14982207 14795492 186715 14537647 206869 14330778 313791 127386 109935 234863 462069 343635 321618 293757 22017 20160 18120 2040 13219 12837
is_linear=0
shrinkage=0.1


Tree=86
num_leaves=31
num_cat=0
split_feature=2 2 4 4 4 4 8 0 4 4 6 4 1 2 9 2 2 3 10 5 1 6 3 6 8 4 2 7 2 8
split_gain=12.4039 12.4238 17.2201 35.2819 39.4924 30.2231 40.2062 23.9541 21.7217 21.3172 67.3058 57.1291 30.6583 18.0652 17.042 24.3534 15.8232 14.9922 28.2707 83.3844 39.0211 52.9116 33.6215 32.3982 70.773 31.2604 30.0872 28.2521 28.1637 25.9144
threshold=13.500000000000002 75.500000000000014 58394.500000000007 52041.000000000007 55685.000000000007 63304.500000000007 68014.500000000015 91.500000000000014 57502.000000000007 43179.500000000007 65082.298828125007 41557.000000000007 1474.5000000000002 81.500000000000014 44687.500000000007 79.500000000000014 76.500000000000014 97927.000000000015 86351.500000000015 87816.500000000015 381.50000000000006 84317.296875000015 115288.50000000001 83012.449218750015 81679.500000000015 74368.500000000015 47.500000000000007 5362002.0000000009 40.500000000000007 75201.500000000015
decision_type=2 2 2 2 2 2 2 2 2 2 2 2 2 2 2 2 2 2 2 2 2 2 2 2 2 2 2 2 2 2
left_child=-1 17 3 9 7 -4 13 -5 -6 10 11 14 -13 -7 15 -3 -9 29 20 -20 22 23 28 24 -22 -25 -24 -27 -19 -2
right_child=1 2 5 4 8 6 -8 16 -10 -11 -12 12 -14 -15 -16 -17 -18 18 19 -21 21 -23 26 25 -26 27 -28 -29 -30 -31
leaf_value=-0.0018101957374634181 6.657921595959263e-06 -0.0068318077491393465 0.0032675560956962457 -0.011044304303538454 0.00044864548170204323 -0.013252065185645298 0.00057848181827377366 -0.013289201933083847 -0.0062678826385512481 0.0018287092276074472 -0.02131138811201912 -0.028341663874231544 -0.0049040691334116919 -0.0026074731706472549 0.0015539929335137218 0.00091199253785004611 -0.0013755676258204203 0.0071724044922373727 -0.021759595791479902 -0.00039009262221759058 0.00035398907535171372 -0.02761918827007008 0.020109039099485068 -0.0074692345835245368 -0.02328015999447252 -0.021271674691509174 0.0052791449231200391 0.0066034876875070694 0.0010892352030661676 -0.00081300102128553566
leaf_weight=37773 15904151 7354 23997 9156 18319 3570 20042 1353 6532 30266 1667 1099 1134 2881 26176 9070 6333 8433 1838 279220 817133 674 1513 1933 1269 372 14281 16090 78059 395310
leaf_count=37773 15904151 7354 23997 9156 18319 3570 20042 1353 6532 30266 1667 1099 1134 2881 26176 9070 6333 8433 1838 279220 817133 674 1513 1933 1269 372 14281 16090 78059 395310
internal_value=-3.80029e-13 3.86543e-06 -0.000849559 -0.00150867 -0.00385044 0.00069684 -0.00163168 -0.00758897 -0.00131677 -0.000236812 -0.00158122 -0.000847606 -0.0164392 -0.00849822 -3.03292e-05 -0.00255537 -0.00347278 1.20951e-05 0.0003501 -0.00052984 0.000613268 0.00038807 0.00245709 0.000410628 0.000317342 0.00456097 0.00669979 0.00597358 0.00168235 -1.32212e-05
internal_weight=1.7727e+07 1.76892e+07 168949 118459 41693 50490 26493 16842 24851 76766 46500 44833 2233 6451 42600 16424 7686 1.75203e+07 1.22082e+06 281058 939757 837471 102286 836797 818402 18395 15794 16462 86492 1.62995e+07
internal_count=17726998 17689225 168949 118459 41693 50490 26493 16842 24851 76766 46500 44833 2233 6451 42600 16424 7686 17520276 1220815 281058 939757 837471 102286 836797 818402 18395 15794 16462 86492 16299461
is_linear=0
shrinkage=0.1


Tree=87
num_leaves=31
num_cat=0
split_feature=4 0 7 1 3 6 3 0 3 10 0 5 4 2 0 0 1 7 3 3 3 2 1 9 5 3 9 6 5 4
split_gain=12.2539 21.5393 13.6981 45.7061 20.2091 13.4717 24.3535 42.7109 23.2243 37.9173 42.0136 37.4775 31.2312 25.4389 42.285 39.9278 35.7464 42.375 113.955 60.4343 37.7436 34.1232 31.7146 30.2473 73.7955 55.1969 53.3044 128.956 66.0649 58.0029
threshold=5280.0000000000009 32.500000000000007 453019.87500000006 128.50000000000003 8016.5000000000009 28765.199218750004 38506.500000000007 25.500000000000004 46363.000000000007 39060.000000000007 23.500000000000004 40251.000000000007 29897.500000000004 41.500000000000007 4.5000000000000009 13.500000000000002 654.50000000000011 2308219.6250000005 47301.000000000007 56406.500000000007 57530.500000000007 38.500000000000007 327.50000000000006 85101.500000000015 90892.500000000015 87353.000000000015 66045.500000000015 67146.050781250015 68814.500000000015 28095.500000000004
decision_type=2 2 2 2 2 2 2 2 2 2 2 2 2 2 2 2 2 2 2 2 2 2 2 2 2 2 2 2 2 2
left_child=1 -1 3 4 -2 6 -4 -8 -7 10 11 -10 -13 14 -11 -15 17 18 21 -20 -21 -16 -17 24 25 26 28 -28 -19 -29
right_child=2 -3 5 -5 -6 8 7 -9 9 13 -12 12 -14 15 16 22 -18 23 19 20 -22 -23 -24 -25 -26 -27 27 29 -30 -31
leaf_value=0.0024040663442689795 0.00047784727228147454 0.00013509696753916881 9.5947862180307611e-05 -0.00093282957156166967 -0.019437679175417482 -0.00031673329701943523 0.0037802583535431395 0.00054228482688884329 0.0016651327889537248 -0.00051591950914762715 0.00044562251534235051 0.0032511035567121048 0.011124910588318057 -0.00088839985275751944 -0.042713881913882527 0.001568347351346101 0.00012567645151202739 0.0011126390397997296 0.0055549513812510054 -0.033310811168679566 -0.0057520664907224411 -0.0045369103025362937 -6.1221655302783244e-05 -0.0018701508930538905 0.014583381212140837 0.0046027374675987149 -0.0065886568190851097 -0.024780762629260454 0.0057259397367158005 0.00086577579812704161
leaf_weight=57740 685 151918 1472536 52448 1989 2444145 49431 231627 68310 549409 521325 12143 8609 589821 938 120972 1202189 535760 6316 535 6990 312 9368973 33336 4102 43319 30072 888 32951 127209
leaf_count=57740 685 151918 1472536 52448 1989 2444145 49431 231627 68310 549409 521325 12143 8609 589821 938 120972 1202189 535760 6316 535 6990 312 9368973 33336 4102 43319 30072 888 32951 127209
internal_value=-2.42583e-13 0.000759973 -9.09581e-06 -0.00158302 -0.0143359 -4.12749e-06 0.000258758 0.00111176 -3.34741e-05 1.872e-05 0.000788536 0.00279578 0.00651756 -1.84131e-05 0.000262148 -9.00671e-05 0.000473256 0.000981147 -0.00426905 -0.00165762 -0.00771139 -0.0331849 -4.04489e-05 0.00107925 0.00120623 0.00113498 0.000928321 -0.00069549 0.00137993 0.000687988
internal_weight=1.7727e+07 209658 1.75173e+07 55122 2674 1.74622e+07 1.75359e+06 281058 1.57086e+07 1.32645e+07 610387 89062 20752 1.26541e+07 2.57433e+06 1.00798e+07 2.02492e+06 822728 15091 13841 7525 1250 9.48994e+06 807637 774301 770199 726880 158169 568711 128097
internal_count=17726998 209658 17517340 55122 2674 17462218 1753594 281058 15708624 13264479 610387 89062 20752 12654092 2574326 10079766 2024917 822728 15091 13841 7525 1250 9489945 807637 774301 770199 726880 158169 568711 128097
is_linear=0
shrinkage=0.1


Tree=88
num_leaves=31
num_cat=0
split_feature=3 9 5 0 3 5 10 7 3 0 7 9 4 3 7 3 4 3 2 3 5 1 4 0 4 7 4 3 2 4
split_gain=11.8108 35.9789 68.5347 83.9807 62.8197 86.786 106.873 122.984 64.6119 60.6449 69.1858 63.686 74.8278 53.4003 63.7164 52.9485 70.5376 52.4337 50.9773 53.4282 74.0759 47.9915 60.8332 47.954 46.7129 53.8951 45.3756 41.3886 38.3841 43.4085
threshold=69198.500000000015 46012.000000000007 49125.500000000007 18.500000000000004 56711.000000000007 52215.000000000007 49971.500000000007 35442520.000000007 53911.000000000007 28.500000000000004 3227834.2500000005 48695.000000000007 43383.500000000007 53626.000000000007 45695168.000000007 55008.500000000007 45365.500000000007 58487.500000000007 60.500000000000007 66376.000000000015 59981.500000000007 827.50000000000011 39924.500000000007 40.500000000000007 34990.500000000007 21589542.000000004 32185.000000000004 63734.000000000007 46.500000000000007 42820.500000000007
decision_type=2 2 2 2 2 2 2 2 2 2 2 2 2 2 2 2 2 2 2 2 2 2 2 2 2 2 2 2 2 2
left_child=1 17 3 -3 5 6 -4 15 13 10 -6 12 -12 -7 -15 -8 -17 -1 -11 20 -20 22 -10 -19 26 -26 -13 -14 -27 -30
right_child=-2 2 4 -5 9 8 7 -9 21 18 11 24 27 14 -16 16 -18 23 19 -21 -22 -23 -24 -25 25 28 -28 -29 29 -31
leaf_value=-1.9633307512487147e-05 0.00010232355504369226 -0.0086196825177101907 1.6157818225307131e-06 -0.0014776817395492773 -0.0055955465862276158 0.00048293438465040633 -0.0025106980889097932 -0.025755997030204866 -0.0013836310410781758 -4.2544102848793221e-05 0.00016267783057043761 -0.0031359326000604615 0.011333101478468008 -0.010078395825688743 0.0019073823341410709 -0.015411858243603983 0.0058557793167914917 0.0022103905363404044 -0.0027501250539070442 9.8605275057840405e-05 -0.01427160478824894 0.0010733694732804771 0.0046674292852748583 0.00038419729960040153 -0.0017823571433526354 0.00073551832858353516 -0.012185300342908914 -0.0010263953581369665 -0.0089556347493343017 0.0006558664210388653
leaf_weight=5975214 6893695 18324 249339 162212 34888 525841 61738 2587 19894 1892973 55787 43632 10825 10526 7665 7043 2003 197318 84284 74998 5976 173611 100773 530059 383795 173228 6347 3614 9152 9657
leaf_count=5975214 6893695 18324 249339 162212 34888 525841 61738 2587 19894 1892973 55787 43632 10825 10526 7665 7043 2003 197318 84284 74998 5976 173611 100773 530059 383795 173228 6347 3614 9152 9657
internal_value=-2.62466e-13 -6.51129e-05 -0.000297254 -0.00220258 -0.000210175 0.000407922 -0.00098556 -0.00434031 0.000944347 -0.000467465 -0.00124994 -0.00103212 0.00182335 0.000298662 -0.00502804 -0.00355761 -0.0107027 7.79525e-05 -0.000189589 -0.00187394 -0.00351295 0.00213802 0.00366981 0.000879595 -0.00135255 -0.00109802 -0.00428514 0.00823959 0.000269657 -0.00402086
internal_weight=1.7727e+07 1.08333e+07 4.13071e+06 180536 3.95018e+06 1.16102e+06 322710 73371 838310 2.78916e+06 730925 696037 70226 544032 18191 70784 9046 6.70259e+06 2.05823e+06 165258 90260 294278 120667 727377 625811 575832 49979 14439 192037 18809
internal_count=17726998 10833303 4130712 180536 3950176 1161020 322710 73371 838310 2789156 730925 696037 70226 544032 18191 70784 9046 6702591 2058231 165258 90260 294278 120667 727377 625811 575832 49979 14439 192037 18809
is_linear=0
shrinkage=0.1


Tree=89
num_leaves=31
num_cat=0
split_feature=2 0 3 6 6 2 7 3 3 3 9 9 8 8 7 4 8 2 3 5 10 4 9 6 4 3 3 7 5 3
split_gain=10.8475 36.472 35.8841 67.6367 59.7746 29.7473 42.9123 44.2971 50.5131 38.6431 69.1709 51.4339 76.616 64.9318 45.1013 41.6099 42.9732 51.6393 42.9811 39.101 71.4463 35.7682 35.5427 62.2639 54.1081 58.0813 47.6142 57.8662 41.984 90.1417
threshold=52.500000000000007 41.500000000000007 49701.000000000007 30727.049804687504 42724.900390625007 62.500000000000007 206478216.00000003 60866.000000000007 62562.500000000007 81310.500000000015 55794.000000000007 68710.000000000015 65114.500000000007 71101.000000000015 3492076.6250000005 61878.000000000007 60046.500000000007 58.500000000000007 80678.000000000015 64957.000000000007 64679.500000000007 43986.500000000007 73370.500000000015 58960.800781250007 69809.500000000015 92353.000000000015 108051.50000000001 38364530.000000007 82456.000000000015 100238.50000000001
decision_type=2 2 2 2 2 2 2 2 2 2 2 2 2 2 2 2 2 2 2 2 2 2 2 2 2 2 2 2 2 2
left_child=-1 2 3 -2 -4 9 7 -7 -9 11 -11 12 15 -13 -15 16 18 -18 19 -6 -21 -20 23 -12 26 -26 28 -28 29 -24
right_child=1 -3 4 -5 5 6 -8 8 -10 10 22 13 -14 14 -16 -17 17 -19 21 20 -22 -23 24 -25 25 -27 27 -29 -30 -31
leaf_value=5.4381258845363302e-05 -4.9045656668900763e-05 2.335673169822416e-05 0.0013160850829110199 -0.0045551595081779455 -0.00097250338865405598 0.0084733524576920353 0.0050026036855470484 -0.018149656153043904 -0.0019887096745992076 0.0043681773457211592 -0.0028134198338445851 -0.016963791992443879 0.01161479820781585 -0.046979042471331715 0.013569821008893644 0.011729777058964148 -0.0073642111535250744 0.0024954044588256755 0.001170690241115526 0.0083509399564223388 -0.006947808426013816 -0.017706577798562953 -0.0042975993626594416 0.0015212951567519768 -0.013898782425112747 0.0014133044395440947 0.0069015849343188416 -0.0043823351446889902 -9.0258927426748925e-05 -0.017057946888054568
leaf_weight=11951160 72228 4469096 173014 61821 343508 4011 9255 1951 222769 38524 41405 4132 4811 136 1289 2519 21336 7073 1585 11195 4197 2737 20754 165949 2601 52062 7915 10673 9742 7550
leaf_count=11951160 72228 4469096 173014 61821 343508 4011 9255 1951 222769 38524 41405 4132 4811 136 1289 2519 21336 7073 1585 11195 4197 2737 20754 165949 2601 52062 7915 10673 9742 7550
internal_value=-6.5001e-14 -0.000112524 -0.000577239 -0.00212718 -0.000400067 -0.000697081 -0.00167299 -0.0019431 -0.00212902 -0.000392165 0.000365844 -0.00106146 -0.000928381 -0.0106158 0.00779112 -0.00108148 -0.00116389 -0.00490946 -0.000870931 -0.000751557 0.00417937 -0.0107837 -0.000118027 0.000655728 -0.00155958 0.000684718 -0.00372578 0.000422497 -0.00575249 -0.00770138
internal_weight=1.7727e+07 5.77584e+06 1.30674e+06 134049 1.17269e+06 999679 237986 228731 224720 761693 357175 404518 398961 5557 1425 394150 391631 28409 363222 358900 15392 4322 318651 207354 111297 54663 56634 18588 38046 28304
internal_count=17726998 5775838 1306742 134049 1172693 999679 237986 228731 224720 761693 357175 404518 398961 5557 1425 394150 391631 28409 363222 358900 15392 4322 318651 207354 111297 54663 56634 18588 38046 28304
is_linear=0
shrinkage=0.1


Tree=90
num_leaves=31
num_cat=0
split_feature=3 9 10 7 3 4 7 2 8 10 4 7 3 3 9 10 3 5 7 4 9 5 4 9 10 4 5 9 2 8
split_gain=10.5121 20.749 43.5038 38.3901 56.5863 49.9619 90.5235 39.0394 67.052 68.7887 55.2345 48.7941 71.7572 40.7638 220.185 49.5688 63.9447 53.2995 55.9041 36.421 138.104 49.2949 61.9928 36.5998 35.072 34.0533 33.5832 74.2079 50.9285 81.4678
threshold=97927.000000000015 71653.000000000015 72078.500000000015 38364530.000000007 61575.500000000007 58909.000000000007 29752811.000000004 58.500000000000007 67356.500000000015 79346.000000000015 66528.500000000015 18828208.000000004 93443.500000000015 95825.500000000015 72101.000000000015 74196.000000000015 80346.000000000015 76770.500000000015 3359633.5000000005 67445.000000000015 75049.000000000015 81819.000000000015 69809.500000000015 73006.000000000015 72717.500000000015 65148.000000000007 72516.500000000015 70000.500000000015 58.500000000000007 63092.500000000007
decision_type=2 2 2 2 2 2 2 2 2 2 2 2 2 2 2 2 2 2 2 2 2 2 2 2 2 2 2 2 2 2
left_child=1 26 -3 4 -4 6 -6 13 -9 10 11 12 -10 15 -15 16 24 18 -17 20 23 -21 -23 -16 -7 -13 27 -1 -28 -30
right_child=-2 2 3 -5 5 7 -8 8 9 -11 -12 25 -14 14 19 17 -18 -19 -20 21 -22 22 -24 -25 -26 -27 28 -29 29 -31
leaf_value=-1.2603077654535933e-05 0.00027146930723896662 -0.019789996620630215 -0.011987591982922371 0.00051837964418145256 -0.017903086113943371 -0.013607917903168508 -0.0020522149236544109 -0.028363407528991205 -0.01300764689016231 -0.01144751759801509 0.0017420750904078366 0.0037503826228884977 -0.00032242625325173567 -0.03541310807138786 0.0065195895603691592 0.005259295647240092 0.0040297486053572024 -0.00015659265395739545 -0.0050137950942968764 0.0055705838410450136 -0.022413137204198956 -0.016430570029249109 -0.00083433765725995793 -0.0043178543074687391 -0.00088013276026014807 -0.010194950953210621 0.0010294465391808877 -0.0054431748160165272 -0.011182724088390147 -0.00053073302412699633
leaf_weight=14681268 1320193 1161 4492 310447 4622 2416 16341 1019 10428 7618 29041 8581 7791 1997 4434 6086 56376 494293 40867 11185 3817 2760 33274 10485 20838 2200 551353 25206 8444 47965
leaf_count=14681268 1320193 1161 4492 310447 4622 2416 16341 1019 10428 7618 29041 8581 7791 1997 4434 6086 56376 494293 40867 11185 3817 2760 33274 10485 20838 2200 551353 25206 8444 47965
internal_value=3.18702e-13 -2.18441e-05 -0.000442871 -0.00042229 -0.000796224 -0.00073148 -0.00554707 -0.000597862 -0.00290831 -0.00251326 -0.00134062 -0.00442768 -0.00758306 -0.000374213 -0.00269954 -0.000119717 0.00220977 -0.000462439 -0.00368221 -0.00170903 -0.00543957 -0.000228788 -0.00202892 -0.00109691 -0.0022025 0.00090466 8.19336e-06 -2.19107e-05 0.000736645 -0.00212526
internal_weight=1.7727e+07 1.64068e+07 1.09257e+06 1.09141e+06 780961 776469 20963 755506 66678 65659 58041 29000 18219 688828 67952 620876 79630 541246 46953 65955 18736 47219 36034 14919 23254 10781 1.53142e+07 1.47065e+07 607762 56409
internal_count=17726998 16406805 1092569 1091408 780961 776469 20963 755506 66678 65659 58041 29000 18219 688828 67952 620876 79630 541246 46953 65955 18736 47219 36034 14919 23254 10781 15314236 14706474 607762 56409
is_linear=0
shrinkage=0.1


Tree=91
num_leaves=31
num_cat=0
split_feature=0 10 9 3 0 3 8 7 2 0 10 4 3 2 6 2 5 2 0 1 3 0 1 0 4 1 4 0 1 7
split_gain=11.214 15.7607 13.3217 20.4278 39.7606 19.2527 23.3587 18.4473 39.0366 21.7701 17.3931 15.9453 27.6127 15.6047 14.5217 13.7007 16.9395 12.5302 28.814 34.5521 24.9261 23.0668 26.8087 25.5237 25.2581 23.3882 31.0608 29.5445 21.1675 20.4727
threshold=1.0000000180025095e-35 39261.500000000007 101442.00000000001 122696.00000000001 30.500000000000004 126365.50000000001 75201.500000000015 26470073.000000004 61.500000000000007 8.5000000000000018 105347.00000000001 87997.000000000015 104751.00000000001 50.500000000000007 78044.800781250015 88.500000000000014 87816.500000000015 36.500000000000007 9.5000000000000018 228.50000000000003 77782.500000000015 11.500000000000002 273.50000000000006 14.500000000000002 59148.500000000007 354.50000000000006 42564.000000000007 17.500000000000004 345.50000000000006 775239.53125000012
decision_type=2 2 2 2 2 2 2 2 2 2 2 2 2 2 2 2 2 2 2 2 2 2 2 2 2 2 2 2 2 2
left_child=1 -1 5 4 -4 11 15 8 9 -5 -9 17 -13 -14 -8 16 -7 -2 29 20 -20 -21 24 28 -23 26 -25 -27 -24 -19
right_child=2 -3 3 7 -6 6 14 10 -10 -11 -12 12 13 -15 -16 -17 -18 18 19 21 -22 22 23 25 -26 27 -28 -29 -30 -31
leaf_value=-0.0051849828517916913 0.00021794966412788972 -0.00064942267645657704 -0.0012263143018423177 -0.0038788816553803778 0.01064701394962109 0.0011454730164413931 -0.003694656568348836 0.011725709066776361 0.0037350469132239657 -0.016182882609232986 -0.0025464902225866073 0.0006152352467206901 -0.004486168226965459 -0.014746679139598089 0.0031936169525438383 -0.0047012654767935981 -0.0045283292253402042 -0.0078804783924781869 0.00091255068312877548 -0.0012388142294412641 0.004330069819100473 0.00091209359936411508 -0.00075313488670459292 0.00011397408214112282 0.0051962435877620427 -0.0013634182602084732 0.0023165597670176865 1.8101447517933002e-06 -0.0041445199151582696 -0.00063635657304555884
leaf_weight=8212 2398459 114286 21510 2279 3246 40716 3253 911 2253 3897 13617 7929 4083 2327 51730 5901 6043 3925 99547 151971 27166 116001 218726 176230 15614 160425 100557 13301493 20095 644596
leaf_count=8212 2398459 114286 21510 2279 3246 40716 3253 911 2253 3897 13617 7929 4083 2327 51730 5901 6043 3925 99547 151971 27166 116001 218726 176230 15614 160425 100557 13301493 20095 644596
internal_value=-2.08305e-13 -0.000953477 6.63461e-06 -0.00166204 0.000330513 1.11695e-05 0.00134444 -0.00381073 -0.00753228 -0.0116426 -0.00165153 2.94459e-06 -0.00333038 -0.00821101 0.00278608 -0.000160801 0.000412207 5.68603e-06 -2.81723e-05 1.21737e-06 0.00164523 -1.33901e-05 -1.90882e-07 -1.35669e-05 0.00142034 4.24954e-06 0.000914176 -1.44592e-05 -0.00103849 -0.0006802
internal_weight=1.7727e+07 122498 1.76045e+07 47713 24756 1.75568e+07 107643 22957 8429 6176 14528 1.74491e+07 14339 6410 54983 52660 46759 1.74348e+07 1.50363e+07 1.43878e+07 126713 1.42611e+07 1.41091e+07 1.39775e+07 131615 1.37387e+07 276787 1.34619e+07 238821 648521
internal_count=17726998 122498 17604500 47713 24756 17556787 107643 22957 8429 6176 14528 17449144 14339 6410 54983 52660 46759 17434805 15036346 14387825 126713 14261112 14109141 13977526 131615 13738705 276787 13461918 238821 648521
is_linear=0
shrinkage=0.1


Tree=92
num_leaves=31
num_cat=0
split_feature=2 3 4 7 1 4 0 3 3 4 4 8 2 5 0 7 7 9 4 3 4 4 4 9 8 0 5 3 8 8
split_gain=9.94738 21.6557 36.8746 30.6427 15.0425 24.0731 14.7559 12.4974 33.824 65.375 171.579 48.1242 109.664 65.8864 38.4981 35.8568 32.5587 30.7432 71.8008 70.7066 52.2979 50.4917 49.4234 57.2447 47.9519 50.2568 46.1774 76.1398 45.073 43.0621
threshold=77.500000000000014 86982.000000000015 41557.000000000007 8644277.5000000019 618.50000000000011 76331.000000000015 40.500000000000007 69198.500000000015 68962.500000000015 44473.500000000007 46529.500000000007 62385.000000000007 48.500000000000007 55363.500000000007 13.500000000000002 6161660.2500000009 4298458.2500000009 62673.500000000007 56155.000000000007 69548.500000000015 55111.000000000007 59359.500000000007 54837.500000000007 56677.000000000007 61207.000000000007 43.500000000000007 67425.000000000015 69734.000000000015 43215.000000000007 59843.500000000007
decision_type=2 2 2 2 2 2 2 2 2 2 2 2 2 2 2 2 2 2 2 2 2 2 2 2 2 2 2 2 2 2
left_child=7 2 6 -4 5 -3 -2 8 -1 -10 14 12 -12 -14 -11 -13 -15 18 20 -19 22 24 29 -24 -20 -26 27 -21 -28 -9
right_child=1 4 3 -5 -6 -7 -8 17 9 10 11 15 13 16 -16 -17 -18 19 21 26 -22 -23 23 -25 25 -27 28 -29 -30 -31
leaf_value=-4.6031416984690246e-05 0.011003390506003628 -0.003120149505713949 -0.005053157299704826 -0.017959932394065899 5.2687170328519286e-05 -0.027235263282565286 -0.0010826332030704137 0.00032760693541505101 0.0014316752598862634 -0.016773371056648511 0.0037600370328674799 -0.028056190929545755 0.0028799725917655599 -0.0037308223462902859 -0.056167163637859188 -0.0080255677998136224 -0.015101261243899423 0.0072265565847447061 0.0019806635712132955 -0.02697582324878095 -0.0021528575131542745 -0.0039909149563942875 -0.047965848490373414 0.0056587981541013138 0.014212165407732869 0.0040998594244751252 -0.0066067350606121775 -0.0012460389256165429 1.5274702907671653e-05 -0.0023587410398583785
leaf_weight=10759964 1133 7850 7240 2466 93914 437 9319 2623332 28850 369 16548 1018 4238 3620 757 7318 8275 13212 149815 1155 89489 12155 201 20736 6533 19840 10309 271626 3494218 61061
leaf_count=10759964 1133 7850 7240 2466 93914 437 9319 2623332 28850 369 16548 1018 4238 3620 757 7318 8275 13212 149815 1155 89489 12155 201 20736 6533 19840 10309 271626 3494218 61061
internal_value=-1.51611e-13 -0.00089853 -0.00389405 -0.00833238 -0.000307697 -0.00439182 0.000227495 6.24513e-06 -6.03857e-05 -0.00223597 -0.00474675 -0.00368955 -0.00195961 -0.00782639 -0.0432575 -0.0104717 -0.0116409 0.000112786 0.000352931 -7.62091e-05 0.000225574 0.00224278 0.000304249 0.00514399 0.00267284 0.00660483 -0.000101752 -0.00135498 -4.20476e-06 0.000266501
internal_weight=1.7727e+07 122359 20158 9706 102201 8287 10452 1.76046e+07 1.0831e+07 70993 42143 41017 32681 16133 1126 8336 11895 6.77368e+06 2.98316e+06 3.79052e+06 2.79482e+06 188343 2.70533e+06 20937 176188 26373 3.77731e+06 272781 3.50453e+06 2.68439e+06
internal_count=17726998 122359 20158 9706 102201 8287 10452 17604639 10830957 70993 42143 41017 32681 16133 1126 8336 11895 6773682 2983162 3790520 2794819 188343 2705330 20937 176188 26373 3777308 272781 3504527 2684393
is_linear=0
shrinkage=0.1


Tree=93
num_leaves=31
num_cat=0
split_feature=8 0 7 4 3 2 4 9 7 6 3 2 8 8 9 4 4 0 4 7 8 10 5 5 6 2 8 3 2 3
split_gain=9.76783 24.4002 23.7983 36.2683 23.0074 19.0015 14.4227 46.6096 70.1792 82.7356 61.2184 74.5347 50.7132 68.586 39.7659 32.5145 37.2831 40.7806 82.5842 71.1924 61.1246 43.3764 66.4052 31.8169 35.3591 30.2144 27.3253 26.8258 26.1515 29.6516
threshold=20438.000000000004 11.500000000000002 775239.53125000012 4333.5000000000009 14052.000000000002 18.500000000000004 38676.000000000007 52922.500000000007 68643944.000000015 60686.250000000007 68454.500000000015 42.500000000000007 53297.500000000007 49351.000000000007 58144.500000000007 19960.500000000004 24509.500000000004 60.500000000000007 23228.000000000004 152594632.00000003 69187.500000000015 60237.500000000007 65269.000000000007 61236.500000000007 53222.148437500007 78.500000000000014 49351.000000000007 69198.500000000015 53.500000000000007 69198.500000000015
decision_type=2 2 2 2 2 2 2 2 2 2 2 2 2 2 2 2 2 2 2 2 2 2 2 2 2 2 2 2 2 2
left_child=1 2 3 -1 5 -4 7 -2 9 10 11 26 13 -13 27 -10 17 18 19 21 -20 23 -23 24 -17 -18 -9 -12 -8 -30
right_child=6 -3 4 -5 -6 -7 28 8 15 -11 14 12 -14 -15 -16 16 25 -19 20 -21 -22 22 -24 -25 -26 -27 -28 -29 29 -31
leaf_value=0.00862825915778722 -3.8519485455030058e-05 0.00013657174808520155 -0.0035689677514296283 -0.0057751233449134807 0.0014818841621507964 0.0065382404396540283 0.00018368201020003792 0.0014617792045675967 0.00034025958295944529 -0.029658679841238947 0.0041635470158579444 -0.025437660295979648 -0.028670375493313749 -0.00505120984227235 -0.013912812444007844 -0.0063145808429487475 -0.00043659898233590371 -0.00088841593149710995 -0.0092543885773595635 0.00036613193740535577 -0.032153246805827859 -0.026151585775067539 0.0042360114206656304 0.0038902798099564755 -0.031001008280393916 -0.013470844044040343 -0.0068932259755234556 -0.001826873174049783 -0.00071184849200832889 -6.7104359718455221e-06
leaf_weight=2215 6176212 884210 2094 8296 73100 16649 6233561 7452 251924 1220 9659 2259 1892 6124 2321 5022 301700 62718 12011 28177 1291 2657 986 2780 656 1789 8246 33068 755477 2831232
leaf_count=2215 6176212 884210 2094 8296 73100 16649 6233561 7452 251924 1220 9659 2259 1892 6124 2321 5022 301700 62718 12011 28177 1291 2657 986 2780 656 1789 8246 33068 755477 2831232
internal_value=-2.22004e-13 0.000305775 0.00176748 -0.00273988 0.00228333 0.00540905 -1.80202e-05 -0.000128592 -0.000876362 -0.00383799 -0.00339445 -0.007261 -0.0138824 -0.0105448 -0.00116513 -0.000557845 -0.00109682 -0.00261921 -0.00464519 -0.00238902 -0.0114768 -0.00880436 -0.017927 -0.00487509 -0.00916669 -0.000513433 -0.00292702 -0.00047266 5.98974e-05 -0.000155235
internal_weight=1.7727e+07 986564 102354 10511 91843 18743 1.67404e+07 6.92016e+06 743952 72241 71021 25973 10275 8383 45048 671711 419787 116298 53580 40278 13302 12101 3643 8458 5678 303489 15698 42727 9.82027e+06 3.58671e+06
internal_count=17726998 986564 102354 10511 91843 18743 16740434 6920164 743952 72241 71021 25973 10275 8383 45048 671711 419787 116298 53580 40278 13302 12101 3643 8458 5678 303489 15698 42727 9820270 3586709
is_linear=0
shrinkage=0.1


Tree=94
num_leaves=31
num_cat=0
split_feature=1 7 3 9 7 7 2 2 2 3 4 2 0 9 6 7 6 10 3 1 5 7 9 8 3 7 1 7 8 3
split_gain=9.903 33.7885 22.8113 16.5712 18.8278 24.8268 23.186 36.8005 16.1492 16.0801 19.6179 16.6224 31.6071 25.8711 61.5071 33.2363 36.0934 33.0827 31.5366 27.3262 25.2526 42.3509 31.8394 29.215 32.9376 27.1478 26.8406 24.812 21.533 23.8993
threshold=64.500000000000014 28688889.000000004 16310.500000000002 101442.00000000001 36377372.000000007 7790621.7500000009 53.500000000000007 43.500000000000007 14.500000000000002 126365.50000000001 58909.000000000007 33.500000000000007 33.500000000000007 83701.500000000015 83012.449218750015 26950157.000000004 80923.000000000015 91491.500000000015 70893.000000000015 237.50000000000003 90892.500000000015 5742428.7500000009 89029.500000000015 87892.500000000015 101044.50000000001 11905206.500000002 954.50000000000011 16568681.500000002 85037.500000000015 106575.50000000001
decision_type=2 2 2 2 2 2 2 2 2 2 2 2 2 2 2 2 2 2 2 2 2 2 2 2 2 2 2 2 2 2
left_child=1 -1 8 9 5 -5 7 -6 -3 11 -11 12 27 17 15 -15 -17 -13 -16 -18 21 -20 23 25 -25 -22 -26 -2 29 -24
right_child=3 2 -4 4 6 -7 -8 -9 -10 10 -12 13 -14 14 18 16 19 -19 20 -21 22 -23 28 24 26 -27 -28 -29 -30 -31
leaf_value=-0.0015803057526519719 0.00034931995450119776 -0.0034347906813013934 0.00012827030963327593 0.0027724561174948745 -0.0013075638653735986 -0.0061539584019110116 -0.005521718274966443 0.012346328722853996 0.015135893126231204 -0.00015426393887232615 0.0025482382830243296 -2.9686128889762529e-06 -0.00010314514316626097 0.0024975043056065182 -0.024014810388859029 -0.0020167712604982151 -0.0021949618533957014 0.012894672395023735 -0.011645285746394882 -0.015068126741889124 0.0073640417387591936 -0.001488404449835855 -0.0020923700668280779 -0.013993191032488212 0.031727078997369387 0.00068605818047361546 0.0091715077082066398 0.0017303030220124742 -0.0013486045871893804 0.0061164007590604752
leaf_weight=168947 302923 646 276705 3941 5410 14880 4043 3108 1702 52242 55288 15701898 634714 3303 573 5374 2112 1989 4367 7521 6920 68497 6017 421 771 50606 1671 228046 103724 8639
leaf_count=168947 302923 646 276705 3941 5410 14880 4043 3108 1702 52242 55288 15701898 634714 3303 573 5374 2112 1989 4367 7521 6920 68497 6017 421 771 50606 1671 228046 103724 8639
internal_value=-3.35749e-13 -0.00046418 0.000211556 1.2035e-05 -0.00228381 -0.00428482 0.000714446 0.00367439 0.0100266 1.62123e-05 0.00123526 8.56443e-06 0.000373119 -1.80378e-05 -0.00098766 -0.00658394 -0.00858275 -1.33504e-06 -0.000581373 -0.0122457 -0.000528012 -0.00209714 0.000111546 0.00198006 0.0118393 0.00148938 0.0162929 0.000942439 -0.000841636 0.0027463
internal_weight=1.7727e+07 448000 279053 1.7279e+07 31382 18821 12561 8518 2348 1.72476e+07 107530 1.71401e+07 1.16568e+06 1.59744e+07 270516 18310 15007 1.57039e+07 252206 9633 251633 72864 178769 60389 2863 57526 2442 530969 118380 14656
internal_count=17726998 448000 279053 17278998 31382 18821 12561 8518 2348 17247616 107530 17140086 1165683 15974403 270516 18310 15007 15703887 252206 9633 251633 72864 178769 60389 2863 57526 2442 530969 118380 14656
is_linear=0
shrinkage=0.1


Tree=95
num_leaves=31
num_cat=0
split_feature=2 9 1 0 1 8 9 5 10 0 5 5 2 4 4 1 8 4 0 7 7 7 6 3 7 4 2 3 7 10
split_gain=9.7403 11.7406 9.32029 14.9581 21.3503 17.4337 12.2182 48.4694 60.7913 55.8806 55.0746 51.8253 52.3736 44.76 54.3671 47.5749 41.8268 65.3516 92.889 76.3509 54.9988 83.4995 50.8974 46.3854 38.9794 64.4724 36.6865 51.3599 41.2016 36.6405
threshold=14.500000000000002 78949.500000000015 2719.5000000000005 128.50000000000003 2342.5000000000005 57413.000000000007 71653.000000000015 73110.500000000015 69872.500000000015 34.500000000000007 70719.500000000015 71179.500000000015 70.500000000000014 32003.500000000004 31801.000000000004 764.50000000000011 61681.500000000007 58003.000000000007 34.500000000000007 9112805.0000000019 2024786.7500000002 919361.31250000012 63505.000000000007 77782.500000000015 19778953.000000004 54434.500000000007 60.500000000000007 92887.500000000015 8644277.5000000019 72078.500000000015
decision_type=2 2 2 2 2 2 2 2 2 2 2 2 2 2 2 2 2 2 2 2 2 2 2 2 2 2 2 2 2 2
left_child=1 -1 3 4 6 -5 7 8 10 11 16 -10 -13 14 -9 -15 23 18 19 22 21 -19 -18 -2 25 -21 29 28 -28 -8
right_child=2 -3 -4 5 -6 -7 26 13 9 -11 -12 12 -14 15 -16 -17 17 20 -20 24 -22 -23 -24 -25 -26 -27 27 -29 -30 -31
leaf_value=-0.0029382618330340269 -3.7243318073487324e-05 0.00014741769468363378 -0.00087196340882766434 0.00011880437663089644 -0.00083504800452175896 0.00093818484363080053 -0.017810560634935697 -0.0015870171777657084 -0.01137240187454501 -0.00056016162336708483 0.001446567019467026 -0.0025505045254722815 -0.023530278458485147 0.0022333764181449575 -0.031557281435141415 0.00031321308282375969 0.010999996663500326 0.0037031809448634274 -0.00083820185650663114 -0.015987211051521649 0.00032785029667211079 -0.0095063548556216446 -0.0041121314656181358 0.00056797348888833351 -0.0034751549083096877 -0.0060306773649882947 -0.00038748395515824437 -0.000918190075756436 -0.0094154122207370256 -3.8375343625111375e-05
leaf_weight=24788 11015167 24536 120661 1019804 312799 348372 1161 48048 8171 165232 265315 65258 1212 241496 613 277079 4598 7330 194461 8528 367490 13784 4325 1430868 29206 27398 8115 247319 13407 1430457
leaf_count=24788 11015167 24536 120661 1019804 312799 348372 1161 48048 8171 165232 265315 65258 1212 241496 613 277079 4598 7330 194461 8528 367490 13784 4325 1430868 29206 27398 8115 247319 13407 1430457
internal_value=-1.50881e-13 -0.0014033 3.91548e-06 9.93498e-06 -1.68984e-05 0.000327439 -7.78769e-07 2.96052e-05 -8.14701e-06 -0.00158601 2.01648e-05 -0.00385691 -0.00293305 0.000935305 -0.00196456 0.00120742 -8.71723e-06 -0.000786275 -0.00198598 -0.00499993 4.26924e-05 -0.00492049 0.00367511 3.23359e-05 -0.0061884 -0.00839413 -0.00025407 -0.00132592 -0.00601138 -5.27881e-05
internal_weight=1.7727e+07 49324 1.76777e+07 1.7557e+07 1.61888e+07 1.36818e+06 1.5876e+07 1.41756e+07 1.36083e+07 239873 1.33685e+07 74641 66470 567236 48661 518575 1.31032e+07 657120 268516 74055 388604 21114 8923 1.2446e+07 65132 35926 1.70046e+06 268841 21522 1.43162e+06
internal_count=17726998 49324 17677674 17557013 16188837 1368176 15876038 14175579 13608343 239873 13368470 74641 66470 567236 48661 518575 13103155 657120 268516 74055 388604 21114 8923 12446035 65132 35926 1700459 268841 21522 1431618
is_linear=0
shrinkage=0.1


Tree=96
num_leaves=31
num_cat=0
split_feature=0 7 3 0 3 4 7 3 7 9 7 2 2 7 7 3 2 7 7 2 2 2 5 8 6 1 0 0 8 4
split_gain=9.06245 27.0638 35.8809 33.5292 29.9145 27.5555 23.4088 15.4209 21.4742 14.1075 18.0445 24.9399 25.117 23.1062 16.0764 14.0229 23.044 20.1402 20.3679 17.2166 37.0565 35.1996 30.8399 28.8166 21.2271 20.3985 20.4531 19.7517 18.4417 15.1893
threshold=3.5000000000000004 18593439.000000004 49989.000000000007 1.0000000180025095e-35 23456.500000000004 23474.000000000004 79509624.000000015 14052.000000000002 3091837.8750000005 101442.00000000001 36377372.000000007 53.500000000000007 42.500000000000007 7790621.7500000009 47310870.000000007 118002.50000000001 39.500000000000007 19091909.000000004 18828208.000000004 62.500000000000007 68.500000000000014 63.500000000000007 86858.500000000015 68014.500000000015 100406.94921875001 945.50000000000011 12.500000000000002 60.500000000000007 83191.000000000015 83428.500000000015
decision_type=2 2 2 2 2 2 2 2 2 2 2 2 2 2 2 2 2 2 2 2 2 2 2 2 2 2 2 2 2 2
left_child=1 7 3 -3 -5 -6 -7 -1 -9 15 13 12 -12 -11 -13 29 -17 18 19 24 21 -21 -23 -22 25 26 -18 28 -25 -2
right_child=9 2 -4 4 5 6 -8 8 -10 10 11 14 -14 -15 -16 16 17 -19 -20 20 23 22 -24 27 -26 -27 -28 -29 -30 -31
leaf_value=0.0028927140523549544 1.1680092360453925e-05 -0.00085622018099899529 -0.00042310069819408527 0.0099526543376119471 -0.0015348329679537988 0.002851002981042846 0.010877048536774653 -0.0058438356144759236 -0.0012748625323455312 0.0025465866061550159 -0.0019040172453734924 0.0073077018177543614 0.011238964199485054 -0.0062956016140653217 -0.0081876421951096665 0.01097276650805303 -0.0031642017003598575 9.8416325652134478e-05 0.011274152455555939 0.0015016558126622198 -0.0020926219277557496 0.0047043736986435202 -0.017555274472543972 0.01096237105422143 -0.015273314907556849 0.0022955988018706556 0.011239143791413766 0.0021081933431988001 -0.0023720172412131915 -0.0019413116696774275
leaf_weight=8179 16797232 33564 347494 5690 13939 43280 3967 10931 174545 3828 2665 847 3200 12964 3196 2208 1173 156522 2389 3314 11135 795 2867 5718 543 12413 6181 15034 1267 39918
leaf_count=8179 16797232 33564 347494 5690 13939 43280 3967 10931 174545 3828 2665 847 3200 12964 3196 2208 1173 156522 2389 3314 11135 795 2867 5718 543 12413 6181 15034 1267 39918
internal_value=4.34169e-13 -0.000368969 5.80757e-05 0.00172281 0.00301718 0.00237222 0.00352489 -0.00135674 -0.00154413 1.38555e-05 -0.00228298 0.00110137 0.00526692 -0.00427989 -0.0049414 1.74504e-05 0.000807829 0.000705508 0.00221792 0.00185995 0.000659263 -0.00596538 -0.0127228 0.00205317 0.00423237 0.00476819 0.00894174 0.00414969 0.00854366 7.04988e-06
internal_weight=1.7727e+07 641589 447934 100440 66876 61186 47247 193655 185476 1.70854e+07 26700 9908 5865 16792 4043 1.70587e+07 221559 219351 62829 60440 40130 6976 3662 33154 20310 19767 7354 22019 6985 1.68372e+07
internal_count=17726998 641589 447934 100440 66876 61186 47247 193655 185476 17085409 26700 9908 5865 16792 4043 17058709 221559 219351 62829 60440 40130 6976 3662 33154 20310 19767 7354 22019 6985 16837150
is_linear=0
shrinkage=0.1


Tree=97
num_leaves=31
num_cat=0
split_feature=9 5 3 0 4 4 10 8 5 0 7 5 4 8 5 3 9 5 0 1 3 3 5 7 0 8 2 4 4 8
split_gain=8.88124 88.7991 44.7912 54.5985 48.8645 33.6319 27.6495 27.3351 42.2471 64.7124 37.9019 33.1767 31.4368 26.5793 41.5623 93.9487 56.1666 72.556 94.4604 65.0777 56.4758 78.8957 53.8243 50.9959 82.2582 50.8707 90.3705 97.2729 77.1427 50.6167
threshold=39491.000000000007 40652.500000000007 42558.000000000007 32.500000000000007 37893.000000000007 38676.000000000007 31878.500000000004 28503.000000000004 41142.500000000007 50.500000000000007 1259646.8125000002 31235.500000000004 36756.500000000007 43662.000000000007 49863.500000000007 62562.500000000007 49220.500000000007 52975.000000000007 52.500000000000007 954.50000000000011 56711.000000000007 61338.500000000007 51269.500000000007 3492076.6250000005 56.500000000000007 61207.000000000007 33.500000000000007 53464.500000000007 58394.500000000007 59843.500000000007
decision_type=2 2 2 2 2 2 2 2 2 2 2 2 2 2 2 2 2 2 2 2 2 2 2 2 2 2 2 2 2 2
left_child=2 -2 7 6 -5 -3 -4 -1 9 10 11 -9 -12 -7 15 -15 19 18 22 -16 -19 23 -18 24 29 -25 -27 -28 -29 -22
right_child=1 5 3 4 -6 13 -8 8 -10 -11 12 -13 -14 14 16 -17 17 20 -20 -21 21 -23 -24 25 -26 26 27 28 -30 -31
leaf_value=0.00011125030248471415 -0.021054018701734335 -0.00031696195420459554 0.0037092119000515598 0.00024902035507923221 -0.015362988427593059 0.00071717441071697031 0.0012481806593192413 -0.021963618369884523 0.0014566383664088498 -3.8940499114421217e-05 -0.0014692366254798518 -0.0050668119918945882 -0.028245014675250087 -0.0020293697616848602 0.0024056857680030495 0.001680442371640666 -0.010708094865027709 0.0010168511682124885 -0.00024651565833934283 0.00016352620186567738 -0.01254128025222315 5.9385974509127861e-05 -0.0033498964842384564 -0.00060592437680584443 -0.001307017283842343 -0.00074993363513967039 0.00084866183384973287 -0.026321626801835332 -0.008253094825445095 0.00515364063494684
leaf_weight=1940450 2011 3264857 53160 1266947 2008 568542 323204 1253 97947 564636 373807 16009 439 259369 212481 92647 11387 554640 163717 331264 13419 7026943 78291 437646 28422 25303 4847 4372 5142 1838
leaf_count=1940450 2011 3264857 53160 1266947 2008 568542 323204 1253 97947 564636 373807 16009 439 259369 212481 92647 11387 554640 163717 331264 13419 7026943 78291 437646 28422 25303 4847 4372 5142 1838
internal_value=-6.64951e-14 -4.21453e-05 0.000118875 0.000538039 0.000224316 -3.89161e-05 0.00159579 -0.000111431 -0.000521359 -0.000723984 -0.00171196 -0.0062933 -0.00150065 5.35233e-05 1.27403e-05 -0.00105299 5.48936e-05 -9.19051e-06 -0.00167548 0.0010397 4.29201e-05 -2.86467e-05 -0.00428421 -0.001216 -0.00448653 -0.000916717 -0.00434595 -0.0106819 -0.0165562 -0.0104096
internal_weight=1.7727e+07 1.30871e+07 4.63986e+06 1.64532e+06 1.26896e+06 1.30851e+07 376364 2.99454e+06 1.05409e+06 956144 391508 17262 374246 9.82027e+06 9.25173e+06 352016 8.89971e+06 8.35597e+06 253395 543745 8.10257e+06 7.54793e+06 89678 520989 43679 477310 39664 14361 9514 15257
internal_count=17726998 13087138 4639860 1645319 1268955 13085127 376364 2994541 1054091 956144 391508 17262 374246 9820270 9251728 352016 8899712 8355967 253395 543745 8102572 7547932 89678 520989 43679 477310 39664 14361 9514 15257
is_linear=0
shrinkage=0.1


Tree=98
num_leaves=31
num_cat=0
split_feature=1 7 7 2 0 1 2 3 3 8 9 10 7 3 6 5 8 7 4 9 5 10 5 8 7 4 8 10 9 9
split_gain=8.64818 18.8176 10.4685 10.124 19.5227 38.2405 28.3847 27.7921 22.1248 27.275 24.8802 23.5577 22.1573 21.9153 23.46 20.8513 19.0271 35.5529 21.1568 52.6515 42.8241 47.08 34.6535 23.5687 20.0688 22.7849 39.2334 24.3486 24.1848 21.1994
threshold=37.500000000000007 104151412.00000001 10167727.000000002 33.500000000000007 9.5000000000000018 219.50000000000003 46.500000000000007 45309.000000000007 49701.000000000007 29244.000000000004 41139.500000000007 43283.500000000007 16952958.000000004 56406.500000000007 29008.399414062504 41866.000000000007 20438.000000000004 1259646.8125000002 28740.000000000004 42607.500000000007 49515.500000000007 46497.500000000007 44945.500000000007 46004.500000000007 24720331.000000004 41051.500000000007 48530.000000000007 65826.500000000015 55602.000000000007 47660.500000000007
decision_type=2 2 2 2 2 2 2 2 2 2 2 2 2 2 2 2 2 2 2 2 2 2 2 2 2 2 2 2 2 2
left_child=1 2 -1 -2 6 7 16 -6 9 -8 12 -12 13 14 -10 -11 -5 -18 -19 22 23 -22 -20 -21 29 26 -26 -28 -27 -23
right_child=3 -3 -4 4 5 -7 8 -9 10 15 11 -13 -14 -15 -16 -17 17 18 19 20 21 24 -24 -25 25 28 27 -29 -30 -31
leaf_value=-0.0038241594996884344 0.00026929372084333477 0.00080194026632486853 -0.00094176650171254751 0.0021705844275860344 -7.0780637243337129e-05 -1.8846553210071959e-06 -0.0014774639656937895 0.0030971536583346746 0.01879959144780826 -0.011415244739387926 -0.014351109042584596 -0.0014821623315259482 -0.0016521449644318186 0.011200464050392399 -0.0012685025158956321 -0.0019042496024907355 -0.0093789978369108878 -0.0014883308992392353 0.0014278520499562892 -0.0034239534257562241 0.014640996680104266 0.0030792149969572523 0.0069103662742219006 -0.01946441906867391 0.0013643035500547182 0.0065993400584395184 -0.0082555894737321011 0.0011591472850479819 0.00091802650550312261 -0.00092958694799040323
leaf_weight=13748 1367391 67328 150924 32561 46243 15158000 13517 69035 671 6999 1438 131828 7181 4102 4418 3437 4291 113059 52187 30895 2156 13929 14798 944 18003 7963 10145 3767 126901 249139
leaf_count=13748 1367391 67328 150924 32561 46243 15158000 13517 69035 671 6999 1438 131828 7181 4102 4418 3437 4291 113059 52187 30895 2156 13929 14798 944 18003 7963 10145 3767 126901 249139
internal_value=2.74866e-13 -0.000606537 -0.00118241 8.04325e-06 -1.41071e-05 1.19144e-05 -0.000479305 0.00182636 -0.00162075 -0.0044425 -0.00116907 -0.00162102 0.00250981 0.00576157 0.00137754 -0.00828289 -0.000188232 -0.000306726 -0.000246267 1.82764e-05 -0.000360194 -9.93416e-05 0.00263902 -0.00389954 -0.000173275 0.000684883 -0.00171784 -0.00570633 0.00125348 -0.000717328
internal_weight=1.7727e+07 232000 164672 1.7495e+07 1.61276e+07 1.52733e+07 854329 115278 173591 23953 149638 133266 16372 9191 5089 10436 680738 648177 643886 530827 463842 432003 66985 31839 429847 166779 31915 13912 134864 263068
internal_count=17726998 232000 164672 17494998 16127607 15273278 854329 115278 173591 23953 149638 133266 16372 9191 5089 10436 680738 648177 643886 530827 463842 432003 66985 31839 429847 166779 31915 13912 134864 263068
is_linear=0
shrinkage=0.1


Tree=99
num_leaves=31
num_cat=0
split_feature=2 4 4 4 4 8 0 4 4 2 4 2 7 7 1 6 3 4 5 2 2 4 1 4 1 3 2 3 3 4
split_gain=8.5529 11.7185 26.9615 27.4147 25.3244 31.6824 18.3373 17.8326 17.4974 14.4198 13.9802 13.4432 12.2451 41.6184 25.4432 16.68 44.8329 12.1014 26.7694 11.6979 11.3787 18.3876 14.0859 11.3486 22.4386 10.8272 21.6663 57.0389 36.2006 113.682
threshold=75.500000000000014 58394.500000000007 52041.000000000007 55685.000000000007 63304.500000000007 68014.500000000015 93.500000000000014 48761.500000000007 57502.000000000007 81.500000000000014 57758.500000000007 76.500000000000014 13172993.000000002 5742428.7500000009 1728.5000000000002 64897.851562500007 134511.00000000003 47747.000000000007 63678.500000000007 80.500000000000014 81.500000000000014 38676.000000000007 846.50000000000011 76331.000000000015 719.50000000000011 98805.000000000015 59.500000000000007 100238.50000000001 100238.50000000001 59908.500000000007
decision_type=2 2 2 2 2 2 2 2 2 2 2 2 2 2 2 2 2 2 2 2 2 2 2 2 2 2 2 2 2 2
left_child=25 2 7 6 -3 9 -4 12 -5 -6 -10 -8 13 20 -15 17 19 -14 -19 -17 21 -2 -23 -7 -25 -1 27 -27 29 -28
right_child=1 4 3 8 5 23 11 -9 10 -11 -12 -13 15 14 -16 16 -18 18 -20 -21 -22 22 -24 24 -26 26 28 -29 -30 -31
leaf_value=-1.4055172050775906e-05 -0.0084017877875690178 0.0029207371254013413 -0.0093215791130623147 0.00039652930921018221 -0.011906495343747677 0.0012769548861716719 -0.012006270781305492 0.0042805612195900246 -0.012664044934083711 -0.0023963472442081503 -0.0025882180793644601 -0.00071369628405897067 0.0015260422493456585 -0.016296989790671706 -0.00069617038305684836 -0.029974898324246397 0.0042915120301470324 0.003260774288809937 -0.018767442715286835 -0.011887674606012729 0.0021522850547156299 -0.010073537746841691 0.0016125559631459251 -0.023199006866194014 -0.00060794460569362071 0.0030942419232326485 0.00098741702729115174 0.00032040096483626945 7.7151359655912982e-05 -0.0092496222438735211
leaf_weight=16399825 3696 23997 9480 18319 3570 17636 1275 8156 1973 2881 4559 6087 35545 3052 1590 449 2345 1310 953 1756 9183 1195 7536 579 1827 85107 28860 574886 451990 17381
leaf_count=16399825 3696 23997 9480 18319 3570 17636 1275 8156 1973 2881 4559 6087 35545 3052 1590 449 2345 1310 953 1756 9183 1195 7536 579 1827 85107 28860 574886 451990 17381
internal_value=-2.86409e-13 -0.000708108 -0.00125183 -0.00329894 0.000567564 -0.00156391 -0.00641378 -0.000140007 -0.00118795 -0.00765929 -0.00563164 -0.00266942 -0.000665501 -0.00236247 -0.0109533 0.00038622 -0.00533404 0.00107462 -0.0060158 -0.0155707 -0.000517086 -0.00248963 1.30963e-05 0.000398036 -0.00604445 6.81363e-06 0.000302305 0.000678092 -0.00019549 -0.00286047
internal_weight=1.7727e+07 168949 118459 41693 50490 26493 16842 76766 24851 6451 6532 7362 68610 26252 4642 42358 4550 37808 2263 2205 21610 12427 8731 20042 2406 1.7558e+07 1.15822e+06 659993 498231 46241
internal_count=17726998 168949 118459 41693 50490 26493 16842 76766 24851 6451 6532 7362 68610 26252 4642 42358 4550 37808 2263 2205 21610 12427 8731 20042 2406 17558049 1158224 659993 498231 46241
is_linear=0
shrinkage=0.1


end of trees

feature_importances:
step=461
first_nn_dist=448
nn_dist=399
percentile_25=340
variance=322
inserts=270
dists=235
percentile_50=190
furthest_dist=161
percentile_75=101
avg_dist=73

parameters:
[boosting: gbdt]
[objective: regression]
[metric: l2]
[tree_learner: serial]
[device_type: cpu]
[data_sample_strategy: bagging]
[data: ]
[valid: ]
[num_iterations: 100]
[learning_rate: 0.1]
[num_leaves: 31]
[num_threads: 16]
[seed: 42]
[deterministic: 0]
[force_col_wise: 0]
[force_row_wise: 0]
[histogram_pool_size: -1]
[max_depth: -1]
[min_data_in_leaf: 20]
[min_sum_hessian_in_leaf: 0.001]
[bagging_fraction: 1]
[pos_bagging_fraction: 1]
[neg_bagging_fraction: 1]
[bagging_freq: 0]
[bagging_seed: 400]
[bagging_by_query: 0]
[feature_fraction: 1]
[feature_fraction_bynode: 1]
[feature_fraction_seed: 30056]
[extra_trees: 0]
[extra_seed: 12879]
[early_stopping_round: 0]
[early_stopping_min_delta: 0]
[first_metric_only: 0]
[max_delta_step: 0]
[lambda_l1: 0]
[lambda_l2: 0]
[linear_lambda: 0]
[min_gain_to_split: 0]
[drop_rate: 0.1]
[max_drop: 50]
[skip_drop: 0.5]
[xgboost_dart_mode: 0]
[uniform_drop: 0]
[drop_seed: 17869]
[top_rate: 0.2]
[other_rate: 0.1]
[min_data_per_group: 100]
[max_cat_threshold: 32]
[cat_l2: 10]
[cat_smooth: 10]
[max_cat_to_onehot: 4]
[top_k: 20]
[monotone_constraints: ]
[monotone_constraints_method: basic]
[monotone_penalty: 0]
[feature_contri: ]
[forcedsplits_filename: ]
[refit_decay_rate: 0.9]
[cegb_tradeoff: 1]
[cegb_penalty_split: 0]
[cegb_penalty_feature_lazy: ]
[cegb_penalty_feature_coupled: ]
[path_smooth: 0]
[interaction_constraints: ]
[verbosity: -1]
[saved_feature_importance_type: 0]
[use_quantized_grad: 0]
[num_grad_quant_bins: 4]
[quant_train_renew_leaf: 0]
[stochastic_rounding: 1]
[linear_tree: 0]
[max_bin: 255]
[max_bin_by_feature: ]
[min_data_in_bin: 3]
[bin_construct_sample_cnt: 200000]
[data_random_seed: 175]
[is_enable_sparse: 1]
[enable_bundle: 1]
[use_missing: 1]
[zero_as_missing: 0]
[feature_pre_filter: 1]
[pre_partition: 0]
[two_round: 0]
[header: 0]
[label_column: ]
[weight_column: ]
[group_column: ]
[ignore_column: ]
[categorical_feature: ]
[forcedbins_filename: ]
[precise_float_parser: 0]
[parser_config_file: ]
[objective_seed: 16083]
[num_class: 1]
[is_unbalance: 0]
[scale_pos_weight: 1]
[sigmoid: 1]
[boost_from_average: 1]
[reg_sqrt: 0]
[alpha: 0.9]
[fair_c: 1]
[poisson_max_delta_step: 0.7]
[tweedie_variance_power: 1.5]
[lambdarank_truncation_level: 30]
[lambdarank_norm: 1]
[label_gain: ]
[lambdarank_position_bias_regularization: 0]
[eval_at: ]
[multi_error_top_k: 1]
[auc_mu_weights: ]
[num_machines: 1]
[local_listen_port: 12400]
[time_out: 120]
[machine_list_filename: ]
[machines: ]
[gpu_platform_id: -1]
[gpu_device_id: -1]
[gpu_use_dp: 0]
[num_gpu: 1]

end of parameters

pandas_categorical:[]
