tree
version=v4
num_class=1
num_tree_per_iteration=1
label_index=0
max_feature_idx=10
objective=regression
feature_names=step dists inserts first_nn_dist nn_dist furthest_dist avg_dist variance percentile_25 percentile_50 percentile_75
feature_infos=[0:158] [9:3129] [10:117] [1141:203284] [484:162328] [980:217118] [821.79998779296875:172267.296875] [18320.966796875:1019496128] [775:170029] [858:173228] [875:182134]
tree_sizes=3138 3257 3295 3276 3275 3273 3287 3282 3281 3280 3297 3302 3288 3318 3272 3307 3306 3322 3345 3319 3327 3315 3317 3323 3363 3327 3298 3298 3341 3357 3329 3354 3274 3334 3316 3332 3291 3289 3326 3278 3346 3339 3360 3324 3232 3246 3265 3293 3382 3298 3312 3244 3322 3279 3252 3315 3268 3302 3296 3259 3189 3328 3115 3177 3226 3208 3196 3316 3268 3385 3230 3246 3228 3291 3240 3146 3221 3235 3198 3278 3276 3094 3193 3086 3083 3246 3056 3217 3202 3337 3109 3273 3135 3147 3355 3219 3192 3165 3103 3184

Tree=0
num_leaves=31
num_cat=0
split_feature=0 0 0 4 4 4 4 0 0 4 4 0 4 4 4 0 0 0 0 0 0 4 0 8 4 4 4 0 4 4
split_gain=522802 62655.2 56712.5 25725.2 24313 8361.41 8340.67 8437.99 6105.39 4394.69 4235.3 2682.5 2527.65 2493.4 2357.95 2192.19 1986.34 1804.68 1802.31 1561.48 1398.63 1279.34 1059.96 1018.24 963.52 852.305 806.282 745.651 719.869 710.806
threshold=12.500000000000002 31.500000000000004 4.5000000000000009 41263.500000000007 41263.500000000007 37306.500000000007 46871.500000000007 57.500000000000007 19.500000000000004 24038.000000000004 54968.500000000007 2.5000000000000004 54968.500000000007 55236.500000000007 29157.000000000004 7.5000000000000009 53.500000000000007 8.5000000000000018 2.5000000000000004 8.5000000000000018 19.500000000000004 57338.000000000007 84.500000000000014 36852.500000000007 55463.000000000007 22172.500000000004 72281.500000000015 7.5000000000000009 72281.500000000015 68149.000000000015
decision_type=2 2 2 2 2 2 2 2 2 2 2 2 2 2 2 2 2 2 2 2 2 2 2 2 2 2 2 2 2 2
left_child=2 4 5 9 14 11 16 21 13 27 17 -1 -10 -6 -2 -11 23 -5 -7 28 -16 -8 -9 -3 -20 -13 -15 -4 -12 -14
right_child=1 6 3 10 8 18 7 22 12 15 19 25 29 26 20 -17 -18 -19 24 -21 -22 -23 -24 -25 -26 -27 -28 -29 -30 -31
leaf_value=0.8001420646688826 0.86855094206520611 0.87406783920443276 0.84709164586406493 0.8154772679881519 0.84292352881732246 0.78366227551662304 0.86462372227112871 0.86907605815341427 0.85573049822115244 0.82683786261339531 0.80386564506228142 0.8325104469872604 0.84699411588796913 0.83135229143688294 0.85431659975156127 0.8428723591620173 0.87513637630452856 0.83023964956325091 0.80173049346750458 0.81441300523904803 0.86384002492617051 0.85806806480760645 0.87283395870412184 0.86929477196962346 0.78846909327208992 0.81471321096679661 0.81482288439878969 0.85895050602846412 0.78876958107033579 0.83636706468168964
leaf_weight=119434 723272 788988 83534 166744 284086 350919 663150 1173114 462722 135221 131774 43979 248929 175656 246220 230791 5988829 164515 111593 141199 412681 540153 2083938 1030976 107629 69325 35469 145155 41548 84239
leaf_count=119434 723272 788988 83534 166744 284086 350919 663150 1173114 462722 135221 131774 43979 248929 175656 246220 230791 5988829 164515 111593 141199 412681 540153 2083938 1030976 107629 69325 35469 145155 41548 84239
internal_value=0.862776 0.869264 0.815334 0.828737 0.855392 0.794626 0.872287 0.868837 0.845524 0.843744 0.814918 0.810599 0.850949 0.836806 0.864609 0.836949 0.874257 0.822809 0.788106 0.806607 0.860281 0.861681 0.87148 0.871364 0.79522 0.821621 0.828575 0.854619 0.800247 0.844307
internal_weight=1.69858e+07 1.49424e+07 2.04336e+06 1.24048e+06 2.67327e+06 802879 1.22691e+07 4.46036e+06 1.2911e+06 594701 645780 232738 795890 495211 1.38217e+06 366012 7.80879e+06 331259 570141 314521 658901 1.2033e+06 3.25705e+06 1.81996e+06 219222 113304 211125 228689 173322 333168
internal_count=16985782 14942422 2043360 1240481 2673274 802879 12269148 4460355 1291101 594701 645780 232738 795890 495211 1382173 366012 7808793 331259 570141 314521 658901 1203303 3257052 1819964 219222 113304 211125 228689 173322 333168
is_linear=0
shrinkage=1


Tree=1
num_leaves=31
num_cat=0
split_feature=0 0 0 4 4 4 8 0 0 4 0 4 4 0 0 4 0 0 0 4 4 4 4 4 0 8 0 4 7 0
split_gain=423959 52662.6 44689 19992.7 19340.1 10010.1 5852.25 4995.8 3980.35 3715 3556.63 3111.59 3014.6 2597.9 1820.02 1714.85 1634.73 1515.5 1467.52 1421.86 1379.78 1298 1153.81 910.7 776.433 702.424 548.001 538.594 528.348 527.093
threshold=13.500000000000002 5.5000000000000009 35.500000000000007 40305.500000000007 45080.500000000007 37306.500000000007 58332.000000000007 22.500000000000004 64.500000000000014 59408.500000000007 2.5000000000000004 34102.500000000007 19568.500000000004 2.5000000000000004 61.500000000000007 59408.500000000007 9.5000000000000018 22.500000000000004 9.5000000000000018 39598.500000000007 59408.500000000007 57338.000000000007 19568.500000000004 72281.500000000015 20.500000000000004 78720.500000000015 1.5000000000000002 70553.500000000015 18293565.000000004 45.500000000000007
decision_type=2 2 2 2 2 2 2 2 2 2 2 2 2 2 2 2 2 2 2 2 2 2 2 2 2 2 2 2 2 2
left_child=1 5 4 12 11 10 14 15 25 16 26 24 -3 -7 19 -6 28 -13 -14 -4 -9 -15 -12 -11 -2 29 -1 -17 -5 -8
right_child=2 3 6 9 7 13 8 20 -10 23 22 17 18 21 -16 27 -18 -19 -20 -21 -22 -23 -24 -25 -26 -27 -28 -29 -30 -31
leaf_value=-0.062244985482868012 0.0013606135820861316 -0.0021130211405180183 0.0097595129369068487 -0.043883785457566084 -0.017595220505560873 -0.071202665022230979 -0.0030277822219306719 -0.0057766210073412691 0.0074793911351161459 -0.045902084608706734 -0.021997700971599796 -0.0088610651762217087 -0.024251905266028394 -0.053249207622808652 0.011069955906718183 -0.02612787298639482 -0.027806689667256079 0.0005640151648907617 -0.012280721858153329 0.0048405144538573586 -0.015185240642899986 -0.066096914468544141 -0.039518774521539998 -0.060305262662245243 0.0069655832450157317 -0.009124510381108163 -0.04855980195682804 -0.038156944012474207 -0.03397255178269043 0.0022745672307738283
leaf_weight=68169 367882 162333 1536051 136383 346064 350919 290411 475451 2013102 150883 55145 292547 203088 183488 6331458 128785 216587 409278 206551 951714 231890 137611 118028 61913 753074 85607 51265 52353 88809 528943
leaf_count=68169 367882 162333 1536051 136383 346064 350919 290411 475451 2013102 150883 55145 292547 203088 183488 6331458 128785 216587 409278 206551 951714 231890 137611 118028 61913 753074 85607 51265 52353 88809 528943
internal_value=6.22654e-11 -0.0410518 0.00608003 -0.0273035 -0.00468864 -0.0585332 0.00888505 -0.014353 0.00500314 -0.0392379 -0.0430953 0.00185689 -0.0136456 -0.0652551 0.0101695 -0.0217214 -0.0340094 -0.00336471 -0.0182157 0.00787771 -0.00886108 -0.0587553 -0.0339394 -0.0500927 0.00512611 -0.000505333 -0.0563709 -0.0296045 -0.0399751 0.000395208
internal_weight=1.69858e+07 2.19117e+06 1.47946e+07 1.22655e+06 3.05732e+06 964625 1.17373e+07 1.23454e+06 2.91806e+06 654575 292607 1.82278e+06 571972 672018 8.81922e+06 527202 441779 701825 409639 2.48776e+06 707341 321099 173173 212796 1.12096e+06 904961 119434 181138 225192 819354
internal_count=16985782 2191172 14794610 1226547 3057324 964625 11737286 1234543 2918063 654575 292607 1822781 571972 672018 8819223 527202 441779 701825 409639 2487765 707341 321099 173173 212796 1120956 904961 119434 181138 225192 819354
is_linear=0
shrinkage=0.1


Tree=2
num_leaves=31
num_cat=0
split_feature=0 0 0 4 4 0 4 4 4 0 4 0 4 4 4 4 0 4 4 0 4 4 8 0 8 0 0 0 0 4
split_gain=343591 47329.7 31957.8 16742.4 15341.1 7141.34 5685.74 5516.7 4153.53 3894.56 2846.84 2001.52 1814.38 1772.38 1574.08 1418.08 1397.69 1114.01 1028.46 980.485 944.909 932.087 930.932 921.123 881.257 818.311 797.008 703.343 635.681 568.077
threshold=11.500000000000002 28.500000000000004 4.5000000000000009 41263.500000000007 34102.500000000007 49.500000000000007 46871.500000000007 41263.500000000007 54968.500000000007 17.500000000000004 57338.000000000007 1.5000000000000002 29157.000000000004 54968.500000000007 55236.500000000007 18291.000000000004 7.5000000000000009 24852.000000000004 66757.000000000015 17.500000000000004 72281.500000000015 59408.500000000007 43780.500000000007 79.500000000000014 35524.500000000007 7.5000000000000009 1.5000000000000002 78.500000000000014 7.5000000000000009 72281.500000000015
decision_type=2 2 2 2 2 2 2 2 2 2 2 2 2 2 2 2 2 2 2 2 2 2 2 2 2 2 2 2 2 2
left_child=2 3 7 12 15 6 24 11 16 14 22 -1 -2 -11 -5 -4 -6 -13 26 -14 28 -8 -7 -12 -3 -17 -9 -24 -10 -15
right_child=1 5 4 9 8 10 21 18 20 13 23 17 19 29 -16 25 -18 -19 -20 -21 -22 -23 27 -25 -26 -27 -28 -29 -30 -31
leaf_value=-0.056937523846206074 0.0039138803394708479 0.0091446263382089985 -0.0037857429292109061 -0.018637470594405302 -0.037948244554926333 0.010535976396772923 -0.0008112055627671976 -0.064583992508019647 -0.049734010565658321 -0.0077942751085071406 0.0017209409052098001 -0.029194202358120605 -0.0091845452081537899 -0.015936911986042534 -0.030826692930047413 -0.023656310290163834 -0.026545800773297268 -0.044544689780530937 -0.067823004296382314 -0.00069468375348828693 -0.057844868915840744 -0.0072218397518814832 0.0066646671801806508 0.0066957355220574532 0.0045673397109136137 -0.011973107171378771 -0.054656189754883101 0.0093799150991505445 -0.038912473636886845 -0.028010446612030879
leaf_weight=85675 653997 697048 124575 244499 188346 4148646 636093 128441 100820 428636 587351 76568 211555 265568 186952 103359 250449 123581 170308 381049 62582 352490 1474850 1016028 1060624 142748 218306 2701365 117600 45673
leaf_count=85675 653997 697048 124575 244499 188346 4148646 636093 128441 100820 428636 587351 76568 211555 265568 186952 103359 250449 123581 170308 381049 62582 352490 1474850 1016028 1060624 142748 218306 2701365 117600 45673
internal_value=1.16207e-10 0.0050375 -0.0401552 -0.00778377 -0.0290074 0.00748343 0.00297017 -0.0552962 -0.0375191 -0.0163682 0.00873184 -0.0441472 0.000282304 -0.0119649 -0.0239192 -0.0124793 -0.0314401 -0.0386723 -0.0614592 -0.0037255 -0.0470115 -0.00309699 0.00947499 0.00487337 0.00638258 -0.0168798 -0.0583336 0.00842101 -0.0439076 -0.0177086
internal_weight=1.69858e+07 1.50924e+07 1.89336e+06 2.41793e+06 1.09048e+06 1.26745e+07 2.74626e+06 802879 719797 1.17133e+06 9.92824e+06 285824 1.2466e+06 739877 431451 370682 438795 200149 517055 592604 281002 988583 8.32486e+06 1.60338e+06 1.75767e+06 246107 346747 4.17622e+06 218420 311241
internal_count=16985782 15092424 1893358 2417929 1090479 12674495 2746255 802879 719797 1171328 9928240 285824 1246601 739877 431451 370682 438795 200149 517055 592604 281002 988583 8324861 1603379 1757672 246107 346747 4176215 218420 311241
is_linear=0
shrinkage=0.1


Tree=3
num_leaves=31
num_cat=0
split_feature=0 0 0 4 4 4 0 4 4 0 0 0 4 4 8 4 4 0 0 0 0 8 4 8 8 4 4 4 7 4
split_gain=278961 34663.8 29610.5 13469.1 13206.6 6649.52 3968.97 3879.67 3003.37 2641.76 2255.05 1955.85 1743.8 1481.37 1438.76 1430.45 1207.53 1000.22 990.244 975.045 912.725 760.562 675.133 535.775 512.926 510.216 495.435 492.45 467.827 454.347
threshold=13.500000000000002 5.5000000000000009 36.500000000000007 44499.500000000007 41263.500000000007 32235.000000000004 21.500000000000004 51423.500000000007 29157.000000000004 67.500000000000014 2.5000000000000004 2.5000000000000004 61999.000000000007 54968.500000000007 33598.500000000007 59408.500000000007 55463.000000000007 22.500000000000004 66.500000000000014 8.5000000000000018 8.5000000000000018 41149.000000000007 16979.000000000004 77911.500000000015 70707.500000000015 13684.500000000002 72281.500000000015 57093.000000000007 11290091.500000002 72281.500000000015
decision_type=2 2 2 2 2 2 2 2 2 2 2 2 2 2 2 2 2 2 2 2 2 2 2 2 2 2 2 2 2 2
left_child=1 5 4 8 14 11 15 18 22 23 27 -1 20 -8 -2 -6 28 -16 21 -10 -5 -4 -3 -9 -11 -13 -15 -7 -12 -14
right_child=2 3 7 12 6 10 13 9 19 24 16 25 29 26 17 -17 -18 -19 -20 -21 -22 -23 -24 -25 -26 -27 -28 -29 -30 -31
leaf_value=-0.04371899471271469 0.0060489421790399494 0.00016858950888082685 0.0085090350889613 -0.036183172847870954 -0.013761214540694561 -0.05374988630429265 -0.0031558390562273588 0.00080829427594954803 -0.02571979234526214 0.0072328434903909701 -0.048293290433956512 -0.013324029245673878 -0.038272243883172956 -0.0096402654136471654 -0.0039152470936115683 -0.02490627866651603 -0.053074266362046943 0.0027016650958300212 0.0091185997916043461 -0.014942723834618095 -0.026115689207906252 0.0052098475179068833 -0.0092901450631311337 -0.0068941506938997865 0.0036066665681350864 -0.027993870985412478 -0.019681170594109745 -0.060939736610219002 -0.038131374177964868 -0.049014570796665942
leaf_weight=89254 698950 123491 1368907 146627 397099 188394 572377 914911 133896 1507129 66708 30944 108145 347658 378568 162201 154034 576078 5759697 225058 233397 1427304 194020 100198 526303 101393 57230 192705 141193 61913
leaf_count=89254 698950 123491 1368907 146627 397099 188394 572377 914911 133896 1507129 66708 30944 108145 347658 378568 162201 154034 576078 5759697 225058 233397 1427304 194020 100198 526303 101393 57230 192705 141193 61913
internal_value=5.54564e-11 -0.0332999 0.00493191 -0.0221457 -0.0036006 -0.0474827 -0.0102752 0.00727758 -0.012696 0.0042144 -0.0520168 -0.0322792 -0.0337665 -0.00643039 0.00260166 -0.0169934 -0.0463638 7.77069e-05 0.00836901 -0.0189628 -0.0300001 0.00682499 -0.00561132 4.80118e-05 0.0062943 -0.0245637 -0.0110595 -0.0573855 -0.041392 -0.0421832
internal_weight=1.69858e+07 2.19117e+06 1.47946e+07 1.22655e+06 3.19016e+06 964625 1.53656e+06 1.16044e+07 676465 3.04854e+06 743034 221591 550082 977265 1.6536e+06 559300 361935 954646 8.55591e+06 358954 380024 2.79621e+06 317511 1.01511e+06 2.03343e+06 132337 404888 381099 207901 170058
internal_count=16985782 2191172 14794610 1226547 3190161 964625 1536565 11604449 676465 3048541 743034 221591 550082 977265 1653596 559300 361935 954646 8555908 358954 380024 2796211 317511 1015109 2033432 132337 404888 381099 207901 170058
is_linear=0
shrinkage=0.1


Tree=4
num_leaves=31
num_cat=0
split_feature=0 0 0 4 4 4 8 4 4 0 0 0 0 0 0 0 4 0 4 4 4 4 0 4 4 7 2 4 8 8
split_gain=226324 31465.7 21132.6 12024 10317.8 5537.87 2906.29 2886.24 2565.15 2470.32 2377.09 1896.6 1518.51 1186.05 1082.37 922.932 845.445 800.229 761.342 671.435 670.728 613.647 626.595 606.76 551.459 549.808 545.442 513.471 498.4 494.545
threshold=14.500000000000002 5.5000000000000009 38.500000000000007 45993.500000000007 49335.000000000007 45261.500000000007 55877.500000000007 29157.000000000004 33817.000000000007 3.5000000000000004 24.500000000000004 72.500000000000014 9.5000000000000018 24.500000000000004 9.5000000000000018 3.5000000000000004 27879.000000000004 1.5000000000000002 68149.000000000015 69355.500000000015 62440.000000000007 34491.500000000007 72.500000000000014 16979.000000000004 26420.000000000004 13780031.000000002 45.500000000000007 68791.000000000015 69572.500000000015 20503.500000000004
decision_type=2 2 2 2 2 2 2 2 2 2 2 2 2 2 2 2 2 2 2 2 2 2 2 2 2 2 2 2 2 2
left_child=1 5 4 7 8 9 21 23 29 17 18 26 20 -10 -9 -7 -11 -1 -6 -14 -5 -4 -23 -3 -19 -20 -8 -28 -12 -2
right_child=2 3 6 12 10 15 11 14 13 16 28 -13 19 -15 -16 -17 -18 24 25 -21 -22 22 -24 -25 -26 -27 27 -29 -30 -31
leaf_value=-0.047065398424303378 0.0090694787300086063 0.00057215004312525099 0.0085819531129472122 -0.032137643105536996 -0.014368503123989152 -0.052157329381951861 0.0047884787141025459 -0.022170968149829464 -0.0060534718284808893 -0.016253938255228414 -0.0047423786188368587 0.006027806328726841 -0.023424360330675482 0.000633918387339483 -0.012253371103593813 -0.043095323190237476 -0.030705744754516873 -0.027773399288981506 -0.03369017285578859 -0.036858907239008573 -0.042654972674900704 0.0051855161035101148 0.0077931939228028284 -0.0078791858505163001 -0.040231286614212866 -0.016789602741358569 0.00096061733974853809 -0.0053905728838333066 -0.011376046066623523 0.003597109545559737
leaf_weight=104838 197731 139043 3999682 178588 369179 379038 308431 197798 461561 69079 420412 2136601 256327 623432 248037 159758 97777 55559 38774 43517 91809 1466228 2480124 218363 98576 38226 798902 151420 155021 1001951
leaf_count=104838 197731 139043 3999682 178588 369179 379038 308431 197798 461561 69079 420412 2136601 256327 623432 248037 159758 97777 55559 38774 43517 91809 1466228 2480124 218363 98576 38226 798902 151420 155021 1001951
internal_value=3.35531e-11 -0.0288918 0.0046118 -0.0191698 -0.00242306 -0.0427344 0.00666263 -0.0112863 0.00131249 -0.0342115 -0.010777 0.00421374 -0.0302746 -0.00221093 -0.0166534 -0.0494704 -0.0247226 -0.0403252 -0.016255 -0.0253741 -0.0357086 0.00770904 0.00682434 -0.00459133 -0.0357408 -0.0253 0.00113455 -5.13525e-05 -0.00652948 0.00449906
internal_weight=1.69858e+07 2.33811e+06 1.46477e+07 1.37348e+06 3.30629e+06 964625 1.13414e+07 803241 2.28468e+06 425829 1.02161e+06 3.39535e+06 570241 1.08499e+06 445835 538796 166856 258973 446179 299844 270397 7.94603e+06 3.94635e+06 357406 154135 77000 1.25875e+06 950322 575433 1.19968e+06
internal_count=16985782 2338107 14647675 1373482 3306287 964625 11341388 803241 2284675 425829 1021612 3395354 570241 1084993 445835 538796 166856 258973 446179 299844 270397 7946034 3946352 357406 154135 77000 1258753 950322 575433 1199682
is_linear=0
shrinkage=0.1


Tree=5
num_leaves=31
num_cat=0
split_feature=0 0 0 4 4 0 4 4 4 4 0 4 4 0 4 0 0 1 8 4 7 0 8 4 8 0 7 0 7 3
split_gain=183940 25557.9 16962.1 9485.07 8392.46 3595.53 3201.23 3032.21 2402.91 2141.26 1834.15 1453.49 1182.22 985.238 883.979 801.981 701.62 640.447 639.663 577.732 565.511 561.631 558.993 512.333 483.324 451.096 449.569 448.121 429.102 423.345
threshold=11.500000000000002 29.500000000000004 4.5000000000000009 48977.500000000007 35672.000000000007 52.500000000000007 45261.500000000007 27879.000000000004 34102.500000000007 54968.500000000007 18.500000000000004 57338.000000000007 57093.000000000007 17.500000000000004 18291.000000000004 1.5000000000000002 7.5000000000000009 35.500000000000007 70707.500000000015 69355.500000000015 15924157.500000002 8.5000000000000018 20503.500000000004 68149.000000000015 44615.000000000007 18.500000000000004 16141307.000000002 89.500000000000014 14087840.000000002 91691.500000000015
decision_type=2 2 2 2 2 2 2 2 2 2 2 2 2 2 2 2 2 2 2 2 2 2 2 2 2 2 2 2 2 2
left_child=2 3 7 8 14 6 -3 17 22 16 19 24 15 -10 -4 -9 26 -1 29 -5 -11 -16 -2 -12 -7 -24 -6 -13 -17 -8
right_child=1 5 4 10 9 11 18 12 13 20 23 27 -14 -15 21 28 -18 -19 -20 -21 -22 -23 25 -25 -26 -27 -28 -29 -30 -31
leaf_value=-0.039491742246705784 0.0076835063683186409 0.0051603924181233109 -0.0027738043177628433 -0.018148357446759078 -0.032793863456406974 0.0077803929415102436 -0.001284856096435436 -0.045893019407810071 -0.010180640028869896 -0.039248489597154046 -0.0089078298764096106 0.0018414818284496746 -0.047947011734338907 -0.0027544060879015368 -0.016856438248949304 -0.041626240017886021 -0.019738326610356655 -0.022872166227252699 -0.0065019516080975269 -0.029482128849400182 -0.03027466610801452 -0.0077719108440351212 -0.001859778186765345 -0.017730457936362971 0.0062256814408673585 0.0030626944220220388 -0.022615682857917679 0.0052599691835050833 -0.033037121271873159 0.0047649270032633579
leaf_weight=29924 155420 1806837 124575 283757 94504 4150749 832909 128553 269783 137778 405705 713309 290676 528864 156892 91707 233077 102989 212676 53447 143224 120183 308067 78566 3858255 470483 80246 829275 159030 134322
leaf_count=29924 155420 1806837 124575 283757 94504 4150749 832909 128553 269783 137778 405705 713309 290676 528864 156892 91707 233077 102989 212676 53447 143224 120183 308067 78566 3858255 470483 80246 829275 159030 134322
internal_value=9.33186e-12 0.00368581 -0.0293805 -0.00543187 -0.0212589 0.0055431 0.00251479 -0.0404113 -0.00123575 -0.0279578 -0.0142821 0.00649004 -0.0431485 -0.00526299 -0.00977029 -0.0394711 -0.0233298 -0.0266139 -0.00153651 -0.0199448 -0.0346746 -0.012916 0.00220797 -0.0103392 0.00703143 0.00111491 -0.02812 0.00367922 -0.0361786 -0.000444706
internal_weight=1.69858e+07 1.50924e+07 1.89336e+06 2.55409e+06 1.09048e+06 1.25383e+07 2.98674e+06 802879 1.73262e+06 688829 821475 9.55159e+06 669966 798647 401650 379290 407827 132913 1.17991e+06 337204 281002 277075 933970 484271 8.009e+06 778550 174750 1.54258e+06 250737 967231
internal_count=16985782 15092424 1893358 2554092 1090479 12538332 2986744 802879 1732617 688829 821475 9551588 669966 798647 401650 379290 407827 132913 1179907 337204 281002 277075 933970 484271 8009004 778550 174750 1542584 250737 967231
is_linear=0
shrinkage=0.1


Tree=6
num_leaves=31
num_cat=0
split_feature=0 0 0 4 4 0 8 4 0 4 4 8 4 4 0 4 8 0 7 7 4 7 0 0 4 0 4 9 1 7
split_gain=149062 23710.1 11705.5 7908.31 7049.62 3879.71 3044.42 1992.32 1704.86 1455.81 1441.67 1204.1 915.761 789.634 729.219 726.326 680.512 672.367 596.672 575.676 572.312 529.428 514.556 500.943 499.18 411.89 399.687 395.547 379 345.778
threshold=10.500000000000002 26.500000000000004 3.5000000000000004 43067.000000000007 47558.500000000007 46.500000000000007 54950.500000000007 27329.000000000004 16.500000000000004 27879.000000000004 57338.000000000007 29146.500000000004 70553.500000000015 34491.500000000007 6.5000000000000009 61999.000000000007 73120.500000000015 16.500000000000004 7398107.5000000009 13607087.500000002 63033.000000000007 15924157.500000002 6.5000000000000009 82.500000000000014 40101.500000000007 87.500000000000014 11040.000000000002 73128.000000000015 35.500000000000007 11290091.500000002
decision_type=2 2 2 2 2 2 2 2 2 2 2 2 2 2 2 2 2 2 2 2 2 2 2 2 2 2 2 2 2 2
left_child=2 3 9 11 7 6 13 26 16 -1 24 -2 18 -3 -9 -10 19 -13 -6 -5 28 27 -20 -12 -7 -26 -4 -8 -11 -18
right_child=1 5 4 8 12 10 21 14 15 20 23 17 -14 -15 -16 -17 29 -19 22 -21 -22 -23 -24 -25 25 -27 -28 -29 -30 -31
leaf_value=-0.027340290711039286 0.0040603241832582694 0.0057215385967765856 -4.5485561011995339e-05 -0.019713163621292717 -0.037807110354587288 0.0068691359084216688 -0.0043781146554740698 -0.024042527244664894 -0.0075316127609496939 -0.043067722283224419 0.00098639615915408515 -0.0063000094037401538 -0.040608157113032332 0.001524820733941697 -0.015450512538474806 -0.015524001215436515 -0.039886166235892202 -0.00068445475247982436 -0.031461519829477952 -0.011451336835379147 -0.045133420864846917 -0.00079788470250482255 -0.023298132525713756 0.0044968963179790869 0.0042182369777007843 0.0063507938536749983 -0.0098243060631318692 -0.011719332960033389 -0.036044847135163594 -0.022950259687981509
leaf_weight=98951 354447 944879 53364 184785 62883 5015070 369161 172354 480662 111479 705578 343548 81811 853156 231400 148937 15956 562029 145318 155152 180245 380634 164753 958953 1738228 1890959 192833 91607 247336 49314
leaf_count=98951 354447 944879 53364 184785 62883 5015070 369161 172354 480662 111479 705578 343548 81811 853156 231400 148937 15956 562029 145318 155152 180245 380634 164753 958953 1738228 1890959 192833 91607 247336 49314
internal_value=-2.79742e-11 0.00316752 -0.0277053 -0.00620077 -0.021477 0.00482787 0.00140695 -0.0147949 -0.0126786 -0.0384896 0.00570376 -0.000880832 -0.031027 0.00373022 -0.0191183 -0.00942228 -0.0177381 -0.00281482 -0.0289252 -0.0159424 -0.0405361 -0.00355776 -0.027124 0.00300883 0.00622269 0.00532939 -0.00770471 -0.00583765 -0.0382268 -0.0270904
internal_weight=1.69858e+07 1.52431e+07 1.74273e+06 2.29483e+06 1.10472e+06 1.29482e+07 2.63944e+06 649951 1.03481e+06 638011 1.03088e+07 1.26002e+06 454765 1.79804e+06 403754 629599 405207 905577 372954 339937 539060 841402 310071 1.66453e+06 8.64426e+06 3.62919e+06 246197 460768 358815 65270
internal_count=16985782 15243055 1742727 2294830 1104716 12948225 2639437 649951 1034806 638011 10308788 1260024 454765 1798035 403754 629599 405207 905577 372954 339937 539060 841402 310071 1664531 8644257 3629187 246197 460768 358815 65270
is_linear=0
shrinkage=0.1


Tree=7
num_leaves=31
num_cat=0
split_feature=0 0 0 4 8 4 4 0 4 4 0 0 0 0 7 0 4 2 7 8 7 7 0 6 3 4 4 2 3 8
split_gain=120934 14864.4 13152.7 6462.77 6276.67 2123.62 2110.58 1919.3 1831.93 1802.58 1191.7 911.756 756.746 755.317 682.781 682.611 611.714 516.788 500.87 478.295 468.395 452.256 445.346 399.776 520.764 379.101 372.53 367.262 365.63 347.028
threshold=12.500000000000002 32.500000000000007 4.5000000000000009 34102.500000000007 55523.000000000007 46585.000000000007 45793.500000000007 60.500000000000007 48796.500000000007 33817.000000000007 20.500000000000004 1.5000000000000002 18.500000000000004 7.5000000000000009 16141307.000000002 7.5000000000000009 16102.000000000002 45.500000000000007 9107516.0000000019 70707.500000000015 16141307.000000002 7645326.2500000009 58.500000000000007 72400.597656250015 91691.500000000015 16102.000000000002 68149.000000000015 40.500000000000007 73658.500000000015 74099.500000000015
decision_type=2 2 2 2 2 2 2 2 2 2 2 2 2 2 2 2 2 2 2 2 2 2 2 2 2 2 2 2 2 2
left_child=2 4 6 15 9 22 11 17 18 25 14 -1 -11 -10 29 -4 -13 -7 -5 -9 -12 -15 -3 24 -19 -2 -8 -14 -29 -6
right_child=1 5 3 8 10 7 26 19 13 12 20 16 27 21 -16 -17 -18 23 -20 -21 -22 -23 -24 -25 -26 -27 -28 28 -30 -31
leaf_value=-0.034610885358630009 0.0060589007476237562 0.0044171439085297793 -0.011620980112846676 -0.021181919261469902 -0.017024967120847445 0.0030914961166673741 -0.035210361764472106 0.0048252342058456143 -0.030574459204747224 -0.0076332720583857892 -0.010059903846913579 -0.011656175770052322 0.0033277856058284978 -0.030143034375382762 -0.010421724753841781 -0.0033013764715412496 -0.025674391279671357 -0.0016351232340397336 -0.013365915833514775 0.0016754337838607196 -0.0039849383201381611 -0.020200398030984956 0.0061263992447450413 -0.005246285148203216 0.0050521898720107122 0.0015981158696039101 -0.041239067855865147 -0.0040283170863270427 0.0023306791278894646 -0.028527931204352243
leaf_weight=107670 259243 2105819 155820 128128 155541 335426 296410 2601051 189630 286606 275865 36688 128137 58320 187142 268658 205436 620545 227684 591774 235066 212241 5520472 216735 143350 718647 156675 413751 115706 31546
leaf_count=107670 259243 2105819 155820 128128 155541 335426 296410 2601051 189630 286606 275865 36688 128137 58320 187142 268658 205436 620545 227684 591774 235066 212241 5520472 216735 143350 718647 156675 413751 115706 31546
internal_value=-4.98173e-11 0.00312028 -0.0228176 -0.0163631 -0.00343733 0.00463726 -0.0327901 0.00291683 -0.021569 -0.000228484 -0.0104052 -0.0269548 -0.00334503 -0.0257352 -0.0146925 -0.00635539 -0.0235503 -0.000296736 -0.0161805 0.00424143 -0.00726497 -0.0223436 0.00565443 -0.00145569 -0.000380204 0.00278069 -0.0372951 -0.00147604 -0.00263864 -0.0189646
internal_weight=1.69858e+07 1.49424e+07 2.04336e+06 1.24048e+06 2.80725e+06 1.21352e+07 802879 4.50888e+06 816003 1.92209e+06 885160 349794 944200 460191 374229 424478 242124 1.31606e+06 355812 3.19282e+06 510931 270561 7.62629e+06 980630 763895 977890 453085 657594 529457 187087
internal_count=16985782 14942422 2043360 1240481 2807250 12135172 802879 4508881 816003 1922090 885160 349794 944200 460191 374229 424478 242124 1316056 355812 3192825 510931 270561 7626291 980630 763895 977890 453085 657594 529457 187087
is_linear=0
shrinkage=0.1


Tree=8
num_leaves=31
num_cat=0
split_feature=0 0 0 4 4 4 4 0 8 8 0 0 7 0 8 2 0 4 8 4 4 2 7 1 8 0 7 7 8 1
split_gain=98397.4 15686.3 8273.46 5177.3 4639.63 3353.81 1513.45 1381.53 1265.7 1143.38 807.187 679.108 654.115 591.477 570.302 515.568 513.633 499.888 489.047 458.131 435.713 424.37 418.18 389.073 385.963 381.372 374.366 347.647 346.209 309.54
threshold=15.500000000000002 6.5000000000000009 40.500000000000007 48796.500000000007 41263.500000000007 40305.500000000007 32235.000000000004 2.5000000000000004 59791.500000000007 60387.500000000007 3.5000000000000004 76.500000000000014 16141307.000000002 25.500000000000004 33598.500000000007 38.500000000000007 24.500000000000004 16553.500000000004 73120.500000000015 68149.000000000015 13684.500000000002 49.500000000000007 20715115.000000004 558.50000000000011 68116.500000000015 85.500000000000014 14243364.000000002 13947563.000000002 72104.000000000015 826.50000000000011
decision_type=2 2 2 2 2 2 2 2 2 2 2 2 2 2 2 2 2 2 2 2 2 2 2 2 2 2 2 2 2 2
left_child=1 5 4 6 14 7 20 -1 21 15 -7 29 18 27 -2 -6 -17 -9 -5 22 -3 -4 -12 -15 -14 -23 -8 28 -11 -10
right_child=2 3 8 12 9 10 26 17 11 13 19 -13 24 23 -16 16 -18 -19 -20 -21 -22 25 -24 -25 -26 -27 -28 -29 -30 -31
leaf_value=-0.027957541049410579 0.0044962037467117305 0.0032733839337397465 0.0056829065583553998 -0.020929747645330038 0.0038581693343091557 -0.033970293480282791 -0.013169701284727177 -0.0072825072413486352 0.0070302405818888193 -0.012037375468588712 -0.028725359552460663 0.0038274586513413165 -0.011368372952015189 0.0024255780224158841 0.00086768909723641428 -0.0068415498120781449 -0.0017100700485352333 -0.017924293117490286 -0.032374989811653647 -0.035351152774689823 -0.0041850369563430695 0.0032602912688878753 -0.02000201550371343 -0.0067821502227703766 -0.019855771966421965 0.0052370264279694321 -0.0072881608473565731 -0.0083277837444337595 -0.023319452887147901 -5.6413853762500506e-05
leaf_weight=140542 746996 102306 4729959 218105 105536 433721 260095 55622 66115 96428 132660 1467629 111408 52991 1031007 304444 542901 213853 45044 54142 334164 1902173 93817 342499 103221 2004525 185338 160832 37886 909823
leaf_count=140542 746996 102306 4729959 218105 105536 433721 260095 55622 66115 96428 132660 1467629 111408 52991 1031007 304444 542901 213853 45044 54142 334164 1902173 93817 342499 103221 2004525 185338 160832 37886 909823
internal_value=-4.56916e-12 -0.0183899 0.00315005 -0.0111636 -0.00114826 -0.0271286 -0.00662176 -0.0199198 0.00447735 -0.00497837 -0.0312664 0.00246802 -0.0195472 -0.00807653 0.00239214 -0.00273286 -0.00355377 -0.0157277 -0.0228889 -0.0270873 -0.00243683 0.00504585 -0.0251118 -0.00554842 -0.0154502 0.00427455 -0.0107225 -0.0114641 -0.0152197 0.000423672
internal_weight=1.69858e+07 2.48404e+06 1.45017e+07 1.35968e+06 3.42152e+06 1.12436e+06 881903 410017 1.10802e+07 1.64352e+06 714340 2.44357e+06 477778 690636 1.778e+06 952881 847345 269475 263149 280619 436470 8.63666e+06 226477 395490 214629 3.9067e+06 445433 295146 134314 975938
internal_count=16985782 2484038 14501744 1359681 3421520 1124357 881903 410017 11080224 1643517 714340 2443567 477778 690636 1778003 952881 847345 269475 263149 280619 436470 8636657 226477 395490 214629 3906698 445433 295146 134314 975938
is_linear=0
shrinkage=0.1


Tree=9
num_leaves=31
num_cat=0
split_feature=0 0 0 4 4 0 4 4 4 4 8 8 0 7 1 4 0 2 0 4 7 8 0 4 7 3 2 8 7 3
split_gain=80396.1 12732.9 6217.27 4552.44 3969 1903.55 1762.31 1256.75 852.874 835.638 825.188 768.361 688.925 578.844 500.819 487.895 458.087 396.259 380.363 377.338 352.004 341.071 340.968 335.86 313.193 304.534 422.731 323.54 298.723 298.395
threshold=10.500000000000002 27.500000000000004 3.5000000000000004 50209.000000000007 40101.500000000007 48.500000000000007 41263.500000000007 34102.500000000007 24852.000000000004 61999.000000000007 69572.500000000015 29441.000000000004 16.500000000000004 7214130.0000000009 594.50000000000011 55463.000000000007 16.500000000000004 49.500000000000007 1.5000000000000002 17996.000000000004 7897553.7500000009 56580.500000000007 95.500000000000014 76738.500000000015 25485002.000000004 103108.50000000001 45.500000000000007 71690.000000000015 6231196.5000000009 84484.000000000015
decision_type=2 2 2 2 2 2 2 2 2 2 2 2 2 2 2 2 2 2 2 2 2 2 2 2 2 2 2 2 2 2
left_child=2 3 8 7 11 6 -3 19 -1 13 17 -4 28 -6 -8 -16 -9 -7 -10 -2 -13 -15 -19 25 -11 26 -14 29 -5 -28
right_child=1 5 4 12 9 10 14 16 18 24 -12 20 23 21 15 -17 -18 22 -20 -21 -22 -23 -24 -25 -26 -27 27 -29 -30 -31
leaf_value=-0.01840261428704313 0.0041237126396057111 0.0036786814368005797 -0.0034970256223271108 -0.021999264345613286 -0.026288759599097673 0.0051278425035242436 0.004522335182289317 -0.0074898970757749025 -0.032271423039225602 -0.029900972671555188 0.0012238504815428092 -0.0173639173063929 -0.0046026085723470962 -0.013802641388737213 -0.00039144528889927742 -0.0045358331975865682 -0.0025520042332785476 0.0030242190060789033 -0.02705617545896187 -0.00029588379223287049 -0.0099005070366068038 -0.019989445556008508 0.0047889626555404985 -0.02003323678336626 -0.020935809717935086 -0.00033882875132015101 -0.013046666862529199 -0.020118379230363779 -0.013364988202523076 -0.0051159517586224709
leaf_weight=77902 284120 1438240 164482 48735 83739 4787297 129533 292049 269965 118323 840362 86236 145324 169678 720443 468958 526689 2442490 290144 603556 236502 187655 1984293 24081 58101 47414 118484 36503 225359 79125
leaf_count=77902 284120 1438240 164482 48735 83739 4787297 129533 292049 269965 118323 840362 86236 145324 169678 720443 468958 526689 2442490 290144 603556 236502 187655 1984293 24081 58101 47414 118484 36503 225359 79125
internal_value=-1.26155e-11 0.00232623 -0.0203468 -0.0043081 -0.0158077 0.00358532 0.00125762 -0.00148761 -0.0282063 -0.0211319 0.00422364 -0.00905973 -0.0109464 -0.0188054 -0.00138243 -0.0020255 -0.00431338 0.00449723 -0.0295699 0.0011187 -0.0118947 -0.0170517 0.00381526 -0.00854312 -0.0269485 -0.0078949 -0.0088391 -0.0114689 -0.0149002 -0.00987111
internal_weight=1.69858e+07 1.52431e+07 1.74273e+06 2.43144e+06 1.10472e+06 1.28116e+07 2.75717e+06 1.70641e+06 638011 617496 1.00544e+07 487220 725025 441072 1.31893e+06 1.1894e+06 818738 9.21408e+06 560109 887676 322738 357333 4.42678e+06 450931 176424 426850 379436 234112 274094 197609
internal_count=16985782 15243055 1742727 2431439 1104716 12811616 2757174 1706414 638011 617496 10054442 487220 725025 441072 1318934 1189401 818738 9214080 560109 887676 322738 357333 4426783 450931 176424 426850 379436 234112 274094 197609
is_linear=0
shrinkage=0.1


Tree=10
num_leaves=31
num_cat=0
split_feature=0 0 8 8 0 0 8 4 0 4 4 7 7 7 0 1 4 1 4 8 3 2 0 8 8 8 7 4 0 3
split_gain=65120.8 10382.1 5048.95 3465.17 2793.22 1870.97 1633.01 1200.59 1092.91 1014.18 777.001 662.675 658.883 518.497 504.634 487.359 417.932 402.418 395.407 384.589 411.538 518.02 376.664 376.399 374.151 346.191 338.039 319.039 304.665 296.589
threshold=10.500000000000002 25.500000000000004 55716.500000000007 55523.000000000007 3.5000000000000004 44.500000000000007 55126.500000000007 29157.000000000004 6.5000000000000009 34102.500000000007 45261.500000000007 16141307.000000002 16141307.000000002 14087840.000000002 92.500000000000014 549.50000000000011 70553.500000000015 929.50000000000011 12395.000000000002 79580.500000000015 102132.50000000001 46.500000000000007 6.5000000000000009 74099.500000000015 78720.500000000015 80672.500000000015 19268936.000000004 34491.500000000007 54.500000000000007 91308.000000000015
decision_type=2 2 2 2 2 2 2 2 2 2 2 2 2 2 2 2 2 2 2 2 2 2 2 2 2 2 2 2 2 2
left_child=2 3 4 9 18 6 15 -6 16 -2 -7 22 23 -11 17 -3 -4 -12 -1 20 21 -8 -9 29 28 -14 -10 -17 -19 -5
right_child=1 5 8 12 7 10 19 11 26 13 14 -13 25 -15 -16 27 -18 24 -20 -21 -22 -23 -24 -25 -26 -27 -28 -29 -30 -31
leaf_value=-0.0091969519202731703 0.00097066156610625242 0.0056157802829733244 -0.024972364211033833 -0.013028503531806252 -0.0047270389694765826 0.0044381690990818448 0.00040599528045529108 -0.0208325483126326 -0.02208958297008938 -0.0061743653072620502 0.0062221857260367497 -0.007987836494110551 -0.0060043603956597162 -0.00038263666367343224 0.0038848005064221446 0.0031987399649459135 -0.031041853294420364 -0.0011414404725344298 -0.022888262688096808 -0.010965534705860012 0.0041826808203677558 -0.0054236179642628201 -0.013240575899553186 -0.020543543683330823 -0.0041508024537636641 -0.016868261698845484 -0.014268249904249436 0.00011671399841578315 0.00217615782316563 -0.0039199770544399246
leaf_weight=22926 756784 376265 390158 251900 262376 6335249 241380 108965 117892 477330 180635 149226 310425 228597 1921396 626420 159963 331558 263942 56894 83410 413634 163266 58128 118648 32393 104013 724127 1676221 41661
leaf_count=22926 756784 376265 390158 251900 262376 6335249 241380 108965 117892 477330 180635 149226 310425 228597 1921396 626420 159963 331558 263942 56894 83410 413634 163266 58128 118648 32393 104013 724127 1676221 41661
internal_value=-6.78272e-12 0.00209361 -0.0183121 -0.00433418 -0.0135119 0.00315324 0.000706111 -0.0100376 -0.0243476 -0.00157249 0.0037375 -0.0133436 -0.0101506 -0.00429886 0.00268773 0.00243298 -0.0267372 0.00169078 -0.0217941 -0.0030433 -0.00243291 -0.00327534 -0.0162794 -0.0131916 0.00130584 -0.00703089 -0.0184235 0.00154624 0.0016283 -0.0117359
internal_weight=1.69858e+07 1.52431e+07 1.74273e+06 2.15722e+06 970701 1.30858e+07 2.52213e+06 683833 772026 1.46271e+06 1.05637e+07 421457 694507 705927 4.22846e+06 1.72681e+06 550121 2.30706e+06 286868 795318 738424 655014 272231 351689 2.12643e+06 342818 221905 1.35055e+06 2.00778e+06 293561
internal_count=16985782 15243055 1742727 2157218 970701 13085837 2522130 683833 772026 1462711 10563707 421457 694507 705927 4228458 1726812 550121 2307062 286868 795318 738424 655014 272231 351689 2126427 342818 221905 1350547 2007779 293561
is_linear=0
shrinkage=0.1


Tree=11
num_leaves=31
num_cat=0
split_feature=0 0 0 8 8 4 8 0 4 4 0 7 8 3 2 2 3 8 1 0 7 1 7 4 2 8 8 0 9 4
split_gain=53099.5 7716.44 4994.38 2703.07 2565.42 1895.72 987.826 829.401 804.076 752.143 734.593 604.398 450.529 597.453 634.572 449.878 458.556 446.235 412.5 422.589 377.888 376.63 359.677 340.377 328.918 325.297 291.421 281.749 261.871 261.003
threshold=14.500000000000002 6.5000000000000009 34.500000000000007 52040.500000000007 57321.000000000007 47558.500000000007 54772.500000000007 2.5000000000000004 32082.500000000004 22172.500000000004 66.500000000000014 19590535.000000004 80672.500000000015 91691.500000000015 46.500000000000007 40.500000000000007 73658.500000000015 36229.000000000007 723.50000000000011 42.500000000000007 15740990.000000002 913.50000000000011 13780031.000000002 68149.000000000015 51.500000000000007 74099.500000000015 35370.000000000007 74.500000000000014 42699.500000000007 61330.000000000007
decision_type=2 2 2 2 2 2 2 2 2 2 2 2 2 2 2 2 2 2 2 2 2 2 2 2 2 2 2 2 2 2
left_child=1 5 4 9 8 7 26 -1 -2 -3 18 25 13 14 -6 -10 24 -9 -8 -20 28 -21 -19 -7 -17 -5 -4 -28 -11 -16
right_child=2 3 6 11 12 23 10 17 15 20 -12 -13 -14 -15 29 16 -18 22 19 21 -22 -23 -24 -25 -26 -27 27 -29 -30 -31
leaf_value=-0.021019370229656317 0.002557658402112954 0.00090947947927655631 0.0045648557692074846 -0.015524988484736775 -0.004060489051985707 -0.022299971564415724 0.0061834489255317574 -0.008748085210808304 0.0025193087300114793 -0.0057785132781564396 0.0027960898839329909 -0.010066340704853261 -0.01478190238369383 -0.0013109109267529758 -0.0092391927041773955 -0.0020571692064149882 0.0015995163215586986 -0.021220616104123693 -0.0042285462561559147 0.0048043919771896936 -0.0022437867877613793 -0.00054843146092393904 -0.012717080733612272 -0.027494442939585109 -0.0065627231134725589 -0.024673119933691666 0.0024392021004263163 0.003937122544765562 -0.011229071478457073 -0.01644948286724552
leaf_weight=198511 877736 192082 2874516 243986 241974 376056 95889 147733 226669 197405 2541957 223797 60911 207243 180631 445913 213502 79582 256866 157814 150983 786728 132652 189823 254507 46236 2164399 2990891 159261 69529
leaf_count=198511 877736 192082 2874516 243986 241974 376056 95889 147733 226669 197405 2541957 223797 60911 207243 180631 445913 213502 79582 256866 157814 150983 786728 132652 189823 254507 46236 2164399 2990891 159261 69529
internal_value=-1.2625e-11 -0.0139944 0.00223383 -0.00846519 -0.00158254 -0.0199632 0.00312726 -0.01583 0.000282373 -0.00442047 0.00180791 -0.0139712 -0.0065333 -0.0058149 -0.00771159 -0.00146856 -0.00245762 -0.0129682 -0.000128352 -0.000632122 -0.00643719 0.000345918 -0.0159057 -0.0240424 -0.00369432 -0.0169824 0.00375808 0.00330824 -0.00821233 -0.0112432
internal_weight=1.69858e+07 2.33811e+06 1.46477e+07 1.21375e+06 2.77862e+06 1.12436e+06 1.18691e+07 558478 2.01833e+06 699731 3.83925e+06 514019 760288 699377 492134 1.14059e+06 913922 359967 1.2973e+06 1.20141e+06 507649 944542 212234 565879 700420 290222 8.02981e+06 5.15529e+06 356666 250160
internal_count=16985782 2338107 14647675 1213750 2778615 1124357 11869060 558478 2018327 699731 3839254 514019 760288 699377 492134 1140591 913922 359967 1297297 1201408 507649 944542 212234 565879 700420 290222 8029806 5155290 356666 250160
is_linear=0
shrinkage=0.1


Tree=12
num_leaves=31
num_cat=0
split_feature=0 0 0 8 8 4 7 8 8 1 4 7 4 4 2 0 7 8 3 2 4 8 0 7 0 7 2 3 2 3
split_gain=43182.6 6872.52 3567.54 2398.11 2226.28 1535.54 741.782 741.677 730.322 717.931 681.345 559.604 510.814 447.422 428.743 354.461 350.953 340.894 342.68 414.978 331.743 313.477 311.367 377.263 309.158 283.241 262.474 370.177 258.868 253.027
threshold=15.500000000000002 6.5000000000000009 41.500000000000007 42953.000000000007 44444.500000000007 47558.500000000007 7121868.2500000009 67101.000000000015 66774.500000000015 44.500000000000007 68791.000000000015 16141307.000000002 13684.500000000002 17996.000000000004 51.500000000000007 23.500000000000004 7897553.7500000009 97187.500000000015 103926.50000000001 39.500000000000007 24273.500000000004 79580.500000000015 2.5000000000000004 21652722.000000004 97.500000000000014 5057094.0000000009 38.500000000000007 82560.500000000015 42.500000000000007 83374.500000000015
decision_type=2 2 2 2 2 2 2 2 2 2 2 2 2 2 2 2 2 2 2 2 2 2 2 2 2 2 2 2 2 2
left_child=1 5 4 13 20 9 -5 26 11 -1 14 15 -11 -3 -4 -6 -14 18 19 -10 -2 -21 -7 -24 -16 -12 -8 -28 -17 -30
right_child=2 3 10 6 8 22 7 -9 17 12 25 -13 16 -15 24 28 -18 -19 -20 21 -22 -23 23 -25 -26 -27 27 -29 29 -31
leaf_value=-0.021171696551184508 0.0039374608844881592 0.0026858912378838681 0.0036767359679888475 -0.017050757589079767 -0.0063273900937188769 -0.024077794482518934 -0.0033624066931298999 -0.014871602878880091 0.00158096633276733 -0.0026154192936800346 -0.0071561058553623802 0.000462092747240746 -0.018593188219425887 -0.0038987449162657521 0.0016894881879402674 0.0018113857014796127 -0.011795619407419557 -0.031419436667760481 -0.0015161667030716218 -0.0082153406213592017 0.00096299968912657023 -0.019498803977271051 -0.022680055614521508 -0.015491556482856826 0.0034234527837794259 0.00017405419225169011 -0.010505759614561051 -0.0032138283440429996 -0.0041455985929661895 0.0015406958646862355
leaf_weight=118067 630360 139894 6196936 153306 288707 271842 123765 178369 39734 47672 60824 617847 102927 393354 2593691 133210 289812 5441 112940 240657 925450 27428 159165 134872 1703655 395374 278130 92863 434023 95467
leaf_count=118067 630360 139894 6196936 153306 288707 271842 123765 178369 39734 47672 60824 617847 102927 393354 2593691 133210 289812 5441 112940 240657 925450 27428 159165 134872 1703655 395374 278130 92863 434023 95467
internal_value=-1.43054e-13 -0.0121827 0.0020868 -0.00739955 -0.000667425 -0.0179669 -0.010773 -0.00934325 -0.00287826 -0.014247 0.00298 -0.00188125 -0.0123906 -0.00217131 0.00314446 -0.00340303 -0.0135771 -0.00654919 -0.00622758 -0.00795622 0.00216815 -0.00936976 -0.0216382 -0.0193828 0.00237691 -0.000803262 -0.00735018 -0.00868052 -0.00212902 -0.00312036
internal_weight=1.69858e+07 2.48404e+06 1.45017e+07 1.35968e+06 3.55126e+06 1.12436e+06 826433 673127 1.99545e+06 558478 1.09505e+07 1.56925e+06 440411 533248 1.04943e+07 951407 392739 426200 420759 307819 1.55581e+06 268085 565879 294037 4.29735e+06 456198 494758 370993 662700 529490
internal_count=16985782 2484038 14501744 1359681 3551264 1124357 826433 673127 1995454 558478 10950480 1569254 440411 533248 10494282 951407 392739 426200 420759 307819 1555810 268085 565879 294037 4297346 456198 494758 370993 662700 529490
is_linear=0
shrinkage=0.1


Tree=13
num_leaves=31
num_cat=0
split_feature=0 0 8 8 0 4 0 4 4 2 7 4 7 7 8 3 4 0 7 8 3 2 4 4 7 0 1 0 2 3
split_gain=35356 6504.66 2417.44 2057.01 1260.52 1216.69 1425.72 591.774 580.702 508.261 477.729 438.942 437.567 427.148 411.726 467.851 474.021 356.308 341.017 338.034 340.82 367.746 296.18 294.056 260.243 237.425 309.967 231.019 230.099 220.138
threshold=9.5000000000000018 23.500000000000004 55716.500000000007 55523.000000000007 3.5000000000000004 40101.500000000007 51.500000000000007 24566.500000000004 27879.000000000004 41.500000000000007 27799697.000000004 72281.500000000015 13947563.000000002 9107516.0000000019 77911.500000000015 91691.500000000015 59408.500000000007 3.5000000000000004 16319783.000000002 69991.000000000015 84484.000000000015 45.500000000000007 71341.000000000015 16553.500000000004 6596784.7500000009 100.50000000000001 1070.5000000000002 62.500000000000007 58.500000000000007 107802.00000000001
decision_type=2 2 2 2 2 2 2 2 2 2 2 2 2 2 2 2 2 2 2 2 2 2 2 2 2 2 2 2 2 2
left_child=2 3 4 7 23 -3 9 -2 -6 -7 19 17 -9 -10 15 16 28 -4 -19 20 21 -5 25 -1 -24 26 -8 -28 -11 -16
right_child=1 5 11 10 8 6 22 12 13 14 -12 -13 -14 -15 29 -17 -18 18 -20 -21 -22 -23 24 -25 -26 -27 27 -29 -30 -31
leaf_value=-0.0076848030570387006 0.0016614163643097189 0.0032452620534385215 -0.019941247744503135 -0.0069350536047612585 -0.0037728857586249533 0.002832777965347308 0.0048932316339756719 -0.0044320535523188105 -0.014612481699097428 -0.00058051840394806177 -0.0039064428941941133 -0.022932626578393834 5.5824404944196589e-05 -0.0076740581111417591 -0.013342991501355534 0.0024678140823831672 -0.0067802765059377925 -0.018926535388567384 -0.012086063128129768 -0.014217548143677478 -0.0032472855820120262 -0.014600256203983945 -0.0069759836957942441 -0.017301640482964013 0.00061272382091025733 0.0032756707677393535 -0.00065484337848860223 0.0018985925769769395 -0.0043642513270535348 -0.0036082243819387998
leaf_weight=36419 396750 6521353 246028 144394 209680 289751 294912 645258 144253 833236 175256 169559 327526 230509 43693 267560 187150 121435 182266 136455 95274 110477 57346 250449 213188 1884350 426399 2096124 199132 49600
leaf_count=36419 396750 6521353 246028 144394 209680 289751 294912 645258 144253 833236 175256 169559 327526 230509 43693 267560 187150 121435 182266 136455 95274 110477 57346 250449 213188 1884350 426399 2096124 199132 49600
internal_value=1.1041e-11 0.00146648 -0.0141939 -0.00380567 -0.0106518 0.00226789 0.00133637 -0.00159351 -0.00798699 -0.00101735 -0.00838315 -0.0184846 -0.00292103 -0.0103448 -0.00172325 -0.00131897 -0.00214978 -0.0171127 -0.0148212 -0.0099955 -0.00835013 -0.0102576 0.00222162 -0.0160807 -0.00099588 0.00240675 0.00182561 0.00146697 -0.00131036 -0.00816742
internal_weight=1.69858e+07 1.53952e+07 1.5906e+06 2.03139e+06 871310 1.33638e+07 6.84244e+06 1.36953e+06 584442 1.87012e+06 661856 719288 972784 374762 1.58037e+06 1.48708e+06 1.21952e+06 549729 303701 486600 350145 254871 4.97232e+06 286868 270534 4.70178e+06 2.81744e+06 2.52252e+06 1.03237e+06 93293
internal_count=16985782 15395184 1590598 2031390 871310 13363794 6842441 1369534 584442 1870122 661856 719288 972784 374762 1580371 1487078 1219518 549729 303701 486600 350145 254871 4972319 286868 270534 4701785 2817435 2522523 1032368 93293
is_linear=0
shrinkage=0.1


Tree=14
num_leaves=31
num_cat=0
split_feature=0 0 0 8 8 8 2 7 0 7 2 4 4 3 7 8 3 4 8 8 7 1 8 4 7 3 2 8 3 9
split_gain=28667.5 4952.67 2094.36 1855.01 1504.92 1133.33 563.68 533.537 501.846 625.98 478.107 448.832 445.253 439.825 380.136 347.769 345.059 472.926 342.912 327.833 325.083 310.71 258.124 256.346 255.081 251.06 397.779 266.696 374.446 236.24
threshold=16.500000000000004 6.5000000000000009 43.500000000000007 49949.500000000007 58332.000000000007 36229.000000000007 51.500000000000007 13026017.000000002 1.5000000000000002 23210744.000000004 49.500000000000007 17996.000000000004 67247.500000000015 102132.50000000001 4669387.7500000009 69991.000000000015 73361.000000000015 37562.500000000007 80672.500000000015 97187.500000000015 7045601.2500000009 35.500000000000007 72599.000000000015 24273.500000000004 13607087.500000002 105067.00000000001 46.500000000000007 72104.000000000015 82960.000000000015 84078.500000000015
decision_type=2 2 2 2 2 2 2 2 2 2 2 2 2 2 2 2 2 2 2 2 2 2 2 2 2 2 2 2 2 2
left_child=1 5 4 11 6 21 23 22 -7 -10 -4 -3 -12 -14 -6 -11 17 -8 -9 25 -13 -1 -5 -2 -23 26 -16 28 -28 -27
right_child=2 3 10 7 14 8 16 18 9 15 12 20 13 -15 19 -17 -18 -19 -20 -21 -22 24 -24 -25 -26 29 27 -29 -30 -31
leaf_value=-0.017475379054953246 0.0036120163729404468 0.0020964634434302134 0.0031308334636012654 -0.011836464786851381 -0.0097823935325224015 -0.019889105936500617 -8.5818924947103674e-05 -0.0065189495337806382 -0.017551417005131683 -0.0088718152631816899 0.0020602023001432611 -0.0065286905962897174 -0.0050224664408278922 0.0015216527609472664 -0.00073248214343314634 -0.016129828127236383 0.0015874814146109185 -0.0058677079457391881 -0.016381324007580803 -0.02759587566262154 -0.0019385717093087789 -0.0094658923788672397 -0.020686926235919081 0.0010709497222650415 -0.00183732676978094 0.0040355036563015697 -0.0085753819597763296 -0.01057115367658594 -0.0016989261392677084 -0.0053488042095157021
leaf_weight=30721 568560 163476 5369721 233275 95207 260032 316372 387543 349755 196978 4905446 256865 182630 234665 274790 99296 285017 255887 38783 5432 386388 117752 38374 1315720 69823 87443 128673 86553 205908 38697
leaf_count=30721 568560 163476 5369721 233275 95207 260032 316372 387543 349755 196978 4905446 256865 182630 234665 274790 99296 285017 255887 38783 5432 386388 117752 38374 1315720 69823 87443 128673 86553 205908 38697
internal_value=1.22881e-11 -0.00960018 0.00175802 -0.00584832 -0.000305188 -0.0146212 0.000870512 -0.0096231 -0.0161796 -0.0146865 0.00246508 -0.00258242 0.00179344 -0.00134239 -0.00379845 -0.0113043 -0.00125533 -0.0026712 -0.00741613 -0.00310998 -0.00377151 -0.00815304 -0.0130867 0.00183769 -0.00662623 -0.00294818 -0.00369219 -0.00562341 -0.00434347 0.0011566
internal_weight=1.69858e+07 2.62906e+06 1.43567e+07 1.5047e+06 3.66426e+06 1.12436e+06 2.74156e+06 697975 906061 646029 1.06925e+07 806729 5.32274e+06 417295 922703 296274 857276 572259 426326 827496 643253 218296 271649 1.88428e+06 187575 822064 695924 421134 334581 126140
internal_count=16985782 2629061 14356721 1504704 3664259 1124357 2741556 697975 906061 646029 10692462 806729 5322741 417295 922703 296274 857276 572259 426326 827496 643253 218296 271649 1884280 187575 822064 695924 421134 334581 126140
is_linear=0
shrinkage=0.1


Tree=15
num_leaves=31
num_cat=0
split_feature=0 0 8 8 8 0 0 2 7 7 2 4 8 8 8 3 8 3 0 7 4 2 8 3 2 4 8 3 1 7
split_gain=23481.5 4364.82 1686.7 1502.17 859.897 947.358 794.416 586.922 457.038 414.492 412.096 370.059 331.23 324.551 323.398 448.742 392.814 287.92 282.322 290.719 278.266 250.449 250.153 245.287 246.069 234.798 234.704 322.043 217.69 292.752
threshold=9.5000000000000018 24.500000000000004 52209.500000000007 43780.500000000007 44615.000000000007 55.500000000000007 3.5000000000000004 38.500000000000007 13947563.000000002 22481175.000000004 41.500000000000007 70553.500000000015 35765.000000000007 72599.000000000015 78720.500000000015 91691.500000000015 59575.000000000007 90895.000000000015 3.5000000000000004 18293565.000000004 13266.500000000002 44.500000000000007 57710.500000000007 74268.500000000015 59.500000000000007 68791.000000000015 64994.500000000007 91691.500000000015 26.500000000000004 35280990.000000007
decision_type=2 2 2 2 2 2 2 2 2 2 2 2 2 2 2 2 2 2 2 2 2 2 2 2 2 2 2 2 2 2
left_child=2 3 6 20 -3 10 28 -5 13 12 -6 18 -8 17 15 16 23 22 -4 -20 -2 -7 -9 24 -12 -23 27 -10 -1 -30
right_child=1 4 11 7 5 21 9 8 26 -11 14 -13 -14 -15 -16 -17 -18 -19 19 -21 -22 25 -24 -25 -26 -27 -28 -29 29 -31
leaf_value=-0.019212461410816086 0.0042349005510026348 0.002792778450504589 -0.015980692339025916 -0.00013081895313766845 0.0025726374779128603 0.0032527600579086604 -0.004478048226907983 -0.0064902409231769103 -0.0038316514106186863 -0.0012687048836821325 -0.0009896518588641452 -0.018585944540383502 -0.010399505317054289 -0.015831112627172718 -0.006944680306150257 0.0024427637926704529 -0.0041425968486621962 0.00091316014595282143 -0.014754325969223145 -0.0090659584400564191 -0.00061554369609073038 0.0017759402730332563 -0.011690277840162879 0.0016330357941311512 -0.0071810378171645144 -0.0010008246680735771 -0.0070864725526235744 0.0049509694416019897 -0.013495676899862502 -0.0044394189752846201
leaf_weight=44047 139639 5776998 272540 193100 357262 1096770 175407 282038 325780 138005 624371 189685 204714 51296 91043 339065 428238 37827 168269 192778 773118 3762778 137667 345575 71548 331335 181848 47888 159137 46016
leaf_count=44047 139639 5776998 272540 193100 357262 1096770 175407 282038 325780 138005 624371 189685 204714 51296 91043 339065 428238 37827 168269 192778 773118 3762778 137667 345575 71548 331335 181848 47888 159137 46016
internal_value=1.61439e-11 0.00119511 -0.0115673 -0.00296149 0.0018772 0.00116704 -0.00819429 -0.00520301 -0.00612324 -0.00596282 -0.0005433 -0.0147111 -0.00766705 -0.00828844 -0.00112925 -0.000836536 -0.00159307 -0.0074428 -0.0135511 -0.0117171 0.000126506 0.00191073 -0.0081959 -0.000544758 -0.00162619 0.00155122 -0.00414001 -0.0027061 -0.0128339 -0.0114644
internal_weight=1.69858e+07 1.53952e+07 1.5906e+06 2.1702e+06 1.3225e+07 7.44798e+06 767326 1.25744e+06 1.06434e+06 518126 2.2571e+06 823272 380121 508828 1.89984e+06 1.8088e+06 1.46973e+06 457532 633587 361047 912757 5.19088e+06 419705 1.04149e+06 695919 4.09411e+06 555516 373668 249200 205153
internal_count=16985782 15395184 1590598 2170201 13224983 7447985 767326 1257444 1064344 518126 2257102 823272 380121 508828 1899840 1808797 1469732 457532 633587 361047 912757 5190883 419705 1041494 695919 4094113 555516 373668 249200 205153
is_linear=0
shrinkage=0.1


Tree=16
num_leaves=31
num_cat=0
split_feature=0 0 8 8 0 0 8 2 0 7 8 3 7 4 1 8 7 2 3 9 7 0 10 4 8 0 2 3 2 0
split_gain=19120 2803.65 1903.28 1274.61 822.852 621.528 539.641 509.417 423.593 400.594 356.686 569.539 351.939 323.431 297.1 294.611 273.197 256.618 427.123 433.266 252.308 324.733 251.676 231.264 222.721 221.231 218.596 331.264 214.207 242.107
threshold=11.500000000000002 30.500000000000004 42953.000000000007 58332.000000000007 5.5000000000000009 3.5000000000000004 58332.000000000007 40.500000000000007 83.500000000000014 7045601.2500000009 39295.000000000007 73157.000000000015 6409498.2500000009 12904.000000000002 637.50000000000011 67101.000000000015 5819003.0000000009 45.500000000000007 91691.500000000015 81255.500000000015 12281570.500000002 1.5000000000000002 82802.000000000015 88954.500000000015 73120.500000000015 20.500000000000004 42.500000000000007 105067.00000000001 42.500000000000007 71.500000000000014
decision_type=2 2 2 2 2 2 2 2 2 2 2 2 2 2 2 2 2 2 2 2 2 2 2 2 2 2 2 2 2 2
left_child=2 3 5 7 20 -1 28 -2 14 -6 -9 25 -5 -7 -8 -11 -15 -16 24 -20 -4 -22 -21 26 -19 -12 -14 -28 -3 -30
right_child=1 6 4 12 9 13 8 10 -10 15 11 -13 23 16 17 -17 -18 18 19 22 21 -23 -24 -25 -26 -27 27 -29 29 -31
leaf_value=-0.010402510476930176 0.0020729468066634864 0.0029577575689159353 -0.018314334362897294 -0.010706745792819378 -0.01484755197657989 0.003040915262607264 0.0067843562428048084 0.00051888855216066171 0.0019185945856161294 -0.0061623537695248941 -0.0065044589735167198 0.0011550216046711367 -0.0009086188509019506 -0.0079758713693726772 0.0016266013401898599 -0.011670864396358172 -0.0023898402569614919 -0.0025498523994067074 0.0022599834863501855 -0.024220416983726768 -0.016092197726681762 -0.01126086891062748 -0.0033582605818331807 -0.024474489643910469 -0.0092223702503336936 -0.0026594450001245946 -0.0067375913147423271 0.00013126528645557645 0.0011778836417047573 0.002404107571449144
leaf_weight=156421 571384 2676220 113633 106400 94283 72074 55160 553503 1452040 344042 276769 262571 145792 131043 368827 135264 263808 604932 415973 6061 229486 353304 125893 5718 54534 325782 353848 87591 2741360 3902066
leaf_count=156421 571384 2676220 113633 106400 94283 72074 55160 553503 1452040 344042 276769 262571 145792 131043 368827 135264 263808 604932 415973 6061 229486 353304 125893 5718 54534 325782 353848 87591 2741360 3902066
internal_value=2.17923e-12 0.00118833 -0.0094725 -0.00173867 -0.0116937 -0.00494692 0.00182299 -0.000448089 0.000676238 -0.00888899 -0.00146349 -0.00273182 -0.00541103 -0.00311928 -0.000429544 -0.0077169 -0.00424373 -0.000681995 -0.00138721 0.000676204 -0.0140038 -0.0131633 -0.00431652 -0.00446075 -0.00310163 -0.00442557 -0.00426588 -0.00537466 0.0022024 0.00189812
internal_weight=1.69858e+07 1.50924e+07 1.89336e+06 2.68936e+06 1.27001e+06 623346 1.24031e+07 1.99001e+06 3.08342e+06 573589 1.41862e+06 865122 699349 466925 1.63138e+06 479306 394851 1.57622e+06 1.20739e+06 547927 696423 582790 131954 592949 659466 602551 587231 441439 9.31965e+06 6.64343e+06
internal_count=16985782 15092424 1893358 2689358 1270012 623346 12403066 1990009 3083420 573589 1418625 865122 699349 466925 1631380 479306 394851 1576220 1207393 547927 696423 582790 131954 592949 659466 602551 587231 441439 9319646 6643426
is_linear=0
shrinkage=0.1


Tree=17
num_leaves=31
num_cat=0
split_feature=0 0 8 0 8 8 8 7 1 7 7 2 8 2 4 8 4 3 2 3 3 2 3 3 8 2 3 2 8 8
split_gain=15647.6 2945.59 1008.72 993.408 856.951 817.209 349.386 383.784 365.392 345.701 339.92 328.396 312.757 280.697 256.859 250.405 245.113 270.103 226.931 230.01 222.781 217.958 275.733 209.367 297.158 207.865 240.459 224.668 230.393 218.16
threshold=17.500000000000004 7.5000000000000009 52040.500000000007 45.500000000000007 49116.000000000007 36229.000000000007 68116.500000000015 9708277.0000000019 53.500000000000007 20173178.000000004 6075102.7500000009 39.500000000000007 79580.500000000015 54.500000000000007 11040.000000000002 83702.500000000015 67247.500000000015 102132.50000000001 38.500000000000007 106300.50000000001 76332.000000000015 51.500000000000007 70412.500000000015 91691.500000000015 58332.000000000007 37.500000000000007 91691.500000000015 56.500000000000007 54582.500000000007 61592.500000000007
decision_type=2 2 2 2 2 2 2 2 2 2 2 2 2 2 2 2 2 2 2 2 2 2 2 2 2 2 2 2 2 2
left_child=1 5 11 4 21 14 7 -7 -9 12 -4 -3 25 -5 -1 18 23 -18 -12 -20 -13 -2 -23 24 -15 -6 27 29 -29 -27
right_child=3 2 10 13 9 6 -8 8 -10 -11 15 20 -14 16 -16 -17 17 -19 19 -21 -22 22 -24 -25 -26 26 -28 28 -30 -31
leaf_value=0.0017391833790942335 0.0019841654364334362 0.0010219218379820358 -0.013014131873064452 0.0022019610071153627 0.0028030813141432173 -0.015033985031193131 -0.014301874848754012 -0.013339147447439895 -0.0075709450570981569 0.00029994025776321383 -0.0012870418833459941 -0.0036854775305231037 -0.010499325473248999 0.0014737685681475475 -0.0067588155590009268 -0.014687244506639989 -0.0055248991324203019 0.00072180869714878976 -0.00728302405780544 0.0013319663922158611 0.0031577995251913836 -0.0015185914162578599 0.0036535273839914703 0.0029988847350664542 -0.0013307851372557757 -0.0013219209465736746 0.00081899824534494622 -0.0022973337292575033 -0.0093920454746386425 -0.0052078322079131822
leaf_weight=42632 1468252 299071 80254 7065387 73271 140206 335352 151968 395954 581963 102104 523089 49109 1992239 214661 31510 112211 180667 370752 33818 52331 441527 134466 619528 466207 467405 162540 78592 109607 209109
leaf_count=42632 1468252 299071 80254 7065387 73271 140206 335352 151968 395954 581963 102104 523089 49109 1992239 214661 31510 112211 180667 370752 33818 52331 441527 134466 619528 466207 467405 162540 78592 109607 209109
internal_value=-2.24545e-13 -0.00687037 -0.00385199 0.00134086 -4.90976e-05 -0.0103887 -0.0116552 -0.0103654 -0.00917078 -0.00168597 -0.00694297 -0.00166606 -0.00269127 0.00184374 -0.00535075 -0.00603763 0.00109291 -0.00167151 -0.00549972 -0.0065629 -0.00306312 0.00133743 -0.000311156 0.00135595 0.000941927 -0.00234285 -0.00270989 -0.00337322 -0.00642929 -0.00252305
internal_weight=1.69858e+07 2.7737e+06 1.49293e+06 1.42121e+07 3.77584e+06 1.28077e+06 1.02348e+06 688128 547922 1.7316e+06 618438 874491 1.14963e+06 1.04362e+07 257293 538184 3.37085e+06 292878 506674 404570 575420 2.04424e+06 575993 3.07797e+06 2.45845e+06 1.10052e+06 1.02725e+06 864713 188199 676514
internal_count=16985782 2773702 1492929 14212080 3775841 1280773 1023480 688128 547922 1731596 618438 874491 1149633 10436239 257293 538184 3370852 292878 506674 404570 575420 2044245 575993 3077974 2458446 1100524 1027253 864713 188199 676514
is_linear=0
shrinkage=0.1


Tree=18
num_leaves=31
num_cat=0
split_feature=0 0 8 8 8 0 0 1 7 7 0 1 0 1 2 8 0 1 8 3 0 1 1 1 1 0 2 4 7 7
split_gain=12691.1 2433.35 995.103 789.008 605.482 656.987 515.549 430.846 426.369 388.246 365.781 389.568 311.6 310.209 300.373 291.574 254.112 291.345 233.066 321.258 232.885 223.368 221.262 220.145 217.759 326.161 211.25 210.704 194.935 163.677
threshold=9.5000000000000018 21.500000000000004 56946.500000000007 43780.500000000007 44615.000000000007 58.500000000000007 2.5000000000000004 463.50000000000006 22481175.000000004 6075102.7500000009 28.500000000000004 628.50000000000011 33.500000000000007 757.50000000000011 40.500000000000007 30161.000000000004 39.500000000000007 1009.5000000000001 65882.500000000015 82560.500000000015 46.500000000000007 531.50000000000011 871.50000000000011 223.50000000000003 1204.5000000000002 74.500000000000014 49.500000000000007 78072.000000000015 6323095.0000000009 19590535.000000004
decision_type=2 2 2 2 2 2 2 2 2 2 2 2 2 2 2 2 2 2 2 2 2 2 2 2 2 2 2 2 2 2
left_child=2 3 6 23 -3 7 -1 -6 15 -5 21 -12 -13 -14 -11 -8 -15 20 19 26 22 -9 -18 -2 -7 -26 -16 29 -17 -4
right_child=1 4 27 9 5 24 8 10 -10 14 11 12 13 16 18 28 17 -19 -20 -21 -22 -23 -24 -25 25 -27 -28 -29 -30 -31
leaf_value=-0.010724384171096172 0.0039338078045290121 0.0020850945887239121 -0.01292957574266383 -0.0088696721432579388 0.0058407696768348295 0.0036102036447605845 -0.0026458756229103837 -0.00079519694969789093 -0.0011761393082598045 -0.00021958493719923582 0.0039636932889306319 -0.004203179857741204 0.0028246175683969903 -0.0041350253821339231 -0.0030226219211450366 -0.01176315475241062 0.0018951363982364893 -0.0020983880689982187 -0.0076342661524869508 0.00089281152499290925 0.0029850390671348533 -0.0053150087990208542 -0.0027814751206554837 -0.00086940322111001141 -0.00069083251701643677 0.0015961546212087602 -0.0081334955404188686 -0.015473736114223159 -0.006626600552595706 -0.0093976106652260468
leaf_weight=206399 112742 5962773 201596 165240 102611 416971 134935 191810 203046 203338 201239 219913 282432 197168 205870 103356 189976 513984 184212 125446 328547 254305 216417 621104 745233 3820654 133199 106393 259096 375777
leaf_count=206399 112742 5962773 201596 165240 102611 416971 134935 191810 203046 203338 201239 219913 282432 197168 205870 103356 189976 513984 184212 125446 328547 254305 216417 621104 745233 3820654 133199 106393 259096 375777
internal_value=7.56993e-12 0.000878606 -0.00850391 -0.00263068 0.00132901 0.000742077 -0.00633199 -0.000514671 -0.00503767 -0.00443352 -0.0007659 -0.00022513 -0.000657761 -0.000206692 -0.00357322 -0.00661404 -0.000798729 -0.000272026 -0.00462439 -0.00343076 0.00100525 -0.00337169 -0.000595306 -0.000131478 0.00142265 0.00122288 -0.00503036 -0.0113844 -0.00809133 -0.0106308
internal_weight=1.69858e+07 1.53952e+07 1.5906e+06 1.75115e+06 1.3644e+07 7.68126e+06 906832 2.6984e+06 700433 1.0173e+06 2.59579e+06 2.14968e+06 1.94844e+06 1.72852e+06 852065 497387 1.44609e+06 1.24892e+06 648727 464515 734940 446115 406393 733846 4.98286e+06 4.56589e+06 339069 683766 362452 577373
internal_count=16985782 15395184 1590598 1751151 13644033 7681260 906832 2698402 700433 1017305 2595791 2149676 1948437 1728524 852065 497387 1446092 1248924 648727 464515 734940 446115 406393 733846 4982858 4565887 339069 683766 362452 577373
is_linear=0
shrinkage=0.1


Tree=19
num_leaves=31
num_cat=0
split_feature=0 0 0 8 8 4 2 8 7 7 7 7 1 7 2 3 1 0 9 4 8 1 0 8 3 3 3 1 0 4
split_gain=10394.1 1717.71 904.954 838.271 641.996 404.156 338.803 309.932 283.475 282.983 274.888 274.156 254.781 329.381 251.986 285.173 250.498 419.801 245.352 238.531 217.211 183.933 201.158 183.428 170.106 161.238 164.182 157.909 203.662 157.348
threshold=15.500000000000002 5.5000000000000009 37.500000000000007 56580.500000000007 55126.500000000007 19568.500000000004 34.500000000000007 78720.500000000015 27242074.000000004 15924157.500000002 4988278.5000000009 21030056.000000004 35.500000000000007 23210744.000000004 51.500000000000007 70412.500000000015 792.50000000000011 56.500000000000007 42699.500000000007 37094.500000000007 58726.500000000007 1096.5000000000002 47.500000000000007 79580.500000000015 61676.500000000007 52995.500000000007 59457.000000000007 339.50000000000006 19.500000000000004 80083.000000000015
decision_type=2 2 2 2 2 2 2 2 2 2 2 2 2 2 2 2 2 2 2 2 2 2 2 2 2 2 2 2 2 2
left_child=1 5 4 6 14 -1 -3 16 29 23 -9 18 -7 -14 27 19 -4 21 -8 -16 -15 22 -18 25 -20 -6 -27 -2 -29 -5
right_child=2 3 7 8 9 12 11 10 -10 -11 -12 -13 13 20 15 -17 17 -19 24 -21 -22 -23 -24 -25 -26 26 -28 28 -30 -31
leaf_value=-0.0028637964537443108 0.0039419883085506291 0.001836955985660098 0.003192164519802441 -0.0082953807780931418 -0.029211435872162031 -0.013064180304027792 -0.0022430943974659574 -0.016305427015495005 -0.0036559434851831996 -0.0008336218726942078 -0.0012442770723287264 -0.00022324302090260853 -0.011007298695948922 -0.0032578861903529857 -0.00081476358806168575 0.0017277948380311455 -0.00080804382069911819 0.0016590175049462962 -0.008534231441979517 -0.0058451213015833017 -0.0087187495675448475 -0.0027734075803610998 0.0015072592645299801 -0.011729416411585449 -0.0037030357067032735 0.0047701010233312871 -0.0040508946945206478 -0.0023517908362943206 0.0013110306875850398 -0.017511928839680651
leaf_weight=89173 183399 170150 819484 327233 2479 200145 312073 12742 153519 459234 247556 244079 370116 120102 235972 211808 755832 8674911 155742 156969 185089 216980 745245 30847 136982 22126 455211 176242 1094707 19635
leaf_count=89173 183399 170150 819484 327233 2479 200145 312073 12742 153519 459234 247556 244079 370116 120102 235972 211808 755832 8674911 155742 156969 185089 216980 745245 30847 136982 22126 455211 176242 1094707 19635
internal_value=6.78701e-12 -0.00597698 0.00102381 -0.00388173 -0.000513591 -0.00927729 -0.00223579 0.00142971 -0.00723365 -0.00263485 -0.00198154 -0.00305214 -0.00993056 -0.00900183 0.000485583 -0.00122994 0.0015089 0.00137618 -0.0041938 -0.00282425 -0.00656973 -5.19435e-05 0.000341443 -0.00425467 -0.00627344 -0.00377412 -0.00364202 0.00119893 0.000803109 -0.0088171
internal_weight=1.69858e+07 2.48404e+06 1.45017e+07 1.51941e+06 3.02899e+06 964625 1.01903e+06 1.14728e+07 500387 969897 260298 848876 875452 675307 2.0591e+06 604749 1.12125e+07 1.0393e+07 604797 392941 305191 1.71806e+06 1.50108e+06 510663 292724 479816 477337 1.45435e+06 1.27095e+06 346868
internal_count=16985782 2484038 14501744 1519413 3028994 964625 1019026 11472750 500387 969897 260298 848876 875452 675307 2059097 604749 11212452 10392968 604797 392941 305191 1718057 1501077 510663 292724 479816 477337 1454348 1270949 346868
is_linear=0
shrinkage=0.1


Tree=20
num_leaves=31
num_cat=0
split_feature=0 0 8 8 2 0 6 3 3 9 2 7 8 0 7 7 3 6 8 4 7 1 1 0 3 8 3 7 0 9
split_gain=8546.34 1811.18 694.892 598.909 444.378 413.204 381.939 435.591 424.332 463.704 306.6 285.628 270.867 265.26 282.643 246.287 224.055 290.418 204.952 203.657 193.544 197.349 184.101 225.809 183.937 181.249 276.859 167.794 164.395 156.167
threshold=8.5000000000000018 23.500000000000004 49755.500000000007 36229.000000000007 49.500000000000007 80.500000000000014 72786.453125000015 102132.50000000001 91691.500000000015 58108.500000000007 37.500000000000007 11290091.500000002 97187.500000000015 3.5000000000000004 9303739.0000000019 14087840.000000002 70025.500000000015 39961.451171875007 28628.000000000004 9275.5000000000018 6653935.2500000009 26.500000000000004 497.50000000000006 30.500000000000004 81879.500000000015 72599.000000000015 90895.000000000015 18007172.000000004 1.0000000180025095e-35 80541.000000000015
decision_type=2 2 2 2 2 2 2 2 2 2 2 2 2 2 2 2 2 2 2 2 2 2 2 2 2 2 2 2 2 2
left_child=3 2 15 19 22 6 8 29 9 16 -4 25 -9 27 -15 18 17 -6 -2 -1 -21 -22 -3 -24 -11 26 -12 -5 -29 -8
right_child=1 4 10 13 5 -7 7 12 -10 24 11 -13 -14 14 -16 -17 -18 -19 -20 20 21 -23 23 -25 -26 -27 -28 28 -30 -31
leaf_value=0.0036466382560482362 0.0010681095200065344 0.0040609207203208273 0.0007203578143270056 -0.013305028715200696 0.0013826284460380157 0.0013544244146576651 -0.0057907262612149138 0.00055912885742143376 0.0031963500150426817 -0.0041974452310192143 -0.0071812188046751005 -0.0032596369377890485 -0.019187014645029705 -0.010841008887011236 -0.0057820678511998009 0.0015725374198414827 0.0020372865688304234 -0.0015433194329228669 -0.0025014046686833266 -0.0079576881352680807 -0.013367992022057374 -0.0012228977975521031 -0.00087363462276818281 0.0017079984839245338 -0.00084136825583244626 -0.013589760265018956 0.0037409917514872521 -0.012459758062907807 -0.0078972303131920277 -0.013895712034309083
leaf_weight=36209 229924 309952 123723 122107 598666 3124629 126066 183663 390181 351915 245317 562885 7220 145175 461554 425210 601285 782777 535466 94939 14677 151315 358409 6195025 304708 37224 25633 106696 303934 29298
leaf_count=36209 229924 309952 123723 122107 598666 3124629 126066 183663 390181 351915 245317 562885 7220 145175 461554 425210 601285 782777 535466 94939 14677 151315 358409 6195025 304708 37224 25633 106696 303934 29298
internal_value=5.58455e-12 0.000681808 -0.00198707 -0.00737959 0.00111825 0.00052572 -0.000241332 -0.00338767 0.000118265 -0.000336775 -0.00393787 -0.00459951 -0.000187754 -0.00842224 -0.00699255 -0.000357109 0.000426003 -0.000275322 -0.00142912 -0.00338123 -0.00435648 -0.00229677 0.00167944 0.00156681 -0.00264005 -0.00704682 -0.00614793 -0.0100505 -0.00908273 -0.00731914
internal_weight=1.69858e+07 1.55492e+07 2.18538e+06 1.43661e+06 1.33638e+07 6.50041e+06 3.37578e+06 346247 3.02953e+06 2.63935e+06 994782 871059 190883 1.13947e+06 606729 1.1906e+06 1.98273e+06 1.38144e+06 765390 297140 260931 165992 6.86339e+06 6.55343e+06 656623 308174 270950 532737 410630 155364
internal_count=16985782 15549176 2185382 1436606 13363794 6500408 3375779 346247 3029532 2639351 994782 871059 190883 1139466 606729 1190600 1982728 1381443 765390 297140 260931 165992 6863386 6553434 656623 308174 270950 532737 410630 155364
is_linear=0
shrinkage=0.1


Tree=21
num_leaves=31
num_cat=0
split_feature=0 0 8 8 8 0 2 7 7 1 7 8 7 9 0 1 7 2 3 3 3 8 7 1 0 4 9 3 5 2
split_gain=6938.63 1415.93 543.843 461.654 421.122 375.427 322.956 266.43 239.386 236.674 299.18 227.217 227.173 316.332 303.746 212.819 199.926 190.495 190.03 189.298 185.299 181.014 184.39 179.624 179.082 176.862 162.746 299.897 181.606 158.153
threshold=18.500000000000004 7.5000000000000009 56580.500000000007 60636.000000000007 56052.000000000007 52.500000000000007 49.500000000000007 7045601.2500000009 4751023.7500000009 35.500000000000007 27799697.000000004 97187.500000000015 13026017.000000002 38912.500000000007 68.500000000000014 391.50000000000006 27242074.000000004 51.500000000000007 73361.000000000015 105067.00000000001 61676.500000000007 21844.500000000004 3737823.1250000005 1096.5000000000002 62.500000000000007 34333.500000000007 58108.500000000007 70830.000000000015 59270.000000000007 45.500000000000007
decision_type=2 2 2 2 2 2 2 2 2 2 2 2 2 2 2 2 2 2 2 2 2 2 2 2 2 2 2 2 2 2
left_child=1 4 6 12 9 8 7 -3 -5 -1 21 15 13 -2 17 -10 -4 20 25 29 -15 -11 -23 -7 -25 -8 27 -19 -28 -17
right_child=3 2 16 5 -6 23 18 -9 11 10 -12 -13 -14 14 -16 19 -18 26 -20 -21 -22 22 -24 24 -26 -27 28 -29 -30 -31
leaf_value=-0.010240979830662899 0.0017017155702831717 -0.0025608004883556522 -0.0064411124715572981 -0.0065783313627331835 -0.0088580120732092565 0.0042442038462739721 -0.0029193619808894886 0.0011274249594731727 0.0088065181135424664 -0.00044847867136388981 -0.00069233637555721184 -0.020369587056359412 0.0017755853354597961 -0.00066286624616288458 0.0010784056737173104 6.3406226040331969e-05 -0.0020924007242442899 -0.0027426532101684372 -0.000261431390858855 0.0018301699029039586 0.002177563463634485 -0.013043299546748436 -0.005858791218162674 -0.0029036419568774672 0.00063255595764909319 -0.0088739130846772884 -0.044980808317347028 0.0016268124468767327 -0.0048392314138876215 -0.0032211952454606219
leaf_weight=82620 2663762 313962 365336 96237 600877 125302 101286 520684 20846 54716 151551 6210 4358960 721172 2285348 218217 148767 447770 87447 146293 336991 39767 351242 156568 1678776 98284 1138 241957 117074 446622
leaf_count=82620 2663762 313962 365336 96237 600877 125302 101286 520684 20846 54716 151551 6210 4358960 721172 2285348 218217 148767 447770 87447 146293 336991 39767 351242 156568 1678776 98284 1138 241957 117074 446622
internal_value=4.02696e-12 -0.00443911 -0.00248943 0.000920222 -0.00692917 -0.000205164 -0.00125499 -0.000259945 -0.00185469 -0.0052245 -0.00453058 -0.00131235 0.00121179 0.000851196 0.000305463 -0.0011701 -0.00518272 -0.000641132 -0.00414859 -0.0014265 0.00024172 -0.00583563 -0.00658948 0.000580987 0.000330893 -0.00585185 -0.00179741 -0.00120984 -0.00522567 -0.00214311
internal_weight=1.69858e+07 2.91654e+06 1.63577e+06 1.40692e+07 1.28077e+06 2.89507e+06 1.12166e+06 834646 934425 679896 597276 838188 1.11742e+07 6.81521e+06 4.15145e+06 831978 514103 1.8661e+06 287017 811132 1.05816e+06 445725 391009 1.96065e+06 1.83534e+06 199570 807939 689727 118212 664839
internal_count=16985782 2916539 1635766 14069243 1280773 2895071 1121663 834646 934425 679896 597276 838188 11174172 6815212 4151450 831978 514103 1866102 287017 811132 1058163 445725 391009 1960646 1835344 199570 807939 689727 118212 664839
is_linear=0
shrinkage=0.1


Tree=22
num_leaves=31
num_cat=0
split_feature=0 0 8 8 2 8 3 8 1 3 2 9 7 3 3 7 1 4 7 9 3 0 1 3 9 7 3 8 3 2
split_gain=5658.48 866.658 726.822 487.634 331.052 271.086 367.267 267.178 267.054 263.523 296.086 297.445 249.114 237.894 211.1 206.262 205.539 193.935 201.159 188.524 219.773 186.933 207.3 186.518 222.145 180.01 178.924 174.345 173.129 168.922
threshold=11.500000000000002 30.500000000000004 42227.500000000007 60387.500000000007 51.500000000000007 68116.500000000015 82560.500000000015 78720.500000000015 53.500000000000007 105067.00000000001 54.500000000000007 71485.500000000015 4988278.5000000009 77167.000000000015 91691.500000000015 8990053.0000000019 268.50000000000006 9275.5000000000018 5738102.5000000009 51779.500000000007 63304.500000000007 18.500000000000004 427.50000000000006 91691.500000000015 58108.500000000007 5668346.5000000009 81879.500000000015 39106.500000000007 71340.000000000015 89.500000000000014
decision_type=2 2 2 2 2 2 2 2 2 2 2 2 2 2 2 2 2 2 2 2 2 2 2 2 2 2 2 2 2 2
left_child=2 3 8 4 13 6 15 9 -1 10 -3 23 -9 16 19 -4 -2 -10 -19 20 27 -18 -23 24 -12 -5 -26 -6 -21 -25
right_child=1 7 5 25 14 -7 -8 12 17 -11 11 -13 -14 -15 -16 -17 21 18 -20 28 -22 22 -24 29 26 -27 -28 -29 -30 -31
leaf_value=-0.0076249360161594259 0.0034982104689378437 0.0013111403477682399 -0.0093016109973003899 -0.0082851965833393455 -0.0013194571050403701 -0.0085657876166338656 0.00031422477139568457 -0.014938397376231117 0.0047996292289389257 0.0036681327639102412 0.00070709223127088893 -0.0029271523846206029 -0.0013534806770755011 0.0056183136050920639 0.0041957830868323579 -0.0053467362644630968 -0.0019518448932070286 -0.0050367499342074016 -0.00061539797383575992 -0.0098943334340325113 0.0018032126266910389 0.0030066921084688798 -0.0004102485224019895 0.002746630282275439 -0.0031018231354243914 -0.0028716641915360296 0.00015261111555295884 -0.0073055633045176586 -0.0033731762637955278 -0.026386845839404871
leaf_weight=80554 167792 8282610 168401 69522 139389 421875 97252 14210 45503 378302 2130407 278022 269576 86301 46281 607950 419140 151637 320186 58346 130020 255899 579921 369428 317568 527300 360942 74744 134703 2001
leaf_count=80554 167792 8282610 168401 69522 139389 421875 97252 14210 45503 378302 2130407 278022 269576 86301 46281 607950 419140 151637 320186 58346 130020 255899 579921 369428 317568 527300 360942 74744 134703 2001
internal_value=1.64702e-12 0.000646464 -0.00515312 -0.0009809 -0.000261768 -0.00648416 -0.00547891 0.000999325 -0.00226905 0.00107035 0.000986645 0.000209494 -0.00203372 0.000520352 -0.00228455 -0.0062046 0.000211121 -0.00143508 -0.00203636 -0.00284285 -0.0014398 -0.000228373 0.0006359 0.000483696 0.000205217 -0.00350227 -0.00137059 -0.00340893 -0.00534409 0.00258968
internal_weight=1.69858e+07 1.50924e+07 1.89336e+06 2.68936e+06 2.09254e+06 1.29548e+06 873603 1.24031e+07 597880 1.21193e+07 1.1741e+07 3.45837e+06 283786 1.50905e+06 583483 776351 1.42275e+06 517326 471823 537202 344153 1.25496e+06 835820 3.18035e+06 2.80892e+06 596822 678510 214133 193049 371429
internal_count=16985782 15092424 1893358 2689358 2092536 1295478 873603 12403066 597880 12119280 11740978 3458368 283786 1509053 583483 776351 1422752 517326 471823 537202 344153 1254960 835820 3180346 2808917 596822 678510 214133 193049 371429
is_linear=0
shrinkage=0.1


Tree=23
num_leaves=31
num_cat=0
split_feature=0 0 2 8 2 0 8 3 8 8 3 3 3 8 2 9 0 7 8 2 9 7 8 3 3 1 5 2 8 7
split_gain=4680.63 1000.16 493.217 375.55 317.88 344.163 335.71 342.742 384.166 307.214 267.828 242.618 233.885 297.929 233.254 225.994 222.03 266.762 218.556 207.399 276.538 240.968 197.553 232.602 186.725 163.368 157.739 155.997 152.528 150.256
threshold=8.5000000000000018 22.500000000000004 39.500000000000007 30161.000000000004 40.500000000000007 91.500000000000014 66774.500000000015 81879.500000000015 44615.000000000007 57924.000000000007 76332.000000000015 102132.50000000001 91691.500000000015 79580.500000000015 61.500000000000007 84078.500000000015 2.5000000000000004 25009590.000000004 45479.000000000007 46.500000000000007 80541.000000000015 3198122.5000000005 59575.000000000007 70025.500000000015 55918.500000000007 205.50000000000003 88314.000000000015 54.500000000000007 68116.500000000015 3660568.5000000005
decision_type=2 2 2 2 2 2 2 2 2 2 2 2 2 2 2 2 2 2 2 2 2 2 2 2 2 2 2 2 2 2
left_child=3 2 25 -1 -3 6 7 8 -6 10 18 19 -11 -14 22 -13 -5 28 24 21 -21 -8 23 -10 -4 -2 -22 -12 29 -18
right_child=1 4 9 16 5 -7 11 -9 14 12 27 15 13 -15 -16 -17 17 -19 -20 20 26 -23 -24 -25 -26 -27 -28 -29 -30 -31
leaf_value=-0.0013186286239420288 0.0049238851346157016 0.0018137868324701015 -0.0021681511878104305 -0.0079464630522130368 0.00093459828347501606 0.0013194382119981886 -0.026406613921428713 0.0021158591000615531 -0.00089401633490734142 -0.0064395464627428293 0.0055085614509973388 0.0023901654718658598 0.0006959042999215995 -0.0084379076258807324 -0.0038056276558436305 -0.0032211698987022839 -0.011853142923418313 -0.0026743195092298697 -0.0043212491174084095 -0.0030852316385100165 -0.015228962083615483 0.0011685383073671374 -0.0026251356444481587 0.0014704214286644255 0.0017954147310497198 0.00026687863535775817 -0.0025707544757961045 -0.00090456543000325845 -0.010097118390238942 -0.0051167448824341035
leaf_weight=189905 90807 2585356 422424 425441 2590005 3996956 3246 997873 1198171 280232 77020 217346 129966 49242 235571 107161 36072 287230 313839 391694 31621 133601 363330 637395 165396 441897 14295 74732 94552 403406
leaf_count=189905 90807 2585356 422424 425441 2590005 3996956 3246 997873 1198171 280232 77020 217346 129966 49242 235571 107161 36072 287230 313839 391694 31621 133601 363330 637395 165396 441897 14295 74732 94552 403406
internal_value=2.84128e-12 0.000504574 -0.00155606 -0.00546128 0.000816722 0.000580625 0.000153971 0.000423048 8.68515e-05 -0.00247748 -0.00153637 -0.00164863 -0.00463526 -0.00181385 -0.000815058 0.000537151 -0.00609231 -0.0051318 -0.00219052 -0.00288336 -0.00394591 0.000514458 -0.000494674 -7.29721e-05 -0.00105292 0.00106073 -0.0112881 0.00235034 -0.00645356 -0.00566966
internal_weight=1.69858e+07 1.55492e+07 2.04556e+06 1.43661e+06 1.35036e+07 1.09183e+07 6.92131e+06 6.02234e+06 5.02447e+06 1.51285e+06 1.05341e+06 898964 459440 179208 2.43447e+06 324507 1.2467e+06 821260 901659 574457 437610 136847 2.1989e+06 1.83557e+06 587820 532704 45916 151752 534030 439478
internal_count=16985782 15549176 2045555 1436606 13503621 10918265 6921309 6022345 5024472 1512851 1053411 898964 459440 179208 2434467 324507 1246701 821260 901659 574457 437610 136847 2198896 1835566 587820 532704 45916 151752 534030 439478
is_linear=0
shrinkage=0.1


Tree=24
num_leaves=31
num_cat=0
split_feature=0 0 8 0 1 0 1 0 1 7 2 3 1 0 0 1 8 4 7 0 7 7 8 0 1 0 1 0 8 9
split_gain=3800.7 755.053 464.431 329.742 474.328 389.638 377.685 268.91 414.663 249.177 190.024 222.739 185.371 289.251 181.654 289.594 172.746 159.438 160.246 166.069 154 148.633 138.96 137.006 196.721 202.898 140.688 181.809 131.753 127.551
threshold=16.500000000000004 4.5000000000000009 49755.500000000007 42.500000000000007 374.50000000000006 20.500000000000004 472.50000000000006 26.500000000000004 619.50000000000011 18293565.000000004 39.500000000000007 61676.500000000007 896.50000000000011 54.500000000000007 32.500000000000007 740.50000000000011 27415.000000000004 12395.000000000002 12151333.500000002 1.0000000180025095e-35 7807215.2500000009 3578778.5000000005 80672.500000000015 106.50000000000001 1177.5000000000002 63.500000000000007 1403.5000000000002 73.500000000000014 59575.000000000007 69579.000000000015
decision_type=2 2 2 2 2 2 2 2 2 2 2 2 2 2 2 2 2 2 2 2 2 2 2 2 2 2 2 2 2 2
left_child=1 17 10 4 -2 -6 -7 -8 -9 21 20 16 -5 -14 -10 -16 -12 -1 -19 -20 -3 -4 -11 24 -15 -26 -27 -28 -21 -23
right_child=3 2 9 12 5 6 7 8 14 22 11 -13 13 23 15 -17 -18 18 19 28 -22 29 -24 -25 25 26 27 -29 -30 -31
leaf_value=0.00081158991805137237 0.0033553959021225925 -0.0013542491613310007 -0.011933266349306753 0.0022141376560924132 -0.0037243514379915739 0.0026879525371846682 -0.0028108899487001722 0.0020706654063807109 -0.0032445835818148677 -0.0015957314898671139 0.00046195627311286367 0.0012674268538049342 -0.00093121918119833157 0.0018208488846485394 0.0014279968448824927 -0.0018754488923597937 -0.0043507217223327501 -0.0091613702181756202 -0.0089924733513170232 -0.0030946038117127634 0.0026401444998538494 -0.0040472170029356219 -0.0076099689695216495 0.0014851193316122184 -0.0019265384302925787 0.0014827793852319308 -0.0024709125626373538 0.00042534747327433847 -0.0063645467463167935 -0.0078892013156914385
leaf_weight=32481 339516 175095 34563 995795 350013 393342 466379 593539 304567 362835 97520 150978 895377 1173961 459065 628949 317080 159673 116904 236126 215084 310296 42967 3146592 354828 1194639 234749 2825410 257695 119764
leaf_count=32481 339516 175095 34563 995795 350013 393342 466379 593539 304567 362835 97520 150978 895377 1173961 459065 628949 317080 159673 116904 236126 215084 310296 42967 3146592 354828 1194639 234749 2825410 257695 119764
internal_value=5.06519e-12 -0.00349556 -0.00237188 0.00064012 -0.00019834 -0.000575877 -0.000188642 -0.000650003 -0.000142585 -0.00404296 -0.000849999 -0.00202116 0.000914048 0.000782288 -0.00108591 -0.000481628 -0.00321871 -0.00605141 -0.00634076 -0.00560331 0.000847638 -0.00562419 -0.00223253 0.000954091 0.000665182 0.000370862 0.000562453 0.000203171 -0.00480099 -0.00511714
internal_weight=1.69858e+07 2.62906e+06 1.82618e+06 1.43567e+07 3.53537e+06 3.19585e+06 2.84584e+06 2.4525e+06 1.98612e+06 870425 955757 565578 1.08214e+07 9.82556e+06 1.39258e+06 1.08801e+06 414600 802879 770398 610725 390179 464623 405802 8.93018e+06 5.78359e+06 4.60963e+06 4.2548e+06 3.06016e+06 493821 430060
internal_count=16985782 2629061 1826182 14356721 3535370 3195854 2845841 2452499 1986120 870425 955757 565578 10821351 9825556 1392581 1088014 414600 802879 770398 610725 390179 464623 405802 8930179 5783587 4609626 4254798 3060159 493821 430060
is_linear=0
shrinkage=0.1


Tree=25
num_leaves=31
num_cat=0
split_feature=0 0 2 8 3 9 8 1 0 3 1 3 2 8 3 2 7 1 6 8 0 9 1 0 2 0 1 1 8 3
split_gain=3148.29 653.504 427.659 307.01 365.493 329.765 274.416 223.271 336.645 215.508 207.023 191.139 183.23 178.33 173.236 196.694 172.971 172.441 169.129 165.775 165.293 159.632 158.583 279.012 140.742 138.151 152.301 132.774 132.59 125.615
threshold=8.5000000000000018 27.500000000000004 40.500000000000007 64994.500000000007 82960.000000000015 48628.000000000007 36229.000000000007 585.50000000000011 37.500000000000007 55918.500000000007 689.50000000000011 91691.500000000015 65.500000000000014 38697.500000000007 61676.500000000007 51.500000000000007 9303739.0000000019 62.500000000000007 94546.796875000015 79580.500000000015 31.500000000000004 59162.000000000007 810.50000000000011 45.500000000000007 62.500000000000007 102.50000000000001 1805.5000000000002 196.50000000000003 83702.500000000015 106300.50000000001
decision_type=2 2 2 2 2 2 2 2 2 2 2 2 2 2 2 2 2 2 2 2 2 2 2 2 2 2 2 2 2 2
left_child=6 2 27 4 5 9 -1 -3 10 13 20 -5 -6 -4 -7 21 -8 -18 22 24 -9 -16 -10 -24 29 26 -25 -2 -19 -13
right_child=1 7 3 11 12 14 16 8 18 -11 -12 19 -14 -15 15 -17 17 28 -20 -21 -22 -23 23 25 -26 -27 -28 -29 -30 -31
leaf_value=-0.0017724981520667834 0.0049016715121852177 0.0027308583403417349 -0.00054555701236447891 -0.0070405677142157527 0.0038164555955027706 -0.0069637647252046818 -0.0079669386532738914 -0.001636298801616503 0.0021584718633105952 0.0020319983064593138 -0.002801494908211757 -0.00081622523700374439 -0.0043793689559479777 -0.0048395176393111377 0.00074215110981669516 -0.0053926556979340783 -0.006438371594131573 -0.0031942972064985444 -0.0070586037724575251 -0.0065799116121190646 0.0018986778783143124 -0.0038184703429125417 -0.0015781730115578081 0.00068680706111315761 -0.00798879493750374 0.0013079623304164236 -0.001017851931428932 0.00055596253064928982 -0.0085787080384840189 0.007068892903337818
leaf_weight=297140 78131 526083 413376 157952 185894 118859 186824 261385 796941 243823 429993 81746 31969 126259 179488 175011 341646 561205 27463 62103 267796 134082 513427 5816139 20038 3596364 576025 701993 49791 26836
leaf_count=297140 78131 526083 413376 157952 185894 118859 186824 261385 796941 243823 429993 81746 31969 126259 179488 175011 341646 561205 27463 62103 267796 134082 513427 5816139 20038 3596364 576025 701993 49791 26836
internal_value=3.43855e-12 0.000413819 -0.000988641 -0.00177769 -0.00119465 -0.00179119 -0.00447899 0.000713493 0.000627107 -0.000435384 -0.0011717 -0.00446779 0.00261381 -0.00155022 -0.00353987 -0.00270693 -0.00518476 -0.00463914 0.00077944 -0.00233708 0.000152603 -0.00120796 0.000798491 0.000695289 -0.000288461 0.000812148 0.000533193 0.000991194 -0.00363308 0.00113258
internal_weight=1.69858e+07 1.55492e+07 2.73756e+06 1.95744e+06 1.60876e+06 1.3909e+06 1.43661e+06 1.28116e+07 1.22855e+07 783458 959174 348675 217863 539635 607440 488581 1.13947e+06 952642 1.13264e+07 190723 529181 313570 1.12989e+07 1.0502e+07 128620 9.98853e+06 6.39216e+06 780124 610996 108582
internal_count=16985782 15549176 2737560 1957436 1608761 1390898 1436606 12811616 12285533 783458 959174 348675 217863 539635 607440 488581 1139466 952642 11326359 190723 529181 313570 11298896 10501955 128620 9988528 6392164 780124 610996 108582
is_linear=0
shrinkage=0.1


Tree=26
num_leaves=31
num_cat=0
split_feature=0 8 8 3 2 0 3 2 4 8 9 4 7 1 0 9 7 2 5 7 5 3 1 7 1 0 2 3 10 9
split_gain=2585.95 440.249 345.28 328.49 325.002 381.184 220.255 296.781 270.423 208.654 202.964 195.233 215.66 224.702 192.868 179.354 230.723 175.416 166.123 159.089 158.055 148.447 147.425 163.392 145.066 281.351 137.516 136.192 134.67 186.768
threshold=12.500000000000002 36229.000000000007 70707.500000000015 91691.500000000015 51.500000000000007 39.500000000000007 107802.00000000001 46.500000000000007 84004.000000000015 54413.500000000007 58108.500000000007 78072.000000000015 27799697.000000004 35.500000000000007 3.5000000000000004 80541.000000000015 4474299.0000000009 76.500000000000014 79836.000000000015 5057094.0000000009 60544.000000000007 114726.00000000001 26.500000000000004 6653935.2500000009 286.50000000000006 19.500000000000004 64.500000000000014 70412.500000000015 77782.500000000015 77454.500000000015
decision_type=2 2 2 2 2 2 2 2 2 2 2 2 2 2 2 2 2 2 2 2 2 2 2 2 2 2 2 2 2 2
left_child=1 22 3 4 24 9 7 19 17 27 -7 12 14 -14 -3 18 -17 -8 28 -4 -11 -10 -1 -24 -2 -26 -5 -6 -9 -30
right_child=2 11 6 26 5 10 8 15 21 20 -12 -13 13 -15 -16 16 -18 -19 -20 -21 -22 -23 23 -25 25 -27 -28 -29 29 -31
leaf_value=-0.0092512316580275512 0.0035603778209669424 -0.0076288869946840795 -0.0093948933088535292 0.0031741654139933969 -0.0020652624490760897 0.00068627361038019056 0.0026155863381869958 -0.0035247689144931055 -0.029090090192592025 -0.012214405300933592 -0.0010352821645557787 -0.0080813785521381288 -0.0059543534474793304 -0.0011701993729260507 -0.0040232421729491721 -0.029433507483158112 -0.005933626648375186 -0.0068796660103681746 -0.00027445331230808751 0.0012631582229451297 -0.003674423092666539 -0.0051854615710401931 -0.0025346278220286442 0.0013912372702785374 -0.0015134282958897882 0.00091727317950662801 0.00052415744517772458 0.0010075019944810126 -0.018501033063909936 0.0012798851817446381
leaf_weight=18882 190150 186339 14872 665544 465809 2666551 274898 185811 2797 23947 921473 115575 127217 430033 727728 4319 127901 20938 186020 240257 228094 36479 180315 257271 507713 7670994 277456 208944 14287 7168
leaf_count=18882 190150 186339 14872 665544 465809 2666551 274898 185811 2797 23947 921473 115575 127217 430033 727728 4319 127901 20938 186020 240257 228094 36479 180315 257271 507713 7670994 277456 208944 14287 7168
internal_value=4.09858e-12 -0.00333661 0.000456278 0.00059283 0.000460963 -0.000222848 -0.00123592 -0.00215648 0.000908495 -0.00203078 0.000244145 -0.00412385 -0.00381298 -0.00226239 -0.00475828 -0.00351506 -0.00670126 0.00194355 -0.00244388 0.000641878 -0.00448583 -0.00688781 -0.000599797 -0.000226484 0.000829864 0.000766382 0.00239446 -0.00111375 -0.00439093 -0.0118923
internal_weight=1.69858e+07 2.04336e+06 1.49424e+07 1.38267e+07 1.28837e+07 4.51482e+06 1.11575e+06 780635 335112 926794 3.58802e+06 1.58689e+06 1.47132e+06 557250 914067 525506 132220 295836 393286 255129 252041 39276 456468 437586 8.36886e+06 8.17871e+06 943000 674753 207266 21455
internal_count=16985782 2043360 14942422 13826675 12883675 4514818 1115747 780635 335112 926794 3588024 1586892 1471317 557250 914067 525506 132220 295836 393286 255129 252041 39276 456468 437586 8368857 8178707 943000 674753 207266 21455
is_linear=0
shrinkage=0.1


Tree=27
num_leaves=31
num_cat=0
split_feature=0 8 0 2 1 0 3 8 3 8 3 2 9 7 7 3 0 7 8 1 2 4 3 2 9 2 5 3 2 2
split_gain=2126.23 502.268 289.05 292.412 245.604 400.038 218.97 201.642 211.738 188.935 220.69 225.616 293.129 186.234 153.583 137.857 136.483 134.712 131.394 127.48 125.591 123.898 201.639 171.407 127.658 119.299 118.605 121.175 225.058 159.319
threshold=17.500000000000004 62308.500000000007 4.5000000000000009 37.500000000000007 391.50000000000006 22.500000000000004 82960.000000000015 45693.000000000007 55918.500000000007 78720.500000000015 102132.50000000001 54.500000000000007 72643.000000000015 4988278.5000000009 22481175.000000004 120489.00000000001 1.0000000180025095e-35 7476867.0000000009 27078.000000000004 454.50000000000006 52.500000000000007 80083.000000000015 94696.000000000015 44.500000000000007 76222.000000000015 45.500000000000007 102437.50000000001 110507.00000000001 62.500000000000007 63.500000000000007
decision_type=2 2 2 2 2 2 2 2 2 2 2 2 2 2 2 2 2 2 2 2 2 2 2 2 2 2 2 2 2 2
left_child=1 2 14 17 -2 19 7 8 18 10 11 -7 -13 15 -1 -11 -16 -4 -5 -6 -8 22 23 -3 -24 -10 27 29 -29 -15
right_child=4 21 3 6 5 9 20 -9 25 13 -12 12 -14 26 16 -17 -18 -19 -20 -21 -22 -23 24 -25 -26 -27 -28 28 -30 -31
leaf_value=-0.0055190555578603639 0.003132437335794996 -0.004228989998537957 -0.0010961924259353104 0.00047075518522574636 -0.0011242525845110104 0.00077179827072825619 0.0063881119725541936 -0.0039993861248956188 0.0060384477874453266 -0.019431618069882486 0.0025766852003194151 5.4897212027883294e-05 -0.0038572514888669169 -0.0019173470600829263 -0.0069984295757414732 0.00033501256052793845 -0.00069160082182987271 0.0025843912022379019 -0.003422682168717878 -0.0044996089579212454 -0.00066639650006871352 -0.0079699827027376758 0.0032005662229861905 -0.0087875407930322405 -0.0030628736697137604 0.00013086001635615732 -0.0085763900243134208 0.0060414430875059431 -0.0025839144419988495 -0.016927926128482797
leaf_weight=255442 344333 424286 159142 121957 287975 8947699 46175 421445 49901 10151 535003 3397274 202969 148662 42555 5408 177157 265087 299643 182996 55652 100804 49860 102391 93678 108527 21045 58533 62608 7424
leaf_count=255442 344333 424286 159142 121957 287975 8947699 46175 421445 49901 10151 535003 3397274 202969 148662 42555 5408 177157 265087 299643 182996 55652 100804 49860 102391 93678 108527 21045 58533 62608 7424
internal_value=2.89583e-12 -0.00253257 -0.00169761 -0.00102757 0.000494269 0.000428764 -0.00188551 -0.00233473 -0.00112519 0.000529468 0.000587632 0.000502825 -0.000165656 -0.00189525 -0.00385167 -0.0125611 -0.00191314 0.00120369 -0.00229642 -0.00243575 0.00253258 -0.00470133 -0.00420971 -0.00511522 -0.000887177 0.00199161 -0.00133888 -0.00078946 0.00158369 -0.0026313
internal_weight=1.69858e+07 2.7737e+06 2.00268e+06 1.52753e+06 1.42121e+07 1.38677e+07 1.1033e+06 1.00147e+06 580028 1.33968e+07 1.30829e+07 1.25479e+07 3.60024e+06 313831 475154 15559 219712 424229 421600 470971 101827 771019 670215 526677 143538 158428 298272 277227 121141 156086
internal_count=16985782 2773702 2002683 1527529 14212080 13867747 1103300 1001473 580028 13396776 13082945 12547942 3600243 313831 475154 15559 219712 424229 421600 470971 101827 771019 670215 526677 143538 158428 298272 277227 121141 156086
is_linear=0
shrinkage=0.1


Tree=28
num_leaves=31
num_cat=0
split_feature=0 0 2 8 8 7 1 1 0 7 1 8 3 8 2 7 8 3 9 3 9 3 3 9 2 0 1 0 1 4
split_gain=1775.03 373.38 336.821 210.674 201.42 201.832 184.436 168.12 218.909 157.183 154.724 146.285 139.061 136.851 136.361 134.468 131.865 241.861 213.382 180.28 209.066 130.796 130.752 149.901 126.338 121.258 163.675 194.031 144.348 117.026
threshold=8.5000000000000018 33.500000000000007 49.500000000000007 21844.500000000004 78720.500000000015 7045601.2500000009 205.50000000000003 705.50000000000011 40.500000000000007 9107516.0000000019 44.500000000000007 45993.000000000007 52243.000000000007 58726.500000000007 45.500000000000007 10469483.500000002 39106.500000000007 63304.500000000007 53038.500000000007 97879.000000000015 72643.000000000015 51965.000000000007 95124.500000000015 63646.500000000007 62.500000000000007 96.500000000000014 888.50000000000011 48.500000000000007 1697.5000000000002 44174.500000000007
decision_type=2 2 2 2 2 2 2 2 2 2 2 2 2 2 2 2 2 2 2 2 2 2 2 2 2 2 2 2 2 2
left_child=3 2 4 -1 5 11 -7 -3 -9 -5 -11 12 -2 14 -12 -6 21 -18 -19 24 -21 -4 23 -8 -20 26 -10 -28 -29 -13
right_child=1 7 16 9 15 6 22 8 25 10 13 29 -14 -15 -16 -17 17 18 19 20 -22 -23 -24 -25 -26 -27 27 28 -30 -31
leaf_value=0.0013922045500298723 -0.00061996999578524945 0.0021067934782393201 -0.0019630775201662869 -0.0058452774690866578 -0.01462218241204951 0.0053302711177111379 0.0010687848090770559 -0.0014582210702914367 0.0016372951330963837 -0.0052503701953574393 -0.00053192224133699324 -0.013480964855479456 0.0052132433559622295 -0.003872882672657724 -0.0053643429742240567 -0.0031024592434505918 -0.0060385359171187068 0.0011724277772671452 -0.0030986621125433877 0.0039995965595888208 -0.0028459884007111386 0.0022881638664928811 0.0065169464362160624 -0.0015933164213002577 -0.0083677068139564551 0.00099716054808466248 -0.0019506063579930602 0.00047483801501867017 -0.0011751440312574848 -0.0026842971446921476
leaf_weight=87490 493722 677899 157896 266851 12822 91826 1050917 551198 814618 262150 377771 10549 44557 373275 69069 48315 156727 191570 409704 76825 106402 133611 37557 264823 51192 4293213 418582 4648388 598482 207781
leaf_count=87490 493722 677899 157896 266851 12822 91826 1050917 551198 814618 262150 377771 10549 44557 373275 69069 48315 156727 191570 409704 76825 106402 133611 37557 264823 51192 4293213 418582 4648388 598482 207781
internal_value=1.76502e-12 0.000310724 -0.000590717 -0.00336314 0.000143326 0.00030054 0.000993321 0.000577107 0.000485538 -0.00367152 -0.00313554 -0.00102267 -0.000137115 -0.00245954 -0.00127888 -0.00551844 -0.00188444 -0.00243369 -0.00175763 -0.00262907 2.42876e-05 -1.4539e-05 0.000699044 0.000532976 -0.0036839 0.000584987 0.000311912 0.000121339 0.000286634 -0.00320596
internal_weight=1.69858e+07 1.55492e+07 3.5468e+06 1.43661e+06 2.26287e+06 2.20173e+06 1.44512e+06 1.20024e+07 1.13245e+07 1.34912e+06 1.08226e+06 756609 538279 820115 446840 61137 1.28393e+06 992420 835693 644123 183227 291507 1.3533e+06 1.31574e+06 460896 1.07733e+07 6.48007e+06 5.66545e+06 5.24687e+06 218330
internal_count=16985782 15549176 3546796 1436606 2262869 2201732 1445123 12002380 11324481 1349116 1082265 756609 538279 820115 446840 61137 1283927 992420 835693 644123 183227 291507 1353297 1315740 460896 10773283 6480070 5665452 5246870 218330
is_linear=0
shrinkage=0.1


Tree=29
num_leaves=31
num_cat=0
split_feature=0 8 1 0 1 0 1 7 0 2 0 1 1 0 0 0 1 1 0 1 0 7 4 3 3 0 1 2 8 3
split_gain=1467.26 322.439 216.244 380.755 227.402 234.559 188.643 177.531 207.594 216.161 164.778 161.921 159.231 265.66 143.297 114.884 174.538 121.49 166.247 124.75 216.234 113.195 109.697 109.065 96.9575 96.8186 222.749 95.3655 108.284 256.36
threshold=14.500000000000002 29146.500000000004 321.50000000000006 20.500000000000004 445.50000000000006 29.500000000000004 540.50000000000011 3660568.5000000005 3.5000000000000004 37.500000000000007 24.500000000000004 409.50000000000006 645.50000000000011 36.500000000000007 17.500000000000004 86.500000000000014 1551.5000000000002 784.50000000000011 43.500000000000007 956.50000000000011 53.500000000000007 35280990.000000007 8513.0000000000018 51080.500000000007 58915.500000000007 70.500000000000014 1256.5000000000002 60.500000000000007 57710.500000000007 76332.000000000015
decision_type=2 2 2 2 2 2 2 2 2 2 2 2 2 2 2 2 2 2 2 2 2 2 2 2 2 2 2 2 2 2
left_child=1 22 23 11 24 6 10 -3 21 -10 -6 14 -7 -14 -4 16 17 -15 -19 -20 -21 -9 -1 -2 -5 26 -22 28 29 -11
right_child=2 7 3 4 5 12 -8 8 9 27 -12 -13 13 15 -16 -17 -18 18 19 20 25 -23 -24 -25 -26 -27 -28 -29 -30 -31
leaf_value=0.0048996963364853641 0.0015671188978074676 -0.0067031048946768618 -0.0024600637314918187 0.0018014580442131641 -0.0013931802679991523 0.0020513416539428681 -0.0027031204485209901 -0.0055977176799298384 5.2473674933405969e-05 -0.0024905072206719255 0.0021859416882988214 -0.0043302445689496136 -0.001809965444093685 0.0017431952459606205 0.0010937411332198007 0.00083865906852148185 -0.0015817810599132816 -0.0016161982961014601 0.0015110067807139822 -0.0017310655562518184 0.00075545015368966978 -0.0027754930576918469 -0.00016793011355494117 0.0059201666472946182 0.005446892692081708 0.001121626968770096 -0.0016789024908740948 -0.0076970885295124863 -0.003855520675533615 0.0037974099357136015
leaf_weight=50996 139381 109598 270143 211769 302928 619312 426377 280318 402430 470059 223561 206743 517153 573619 195626 5445338 502146 454583 812509 527300 1172289 288256 263069 98044 111308 1284265 553281 36927 361240 75214
leaf_count=50996 139381 109598 270143 211769 302928 619312 426377 280318 402430 470059 223561 206743 517153 573619 195626 5445338 502146 454583 812509 527300 1172289 288256 263069 98044 111308 1284265 553281 36927 361240 75214
internal_value=8.24006e-13 -0.00232628 0.000371329 0.00032201 0.000435741 0.000372601 -0.0011396 -0.00278887 -0.00256479 -0.00188796 0.000126609 -0.00200123 0.000488229 0.000406484 -0.000967443 0.000507695 0.000201196 0.000367678 0.000203443 0.000393615 0.00013694 -0.0041669 0.000654921 0.0033647 0.0030574 0.000464201 -2.50925e-05 -0.00271566 -0.00251274 -0.00162316
internal_weight=1.69858e+07 2.33811e+06 1.46477e+07 1.44102e+07 1.37377e+07 1.34147e+07 952866 2.02404e+06 1.91444e+06 1.34587e+06 526489 672512 1.24618e+07 1.18425e+07 465769 1.13253e+07 5.87999e+06 5.37785e+06 4.80423e+06 4.34964e+06 3.53714e+06 568574 314065 237425 323077 3.00984e+06 1.72557e+06 943440 906513 545273
internal_count=16985782 2338107 14647675 14410250 13737738 13414661 952866 2024042 1914444 1345870 526489 672512 12461795 11842483 465769 11325330 5879992 5377846 4804227 4349644 3537135 568574 314065 237425 323077 3009835 1725570 943440 906513 545273
is_linear=0
shrinkage=0.1


Tree=30
num_leaves=31
num_cat=0
split_feature=0 8 3 8 2 0 8 7 0 2 3 9 3 5 7 8 5 8 3 8 9 3 10 3 7 10 3 2 7 2
split_gain=1219.6 243.883 264.152 257.371 205.638 203.913 199.442 187.133 145.248 153.352 190.947 155.231 175.817 150.179 140.564 150.803 137.318 136.908 136.113 132.197 129.3 170.453 169.256 125.08 185.026 181.135 137.641 136.648 124.917 128.957
threshold=10.500000000000002 80672.500000000015 106300.50000000001 60636.000000000007 44.500000000000007 33.500000000000007 20503.500000000004 13026017.000000002 65.500000000000014 51.500000000000007 67029.500000000015 58108.500000000007 70830.000000000015 60544.000000000007 5057094.0000000009 62308.500000000007 70681.500000000015 54413.500000000007 77969.000000000015 70707.500000000015 49051.500000000007 53705.500000000007 43379.000000000007 110507.00000000001 5201612.2500000009 98535.500000000015 81879.500000000015 62.500000000000007 32726059.000000004 65.500000000000014
decision_type=2 2 2 2 2 2 2 2 2 2 2 2 2 2 2 2 2 2 2 2 2 2 2 2 2 2 2 2 2 2
left_child=6 2 3 7 16 18 -1 8 9 10 20 12 17 -13 -8 -16 -5 -11 -6 -20 21 22 -2 24 -3 27 -26 -25 -27 -30
right_child=1 23 -4 4 5 -7 14 -9 -10 11 -12 13 -14 -15 15 -17 -18 -19 19 -21 -22 -23 -24 25 26 28 -28 -29 29 -31
leaf_value=0.0019664423476370698 0.00028231158849503795 -0.02005433678433868 0.0027485802357171654 -0.0012385743924233467 -0.0078192544914854872 -0.00067098744774469381 -0.0056124096394133717 0.00095651345540518891 0.0005671866764953682 -0.0014484873228420919 0.0028313963488263033 -0.015987952243677276 0.0013825506028754858 -0.0035998870803658858 -0.0017017085686921866 -0.0037909767814608025 0.0018993349803029021 -0.0098645569471474976 -0.00099286343558925116 -0.0054519954209152352 -0.0017757908118567951 0.0028871708165560226 -0.0026970307171181977 0.0046731131122910675 0.011316439319399992 -0.013495021287800731 -0.0047001310211229946 -0.0023659964452997558 -0.0055737304140141605 0.015437931329578764
leaf_weight=94310 1278721 7592 442169 204534 56657 1547602 156564 4664471 3862585 708708 235481 10774 252829 106709 948415 543438 438330 19871 200090 99568 405577 208812 224095 58044 5622 15870 117587 52543 14560 3654
leaf_count=94310 1278721 7592 442169 204534 56657 1547602 156564 4664471 3862585 708708 235481 10774 252829 106709 948415 543438 438330 19871 200090 99568 405577 208812 224095 58044 5622 15870 117587 52543 14560 3654
internal_value=4.5516e-12 0.000286513 0.000340778 0.000267482 -0.000645418 -0.00116756 -0.00250603 0.000461574 0.000145935 -0.000325479 0.000130065 -0.00130078 -0.000889563 -0.00473596 -0.00276192 -0.00246277 0.000900976 -0.00167802 -0.00332437 -0.00247451 -0.000170384 0.000210024 -0.000161958 -0.00266192 -0.00490291 -0.000635785 -0.0039693 0.00132863 -0.00700943 -0.00135848
internal_weight=1.69858e+07 1.52431e+07 1.49676e+07 1.45254e+07 2.54678e+06 1.90392e+06 1.74273e+06 1.19786e+07 7.31416e+06 3.45158e+06 2.35269e+06 1.09889e+06 981408 117483 1.64842e+06 1.49185e+06 642864 728579 356315 299658 2.1172e+06 1.71163e+06 1.50282e+06 275472 130801 144671 123209 110587 34084 18214
internal_count=16985782 15243055 14967583 14525414 2546781 1903917 1742727 11978633 7314162 3451577 2352686 1098891 981408 117483 1648417 1491853 642864 728579 356315 299658 2117205 1711628 1502816 275472 130801 144671 123209 110587 34084 18214
is_linear=0
shrinkage=0.1


Tree=31
num_leaves=31
num_cat=0
split_feature=0 8 1 0 3 4 7 4 3 2 1 1 0 2 1 7 1 1 0 0 2 3 7 9 0 7 8 3 0 1
split_gain=1006.72 285.363 217.869 228.675 163.115 209.47 147.112 135.772 154.413 135.504 146.395 134.454 222.767 133.863 126.075 124.901 99.3977 99.3503 165.13 96.7237 168.144 94.3574 93.0641 91.7311 87.4086 87.3173 84.897 145.898 84.2825 176.619
threshold=19.500000000000004 49755.500000000007 436.50000000000006 25.500000000000004 61676.500000000007 12904.000000000002 5515775.5000000009 80083.000000000015 106300.50000000001 51.500000000000007 62.500000000000007 567.50000000000011 33.500000000000007 61.500000000000007 513.50000000000011 6972632.5000000009 671.50000000000011 714.50000000000011 39.500000000000007 7.5000000000000009 42.500000000000007 58915.500000000007 32726059.000000004 46485.000000000007 28.500000000000004 14087840.000000002 73120.500000000015 84484.000000000015 81.500000000000014 1467.5000000000002
decision_type=2 2 2 2 2 2 2 2 2 2 2 2 2 2 2 2 2 2 2 2 2 2 2 2 2 2 2 2 2 2
left_child=1 4 21 14 5 -1 -3 8 13 10 25 -5 16 19 -4 -12 24 -14 -19 22 -21 -2 -8 -6 -13 -7 27 -22 29 -20
right_child=2 6 3 11 23 9 7 -9 -10 -11 15 12 17 -15 -16 -17 -18 18 28 20 26 -23 -24 -25 -26 -27 -28 -29 -30 -31
leaf_value=0.0023527846406015351 0.0015444801187760211 -0.0059201747350586071 -0.00062405862275646806 0.0020008243746982512 0.0045250496952206776 -0.0081537507992458669 -0.0041614902472439938 -0.0058724182035217619 0.0025222784051586941 -0.0051451147197464873 -0.0021828090030263318 -0.0026268600890831774 0.0017319305639725492 -0.010151681231178848 -0.0038262958099740244 0.00022771388799569322 -0.0034691555027271158 -0.0015880999174096599 0.00031640650062607568 0.00075052704171450974 -0.0034992776554870122 0.0047415335009934161 -0.0017035232210085142 0.00034415182676839041 0.00023863264275507344 -0.002564696078812996 -0.0065546719779379786 0.00091108133689650191 0.00067416321417170877 -0.0016862950696465873
leaf_weight=153991 273442 121977 363729 490245 79884 42006 338985 99282 70298 97430 370701 159963 544283 21307 185728 511619 181395 423685 4342545 246787 226161 139367 282335 152965 318226 83552 47417 112227 6014198 490052
leaf_count=153991 273442 121977 363729 490245 79884 42006 338985 99282 70298 97430 370701 159963 544283 21307 185728 511619 181395 423685 4342545 246787 226161 139367 282335 152965 318226 83552 47417 112227 6014198 490052
internal_value=2.28234e-12 -0.00164268 0.000360802 0.000291674 -0.000652963 -0.00110255 -0.00258526 -0.00230371 -0.00204038 -0.00158395 -0.00123969 0.000376359 0.000312517 -0.00229191 -0.00170648 -0.000785052 -0.001476 0.000412365 0.000348639 -0.00215835 -0.00128793 0.00262383 -0.00304456 0.0017785 -0.000719927 -0.00443454 -0.00259187 -0.00203657 0.00042429 0.000113322
internal_weight=1.69858e+07 3.05892e+06 1.39269e+07 1.3514e+07 1.49215e+06 1.2593e+06 1.56678e+06 1.4448e+06 1.34552e+06 1.10531e+06 1.00788e+06 1.29646e+07 1.24743e+07 1.27522e+06 549457 882320 659584 1.18148e+07 1.12705e+07 1.25391e+06 632592 412809 621320 232849 478189 125558 385805 338388 1.08468e+07 4.8326e+06
internal_count=16985782 3058924 13926858 13514049 1492148 1259299 1566776 1444799 1345517 1105308 1007878 12964592 12474347 1275219 549457 882320 659584 11814763 11270480 1253912 632592 412809 621320 232849 478189 125558 385805 338388 10846795 4832597
is_linear=0
shrinkage=0.1


Tree=32
num_leaves=31
num_cat=0
split_feature=0 8 3 8 2 4 8 3 2 9 2 2 2 9 0 3 6 5 6 5 3 9 3 7 5 0 4 3 9 5
split_gain=838.292 220.517 288.277 257.162 225.435 240.621 163.971 200.679 222.174 197.719 162.508 151.612 144.26 179.48 185.045 132.498 146.533 132.921 131.965 177.227 131.735 131.13 158.415 129.739 128.735 156.453 126.68 126.034 122.89 122.8
threshold=8.5000000000000018 66774.500000000015 81879.500000000015 59575.000000000007 52.500000000000007 49452.000000000007 97187.500000000015 102132.50000000001 46.500000000000007 80541.000000000015 76.500000000000014 61.500000000000007 56.500000000000007 51779.500000000007 44.500000000000007 90058.000000000015 72786.453125000015 78793.500000000015 61208.800781250007 68072.000000000015 65634.500000000015 84078.500000000015 110507.00000000001 2844115.6250000005 77413.500000000015 68.500000000000014 5198.5000000000009 55085.500000000007 72643.000000000015 63394.500000000007
decision_type=2 2 2 2 2 2 2 2 2 2 2 2 2 2 2 2 2 2 2 2 2 2 2 2 2 2 2 2 2 2
left_child=26 2 3 12 -5 18 7 8 23 10 15 21 29 -14 -15 24 -17 -18 -6 -20 -7 -9 -23 -3 25 28 -1 -16 -10 -2
right_child=1 6 -4 4 5 20 -8 11 9 -11 -12 -13 13 14 27 16 17 -19 19 -21 -22 22 -24 -25 -26 -27 -28 -29 -30 -31
leaf_value=0.006901872241728434 0.00037481595361809575 -0.013621075383854429 0.0015206339010288596 -0.00061761150478077068 -0.008615542507060741 -0.024939853611882109 -0.0098735817189860974 0.0035486061844328155 -0.0053510376261102282 -0.0072028199103429105 -0.021805345762547463 -0.0011453344733338194 0.00012770108556710663 -0.0055442725398853199 -0.031208004385728946 0.001600611914890979 -0.0069019004627367863 -0.00078609886620714274 -0.034798469483018755 0.0027794080747601886 -0.0030029790686208618 -0.0046515558008503486 0.0027393200078361466 0.00057700989822238305 -0.00053102372902010051 -0.0021136407349790498 -0.0024069241421143879 -0.0009591096414407268 -0.01304961338332025 0.0019543824348856953
leaf_weight=14771 8659493 6534 1825987 685429 11032 2781 19789 227268 79877 78821 4087 235416 1303575 117943 1382 176097 48993 129395 5434 1632 174977 52493 64800 428812 119522 121174 1421835 416590 28004 521839
leaf_count=14771 8659493 6534 1825987 685429 11032 2781 19789 227268 79877 78821 4087 235416 1303575 117943 1382 176097 48993 129395 5434 1632 174977 52493 64800 428812 119522 121174 1421835 416590 28004 521839
internal_value=3.20484e-12 0.000213536 0.000350695 0.000171207 -0.00147256 -0.00446458 -0.000820433 -0.000720975 -0.00144834 -0.00245214 -0.00192261 0.000810702 0.000302651 -0.000505643 -0.00204621 -0.00180703 -0.000445715 -0.00246576 -0.0154495 -0.0261193 -0.00334618 0.00214713 -0.000568373 0.000363914 -0.00319141 -0.00457962 -0.00231121 -0.00105913 -0.00734945 0.000464594
internal_weight=1.69858e+07 1.55492e+07 1.37281e+07 1.19021e+07 881285 195856 1.82108e+06 1.80129e+06 1.22132e+06 785970 707149 579977 1.10208e+07 1.83949e+06 535915 703062 354485 178388 18098 7066 177758 344561 117293 435346 348577 229055 1.43661e+06 417972 107881 9.18133e+06
internal_count=16985782 15549176 13728094 11902107 881285 195856 1821082 1801293 1221316 785970 707149 579977 11020822 1839490 535915 703062 354485 178388 18098 7066 177758 344561 117293 435346 348577 229055 1436606 417972 107881 9181332
is_linear=0
shrinkage=0.1


Tree=33
num_leaves=31
num_cat=0
split_feature=0 8 3 1 0 7 4 8 3 2 2 1 0 0 2 1 0 5 7 1 3 1 3 1 1 0 9 1 1 5
split_gain=712.791 228.467 175.722 174.402 216.668 156.417 153.601 126.348 193.47 164.112 141.096 125.846 187.694 101.359 121.361 96.0352 165.183 91.6725 90.3971 86.6925 83.8389 83.4782 83.1 79.8267 76.7841 187.614 74.2924 74.0996 72.7327 103.366
threshold=18.500000000000004 41149.000000000007 51080.500000000007 418.50000000000006 23.500000000000004 8003862.5000000009 11040.000000000002 73120.500000000015 91691.500000000015 52.500000000000007 50.500000000000007 522.50000000000011 30.500000000000004 5.5000000000000009 33.500000000000007 663.50000000000011 37.500000000000007 82124.000000000015 4834964.5000000009 89.500000000000014 52995.500000000007 497.50000000000006 59677.500000000007 603.50000000000011 835.50000000000011 45.500000000000007 36630.500000000007 391.50000000000006 26.500000000000004 50402.000000000007
decision_type=2 2 2 2 2 2 2 2 2 2 2 2 2 2 2 2 2 2 2 2 2 2 2 2 2 2 2 2 2 2
left_child=1 2 6 20 21 -3 -1 8 9 13 -10 -6 23 -7 -15 22 -17 -9 19 -8 -2 -5 -14 -13 -18 -26 -4 -16 -20 -30
right_child=3 5 26 4 11 7 18 17 10 -11 -12 12 15 14 27 16 24 -19 28 -21 -22 -23 -24 -25 25 -27 -28 -29 29 -31
leaf_value=0.0027762670716874171 0.0011081799126467214 -0.0039462299019756173 0.006013864435713061 -0.0011975191083059542 0.0020505565134570159 -0.0023147555606383213 -0.0093049736319502762 -0.0087845648692442563 0.0071196863866297925 -0.0052365448177485868 -0.0001807796205304275 -0.00060102220582111763 0.00067435354446606136 0.0037420490888489173 -0.00052572086294367282 -0.0014741969774119444 0.0012845522746730155 -0.0028265370948707671 -0.0063798110244269223 -0.0024350189956278273 0.0040194740291613585 -0.0044727061076501179 0.0032340872312397631 -0.0030043798470412173 -0.0017946435986830576 0.00036990139162319395 0.0014407538992142008 -0.0054555726276357928 -0.00054247126425772084 0.0092040444876709659
leaf_weight=101589 233943 350896 46821 331546 401123 441492 20294 28087 45530 108609 63252 376796 336101 65380 524788 515490 825983 320610 20492 193597 171383 101691 203688 218251 417250 9935998 147230 32370 394312 11190
leaf_count=101589 233943 350896 46821 331546 401123 441492 20294 28087 45530 108609 63252 376796 336101 65380 524788 515490 825983 320610 20492 193597 171383 101691 203688 218251 417250 9935998 147230 32370 394312 11190
internal_value=6.09645e-13 -0.00142279 -0.000134851 0.000294942 0.000234303 -0.00203101 -0.000835975 -0.00161874 -0.00115949 -0.00153373 0.00287478 0.000306361 0.000251827 -0.00115578 -0.000333849 0.000336181 0.000275989 -0.00330645 -0.00140946 -0.00308684 0.00233916 -0.00196628 0.00164026 -0.00148252 0.000356692 0.000282667 0.00254416 -0.000812137 -0.000567249 -0.000273512
internal_weight=1.69858e+07 2.91654e+06 935525 1.40692e+07 1.36639e+07 1.98101e+06 741474 1.63012e+06 1.28142e+06 1.17264e+06 108782 1.32307e+07 1.28296e+07 1.06403e+06 622538 1.22345e+07 1.16947e+07 348697 639885 213891 405326 433237 539789 595047 1.11792e+07 1.03532e+07 194051 557158 425994 405502
internal_count=16985782 2916539 935525 14069243 13663917 1981014 741474 1630118 1281421 1172639 108782 13230680 12829557 1064030 622538 12234510 11694721 348697 639885 213891 405326 433237 539789 595047 11179231 10353248 194051 557158 425994 405502
is_linear=0
shrinkage=0.1


Tree=34
num_leaves=31
num_cat=0
split_feature=0 8 3 2 0 2 1 0 2 5 9 8 3 9 7 10 3 6 5 2 7 6 8 3 5 9 5 9 5 1
split_gain=585.851 209.898 228.501 211.05 192.86 181.683 158.228 166.854 151.735 126.118 122.952 104.693 101.52 123.146 100.481 195.817 121.63 121.311 101.369 100.325 99.6504 97.3417 96.6083 138.217 131.639 116.597 101.148 118.122 93.1227 92.2587
threshold=20.500000000000004 66774.500000000015 84157.500000000015 47.500000000000007 4.5000000000000009 45.500000000000007 463.50000000000006 26.500000000000004 34.500000000000007 74859.500000000015 60880.500000000007 69991.000000000015 69794.000000000015 52596.500000000007 11455911.500000002 73616.000000000015 90438.500000000015 94546.796875000015 42402.500000000007 37.500000000000007 13780031.000000002 71303.550781250015 52040.500000000007 61676.500000000007 59997.000000000007 57871.500000000007 63821.000000000007 62352.500000000007 72301.500000000015 17.500000000000004
decision_type=2 2 2 2 2 2 2 2 2 2 2 2 2 2 2 2 2 2 2 2 2 2 2 2 2 2 2 2 2 2
left_child=1 2 3 4 20 -4 -2 -8 -6 -3 12 -11 13 -5 15 16 18 -16 -9 -20 -1 -17 23 -10 -24 -26 -27 -28 -29 -22
right_child=6 9 5 10 8 -7 7 14 22 11 -12 -13 -14 -15 17 21 -18 -19 19 -21 29 -23 24 -25 25 26 27 28 -30 -31
leaf_value=-0.0041825904950404382 0.0020729040284287311 -0.0076128631410983666 0.0080654535626175968 -0.0025717442699533261 0.0020299794639063672 0.00080396644078523777 -0.0015586391493224315 0.00055620449850195394 -0.00047833380016928159 0.00076251903233183905 -0.0077175200339445792 -0.0029937340061608106 -5.0202776270204622e-05 -0.0082635949639198875 0.0006165128356479129 -0.032887639029884813 0.0021438402059189006 -0.0065506146682564013 0.0016745782802871777 -0.0004091514552747913 -0.0063397524904007137 -0.0022739980435537697 -0.0066291201819766669 0.003361706987020513 0.004200806436185262 -0.006136682255346331 0.0028356262976493075 -0.0041189747424861889 0.002705982525114932 -0.00071339878930561681
leaf_weight=174373 476795 51087 44875 285426 297470 148399 507946 2429502 630929 87276 47799 495276 132320 43851 5966257 1042 291194 23710 247301 3518365 32179 322992 51456 110087 35865 45710 58109 93747 25411 309033
leaf_count=174373 476795 51087 44875 285426 297470 148399 507946 2429502 630929 87276 47799 495276 132320 43851 5966257 1042 291194 23710 247301 3518365 32179 322992 51456 110087 35865 45710 58109 93747 25411 309033
internal_value=3.23421e-12 -0.00121881 -0.000816471 -0.00108568 -0.00059281 0.00248996 0.000282987 0.00021886 3.60216e-05 -0.00284877 -0.00288958 -0.00243098 -0.00238964 -0.00332975 0.000289395 2.6636e-05 0.000146485 0.000588143 5.26024e-05 -0.000272308 -0.00223785 -0.00237244 -0.00052817 9.21513e-05 -0.00200955 -0.00109121 -0.00194241 -0.000860873 -0.00266352 -0.00124401
internal_weight=1.69858e+07 3.20068e+06 2.56704e+06 2.37376e+06 1.86437e+06 193274 1.37851e+07 1.33083e+07 1.34878e+06 633639 509396 582552 461597 329277 1.28004e+07 6.8104e+06 6.48636e+06 5.98997e+06 6.19517e+06 3.76567e+06 515585 324034 1.05131e+06 741016 310298 258842 222977 177267 119158 341212
internal_count=16985782 3200678 2567039 2373765 1864369 193274 13785104 13308309 1348784 633639 509396 582552 461597 329277 12800363 6810396 6486362 5989967 6195168 3765666 515585 324034 1051314 741016 310298 258842 222977 177267 119158 341212
is_linear=0
shrinkage=0.1


Tree=35
num_leaves=31
num_cat=0
split_feature=0 2 0 1 0 7 0 1 0 3 1 1 2 0 8 3 8 3 8 3 2 3 2 9 3 3 8 2 9 3
split_gain=494.41 163.531 182.885 119.709 147.054 114.127 128.952 110.17 133.616 108.589 104.278 94.175 136.734 91.464 98.3064 169.156 206.804 106.881 104.744 125.178 101.787 94.6669 134.169 112.8 126.595 117.518 104.359 101.91 92.8275 150.259
threshold=8.5000000000000018 40.500000000000007 21.500000000000004 489.50000000000006 27.500000000000004 36324512.000000007 1.0000000180025095e-35 400.50000000000006 16.500000000000004 40322.000000000007 214.50000000000003 62.500000000000007 36.500000000000007 110.50000000000001 66774.500000000015 77969.000000000015 60387.500000000007 74645.000000000015 39487.000000000007 53705.500000000007 56.500000000000007 107802.00000000001 54.500000000000007 79922.500000000015 97138.500000000015 106300.50000000001 82024.000000000015 76.500000000000014 51779.500000000007 55085.500000000007
decision_type=2 2 2 2 2 2 2 2 2 2 2 2 2 2 2 2 2 2 2 2 2 2 2 2 2 2 2 2 2 2
left_child=5 -2 7 -4 -5 11 -7 8 10 -8 -3 -1 -13 14 15 16 18 -18 -6 -20 -21 22 -16 27 -25 -26 -23 -24 -22 -30
right_child=1 2 3 4 13 6 9 -9 -10 -11 -12 12 -14 -15 21 -17 17 -19 19 20 28 26 23 24 25 -27 -28 -29 29 -31
leaf_value=-0.0043254708261437399 0.00080018839567654726 0.0017482524906498884 0.0020767102981099398 -0.001797904831649003 0.00054099923150288719 -0.0036047451999052685 0.006784350855964529 -0.0028076990988027467 0.0014411702865294532 -3.6792447065078712e-05 -0.0017011477143386703 -0.0005099016938770436 -0.0031464659074040683 0.00071438348457663562 -0.00029765422925283314 0.0010343926941404329 -0.0014013339169817631 -0.0056461634736376925 -0.0018839149208826054 0.00028096022840366639 -0.0001749257333611213 0.0022141110163821395 -0.0020012773022160374 -0.017927128287706037 -0.0027843806108271787 -0.018006019378853651 -0.0019967175406645429 -0.021383631141778759 -0.041122493958211992 -0.0023691917217269149
leaf_weight=198206 3206991 100624 307625 403054 2116285 100866 25150 297584 240234 324021 679259 376582 411781 2240900 440018 1589501 169625 91214 465540 1885468 419628 168799 293808 9153 35809 5909 90365 2738 1004 288041
leaf_count=198206 3206991 100624 307625 403054 2116285 100866 25150 297584 240234 324021 679259 376582 411781 2240900 440018 1589501 169625 91214 465540 1885468 419628 168799 293808 9153 35809 5909 90365 2738 1004 288041
internal_value=1.31056e-12 0.000163989 -1.3204e-06 0.000131763 7.59334e-05 -0.00177495 -0.000455277 -0.00111475 -0.000620895 0.000454519 -0.00125609 -0.00237693 -0.00188704 0.000149161 -7.73475e-06 0.000126945 -0.000138356 -0.00288573 9.60698e-08 -0.00037403 -0.000103068 -0.000911903 -0.00145752 -0.00292654 -0.00727704 -0.0049404 0.000745884 -0.00218023 -0.0011248 -0.0025038
internal_weight=1.69858e+07 1.55492e+07 1.23422e+07 1.10245e+07 1.07169e+07 1.43661e+06 450037 1.3177e+06 1.02012e+06 349171 779883 986569 788363 1.03138e+07 8.0729e+06 7.02631e+06 5.4368e+06 260839 5.17597e+06 3.05968e+06 2.59414e+06 1.0466e+06 787435 347417 50871 41718 259164 296546 708673 289045
internal_count=16985782 15549176 12342185 11024484 10716859 1436606 450037 1317701 1020117 349171 779883 986569 788363 10313805 8072905 7026306 5436805 260839 5175966 3059681 2594141 1046599 787435 347417 50871 41718 259164 296546 708673 289045
is_linear=0
shrinkage=0.1


Tree=36
num_leaves=31
num_cat=0
split_feature=0 1 0 1 0 8 7 2 8 3 9 3 7 2 3 1 0 7 6 3 7 4 5 9 5 3 8 5 3 5
split_gain=407.569 195.666 215.765 135.399 211.442 129.167 111.963 110.995 139.467 144.799 113.964 201.527 128.352 122.157 136.332 104.913 117.869 103.148 93.1336 92.1472 89.9375 87.0636 85.9951 99.2947 112.288 99.1219 110.644 103.35 96.1004 147.182
threshold=10.500000000000002 250.50000000000003 13.500000000000002 312.50000000000006 19.500000000000004 27742.500000000004 1179728.9375000002 62.500000000000007 97187.500000000015 102132.50000000001 80541.000000000015 81879.500000000015 4474299.0000000009 47.500000000000007 91691.500000000015 365.50000000000006 15.500000000000002 66147280.000000007 80556.199218750015 100204.00000000001 18007172.000000004 73635.500000000015 82773.500000000015 71851.000000000015 73266.000000000015 81879.500000000015 60387.500000000007 70460.000000000015 100204.00000000001 78793.500000000015
decision_type=2 2 2 2 2 2 2 2 2 2 2 2 2 2 2 2 2 2 2 2 2 2 2 2 2 2 2 2 2 2
left_child=5 -2 -3 -4 15 -1 -7 8 9 10 22 18 -13 14 21 16 -5 -11 -12 -15 -8 -14 23 25 -25 26 -6 -28 -26 -30
right_child=1 2 3 4 7 6 20 -9 -10 17 11 12 13 19 -16 -17 -18 -19 -20 -21 -22 -23 -24 24 28 -27 27 -29 29 -31
leaf_value=0.00098709043070806224 0.003090008106180629 -0.002598105583258323 0.0026492593663779381 -0.0025896022228989353 0.00032178638721126193 -0.020211887656653951 -0.0025725396525610195 -0.00059309927634872519 -0.011619394742152872 0.0028691717794248912 -0.018593264080748663 -0.026695939797963072 -0.0033197123538931507 -0.0087247642681428459 0.0044517305828536647 -0.0028696206660500292 0.0014022542671975615 -0.0011270152135698206 0.0097447139611599714 0.00134680623568101 -0.0010363334279574624 -0.020951848337463774 0.0034376595935820681 -0.0250638504431583 -0.00079435889372543242 0.0011962161064881602 -0.001916749317874654 0.00050890767329227931 -0.022608591996631525 -0.0014119476413473947
leaf_weight=193530 225412 286115 217822 128824 9332589 3279 681785 1500594 9780 349982 1256 2506 14655 47759 27899 333288 173711 79209 15136 11218 864133 3462 86369 1954 461968 1183729 442369 291332 5167 8950
leaf_count=193530 225412 286115 217822 128824 9332589 3279 681785 1500594 9780 349982 1256 2506 14655 47759 27899 333288 173711 79209 15136 11218 864133 3462 86369 1954 461968 1183729 442369 291332 5167 8950
internal_value=1.3792e-12 0.000165629 0.000121735 0.000174559 0.000137419 -0.0014487 -0.00175299 0.000219117 0.000317588 0.000327028 0.00026215 -0.00275502 -0.00432994 -0.0037961 6.54804e-05 -0.00164578 -0.000297539 0.00213166 0.00757338 -0.00680905 -0.00171384 -0.00668906 0.00029379 0.000270637 -0.00114091 0.000330617 0.000228828 -0.000953589 -0.00104272 -0.00917019
internal_weight=1.69858e+07 1.52431e+07 1.50176e+07 1.47315e+07 1.45137e+07 1.74273e+06 1.5492e+06 1.38779e+07 1.23773e+07 1.23675e+07 1.19383e+07 123891 107499 104993 46016 635823 302535 429191 16392 58977 1.54592e+06 18117 1.18144e+07 1.17281e+07 478039 1.125e+07 1.00663e+07 733701 476085 14117
internal_count=16985782 15243055 15017643 14731528 14513706 1742727 1549197 13877883 12377289 12367509 11938318 123891 107499 104993 46016 635823 302535 429191 16392 58977 1545918 18117 11814427 11728058 478039 11250019 10066290 733701 476085 14117
is_linear=0
shrinkage=0.1


Tree=37
num_leaves=31
num_cat=0
split_feature=0 1 9 3 9 5 5 3 8 2 4 2 5 3 3 2 6 2 9 8 2 3 8 2 3 3 4 8 8 9
split_gain=342.881 149.286 137.873 189.213 140.739 278.768 160.051 134.632 155.472 176.061 136.81 131.806 121.034 119.1 128.073 115.06 108.214 119.67 105.777 104.886 100.034 98.2088 118.049 157.076 212.358 141.202 134.775 132.124 133.019 121.804
threshold=7.5000000000000009 178.50000000000003 81255.500000000015 102132.50000000001 69843.500000000015 72944.500000000015 82773.500000000015 81879.500000000015 59575.000000000007 50.500000000000007 50815.500000000007 73.500000000000014 83439.500000000015 81879.500000000015 97138.500000000015 48.500000000000007 76592.000000000015 50.500000000000007 79922.500000000015 59791.500000000007 65.500000000000014 77450.500000000015 41149.000000000007 42.500000000000007 53705.500000000007 53266.500000000007 52544.000000000007 48101.500000000007 42082.500000000007 48628.000000000007
decision_type=2 2 2 2 2 2 2 2 2 2 2 2 2 2 2 2 2 2 2 2 2 2 2 2 2 2 2 2 2 2
left_child=-1 -2 3 4 7 -6 11 8 21 -10 19 18 -4 -14 16 -9 -15 -18 -7 -11 -5 22 -3 -24 25 -25 27 28 -27 -26
right_child=1 2 12 20 5 6 -8 15 9 10 -12 -13 13 14 -16 -17 17 -19 -20 -21 -22 -23 23 24 29 26 -28 -29 -30 -31
leaf_value=-0.0015733005305677223 0.0035577756002328322 0.00041669240427485001 -0.026575727846798677 0.002928166736197908 -0.0083607552668925837 -0.00097678680901230192 0.0025002243839327871 0.0029248993899072453 -0.00027497604812362555 -0.02366674046579216 -0.0025039946581008059 -0.01906271092929937 0.0082342206592780753 0.0066419329866148485 -0.001010423401273768 0.00064976900527338526 -0.0046344218959566193 -0.015008494918913946 -0.012075596849455833 -0.0071497137398792709 0.00017469667052752387 0.0015059461660040935 0.00066056836918884632 -0.0021379329089592529 0.0006725972768421829 -0.031792011377173468 0.0082049875737811064 -0.026435147072738613 -0.0062574636784551267 -0.00069439880439461129
leaf_weight=1280773 125913 5416895 1941 365705 49464 855158 137390 267989 645120 4518 254103 4099 12096 6626 342780 1303421 54804 13950 8674 25795 206417 515194 1371323 373619 893462 2204 4292 4563 27439 2410055
leaf_count=1280773 125913 5416895 1941 365705 49464 855158 137390 267989 645120 4518 254103 4099 12096 6626 342780 1303421 54804 13950 8674 25795 206417 515194 1371323 373619 893462 2204 4292 4563 27439 2410055
internal_value=1.23816e-12 0.000128306 0.000100588 0.000150839 8.08139e-05 -0.00103172 -0.000671112 0.00016761 5.31712e-05 -0.00118878 -0.00326151 -0.00117312 -0.00166054 -0.00154814 -0.00183111 0.00103777 -0.00556307 -0.00673929 -0.00108823 -0.00961149 0.00193474 0.000157939 9.18219e-05 -0.000254119 -0.000591702 -0.00273211 -0.00849852 -0.0105944 -0.00815599 -0.000324684
internal_weight=1.69858e+07 1.5705e+07 1.55791e+07 1.51469e+07 1.45748e+07 1.05478e+06 1.00532e+06 1.352e+07 1.19486e+07 929536 284416 867931 432197 430256 418160 1.57141e+06 75380 68754 863832 30313 572122 1.1019e+07 1.05039e+07 5.08696e+06 3.71563e+06 412117 38498 34206 29643 3.30352e+06
internal_count=16985782 15705009 15579096 15146899 14574777 1054785 1005321 13519992 11948582 929536 284416 867931 432197 430256 418160 1571410 75380 68754 863832 30313 572122 11019046 10503852 5086957 3715634 412117 38498 34206 29643 3303517
is_linear=0
shrinkage=0.1


Tree=38
num_leaves=31
num_cat=0
split_feature=0 1 0 8 7 3 1 0 1 1 0 3 2 4 7 5 9 5 2 1 3 4 3 9 0 1 1 0 1 0
split_gain=289.773 148.4 163.876 140.25 130.216 97.9952 94.7755 106.025 88.204 86.3532 137.505 85.6031 82.7882 75.9395 95.3361 75.6639 86.4227 95.7149 75.2743 74.6846 73.8534 71.3836 67.6805 66.3693 65.9024 96.4248 69.1372 136.749 64.0062 63.1259
threshold=14.500000000000002 330.50000000000006 19.500000000000004 35765.000000000007 27242074.000000004 51080.500000000007 427.50000000000006 23.500000000000004 26.500000000000004 531.50000000000011 29.500000000000004 46169.500000000007 46.500000000000007 5198.5000000000009 787789.46875000012 41005.000000000007 63646.500000000007 66725.500000000015 48.500000000000007 382.50000000000006 72237.500000000015 44174.500000000007 30451.000000000004 35500.500000000007 108.50000000000001 1955.5000000000002 654.50000000000011 34.500000000000007 26.500000000000004 90.500000000000014
decision_type=2 2 2 2 2 2 2 2 2 2 2 2 2 2 2 2 2 2 2 2 2 2 2 2 2 2 2 2 2 2
left_child=3 5 19 11 15 -2 21 -8 -6 -9 -11 12 13 -1 22 -5 17 18 20 -3 -17 -4 -15 -13 25 26 -12 -28 -16 -29
right_child=1 2 6 4 8 -7 7 9 -10 10 24 23 -14 14 28 16 -18 -19 -20 -21 -22 -23 -24 -25 -26 -27 27 29 -30 -31
leaf_value=0.0065237244086186492 0.00078306279626378858 -0.00048946773905154549 0.0011228408523786986 -0.0085110079771339251 -0.0029020538532837101 0.0045154001159837106 -0.0015627355531595858 0.0015668769411271634 0.00013431016065489329 -0.0015819686550580443 0.0012426462167578508 0.0058879868206598608 -0.0045025625007758842 -0.0072725226905057134 -0.0056900817795264005 -0.0014668968743770188 -0.0032761808465296216 0.0033451426574863672 -0.0038165582266290947 -0.0029248670752542501 0.003132690130084527 0.0048642026986198163 -0.040968497309029177 0.00071773758627820304 0.0006193563892296478 -0.0013904756195949515 -0.0020450629327651263 1.4265203553333201e-05 0.00052739757423040322 0.00071236853310522837
leaf_weight=18341 160189 264315 225446 18178 114667 125428 353547 441565 577510 445249 541371 45038 40639 10489 17426 536735 361300 40346 131945 240485 37337 65904 632 55330 2946816 427234 293155 6499273 332194 1617698
leaf_count=18341 160189 264315 225446 18178 114667 125428 353547 441565 577510 445249 541371 45038 40639 10489 17426 536735 361300 40346 131945 240485 37337 65904 632 55330 2946816 427234 293155 6499273 332194 1617698
internal_value=8.49866e-13 0.000165019 0.000120133 -0.00103381 -0.00144805 0.00242211 0.000184604 0.000146279 -0.000368698 0.00019201 0.000144472 0.000414231 -0.000213138 0.000246704 -7.2436e-05 -0.00211165 -0.00200663 -0.00139206 -0.00166277 -0.00164968 -0.00116774 0.00196914 -0.00918745 0.00303778 0.000206838 7.72241e-05 0.000147274 7.67634e-05 0.000217502 0.000153396
internal_weight=1.69858e+07 1.46477e+07 1.43621e+07 2.33811e+06 1.81802e+06 285617 1.38573e+07 1.35659e+07 692177 1.32124e+07 1.27708e+07 520089 419721 379082 360741 1.12584e+06 1.10766e+06 746363 706017 504800 574072 291350 11121 100368 1.23255e+07 9.37873e+06 8.9515e+06 8.41013e+06 349620 8.11697e+06
internal_count=16985782 14647675 14362058 2338107 1818018 285617 13857258 13565908 692177 13212361 12770796 520089 419721 379082 360741 1125841 1107663 746363 706017 504800 574072 291350 11121 100368 12325547 9378731 8951497 8410126 349620 8116971
is_linear=0
shrinkage=0.1


Tree=39
num_leaves=31
num_cat=0
split_feature=0 8 7 0 4 3 4 7 2 7 2 8 4 2 3 4 2 7 2 4 3 9 3 9 10 8 0 7 10 8
split_gain=245.583 145.653 135.403 148.323 161.01 203.544 198.718 163.156 152.441 141.143 118.857 126.157 121.114 106.901 93.853 91.4224 90.3967 88.2429 110.666 104.934 94.5287 117.373 85.0563 204.997 217.437 115.05 88.2509 86.9073 98.7565 94.4382
threshold=5.5000000000000009 97187.500000000015 13026017.000000002 68.500000000000014 68149.000000000015 84484.000000000015 59408.500000000007 2112803.1250000005 49.500000000000007 7565030.2500000009 55.500000000000007 54582.500000000007 59022.000000000007 43.500000000000007 117405.50000000001 52288.500000000007 65.500000000000014 4908946.2500000009 64.500000000000014 70553.500000000015 107802.00000000001 79244.000000000015 102132.50000000001 71485.500000000015 72794.500000000015 64994.500000000007 11.500000000000002 23927655.000000004 74018.000000000015 70707.500000000015
decision_type=2 2 2 2 2 2 2 2 2 2 2 2 2 2 2 2 2 2 2 2 2 2 2 2 2 2 2 2 2 2
left_child=-1 2 3 4 5 6 10 -8 -7 -10 12 15 -2 -4 -3 -12 -16 20 -19 -20 21 -6 23 26 25 -25 -15 29 -29 -26
right_child=1 14 13 -5 17 8 7 -9 9 -11 11 -13 -14 22 16 -17 -18 18 19 -21 -22 -23 -24 24 27 -27 -28 28 -30 -31
leaf_value=-0.0015496156908735056 -0.00023692930275365072 -0.021264624698089783 0.0010202219602507116 0.00026761417859691265 -0.0057635016367518195 0.0065811587687477184 -0.014205287434610326 -0.0028190197202434281 0.003499929102378545 -0.0010390241822052153 -0.0012052906256961931 -0.004827597057488326 0.0073294529242130925 -0.0020461370358829559 -0.0079518854855416925 0.0098352960165353394 0.0099821839349288066 -0.0013058065649014705 0.0079648703187479228 -0.014284276660769382 0.0049648736795831309 -0.018273831548857013 0.0013170131781308414 -0.0022692983626054391 0.00030737691494196425 -0.024297005607384792 0.00035194880782951317 -0.0092478101628863611 3.3577621444129745e-05 -0.0048834418651231767
leaf_weight=964625 3222909 4219 2171558 4423495 32379 58746 13382 211202 123104 154479 565112 105119 21295 160360 16055 7601 3407 147466 2568 12145 5791 9760 570318 3689 48781 6637 3565481 12102 217490 124507
leaf_count=964625 3222909 4219 2171558 4423495 32379 58746 13382 211202 123104 154479 565112 105119 21295 160360 16055 7601 3407 147466 2568 12145 5791 9760 570318 3689 48781 6637 3565481 12102 217490 124507
internal_value=1.09639e-12 9.33015e-05 0.000104902 -0.000147851 -0.000539452 -0.000412646 -0.000604549 -0.00349748 0.00195334 0.000973935 -0.000438894 -0.00164324 -0.000187263 0.000439776 -0.00774349 -0.00105876 -0.00481236 -0.00324502 -0.00213092 -0.0104009 -0.00701476 -0.00866107 0.000172123 1.43692e-05 -0.00209889 -0.0164275 0.000248735 -0.00173164 -0.000455653 -0.00342221
internal_weight=1.69858e+07 1.60212e+07 1.59975e+07 9.11655e+06 4.69306e+06 4.48295e+06 4.14662e+06 224584 336329 277583 3.92204e+06 677832 3.2442e+06 6.88092e+06 23681 572713 19462 210109 162179 14713 47930 42139 4.70936e+06 4.13905e+06 413206 10326 3.72584e+06 402880 229592 173288
internal_count=16985782 16021157 15997476 9116553 4693058 4482949 4146620 224584 336329 277583 3922036 677832 3244204 6880923 23681 572713 19462 210109 162179 14713 47930 42139 4709365 4139047 413206 10326 3725841 402880 229592 173288
is_linear=0
shrinkage=0.1


Tree=40
num_leaves=31
num_cat=0
split_feature=0 1 1 0 0 8 7 5 1 0 1 7 1 8 3 0 2 9 3 7 9 7 5 4 3 10 3 8 3 10
split_gain=202.7 129.284 117.567 114.387 106.369 113.341 102.108 95.7204 92.0998 124.798 78.9367 73.7691 73.24 69.6444 65.9628 65.8899 65.2614 88.1759 74.09 66.3122 64.6213 112.571 103.901 104.582 79.2672 78.3488 70.5546 97.2675 81.3345 119.401
threshold=16.500000000000004 339.50000000000006 365.50000000000006 21.500000000000004 13.500000000000002 36229.000000000007 27799697.000000004 55081.500000000007 497.50000000000006 27.500000000000004 295.50000000000006 2658228.3750000005 445.50000000000006 18049.000000000004 53266.500000000007 1.0000000180025095e-35 63.500000000000007 102383.50000000001 110507.00000000001 58975930.000000007 79922.500000000015 4474299.0000000009 80853.500000000015 70553.500000000015 81879.500000000015 79552.500000000015 88425.500000000015 67101.000000000015 78286.500000000015 73616.000000000015
decision_type=2 2 2 2 2 2 2 2 2 2 2 2 2 2 2 2 2 2 2 2 2 2 2 2 2 2 2 2 2 2
left_child=1 4 7 12 5 11 -7 -2 14 -10 -6 -1 -4 -13 -5 -8 17 18 20 -20 22 -22 23 25 -23 26 27 -11 29 -29
right_child=2 -3 3 8 10 6 15 -9 9 16 -12 13 -14 -15 -16 -17 -18 -19 19 -21 21 24 -24 -25 -26 -27 -28 28 -30 -31
leaf_value=-0.0024002879265793034 0.0010834450745273651 -0.0035652553278955144 -0.00062672223035507716 0.00036736548638824904 0.0031251862998513211 -0.0018698145929765524 -0.0026110149939163169 0.0052512612524448464 -0.001556942794890791 0.00021807052343443447 -0.00024229241388678708 0.0042766860784827108 -0.0033192387208244249 0.00047948654445063155 0.0026508836852457149 0.00016310273761600076 -0.00052798657996748738 -0.010766838315750399 0.0033783090634850483 -0.0010618873203684747 -0.014115029507539664 0.0055980961878893433 0.0027034004118738596 -0.0050113147740831754 -0.0016064311861742155 -0.022644625418735811 0.0011310780614010932 0.003071609739475378 -0.0027146875237514458 -0.0038442942286495418
leaf_weight=76103 219272 159643 365364 258465 121038 1040638 101508 73601 434062 9647770 163828 55700 139636 363631 247761 546972 1218584 7271 134310 44872 6814 16516 170106 38188 202677 1497 811258 71235 209030 38432
leaf_count=76103 219272 159643 365364 258465 121038 1040638 101508 73601 434062 9647770 163828 55700 139636 363631 247761 546972 1218584 7271 134310 44872 6814 16516 170106 38188 202677 1497 811258 71235 209030 38432
internal_value=1.13524e-12 -0.000807256 0.000147828 0.000106532 -0.000628956 -0.000865957 -0.00125606 0.00213085 0.000161572 0.000110245 0.00118853 0.000464035 -0.00137122 0.000983871 0.00148498 -0.000271136 0.000167594 0.000241947 0.000248973 0.00226636 0.000216737 -0.00145707 0.000251166 0.000212605 -0.00106358 0.000231112 0.000234289 0.000161291 -0.00155756 0.000647982
internal_weight=1.69858e+07 2.62906e+06 1.43567e+07 1.40638e+07 2.46942e+06 2.18455e+06 1.68912e+06 292873 1.35588e+07 1.30526e+07 284866 495434 505000 419331 506226 648480 1.26186e+07 1.14e+07 1.13927e+07 179182 1.12135e+07 226007 1.09875e+07 1.08174e+07 219193 1.07792e+07 1.07777e+07 9.96647e+06 318697 109667
internal_count=16985782 2629061 14356721 14063848 2469418 2184552 1689118 292873 13558848 13052622 284866 495434 505000 419331 506226 648480 12618560 11399976 11392705 179182 11213523 226007 10987516 10817410 219193 10779222 10777725 9966467 318697 109667
is_linear=0
shrinkage=0.1


Tree=41
num_leaves=31
num_cat=0
split_feature=0 2 0 2 7 3 9 9 3 9 3 4 9 5 1 0 1 1 0 7 9 3 4 5 2 3 3 9 8 2
split_gain=176.069 120.57 127.641 88.7261 80.2498 75.3158 188.307 142.199 155.694 99.5808 105.969 95.1876 77.1912 76.5111 73.4969 80.2377 115.371 74.8372 98.6364 72.032 124.199 153.726 123.737 98.8297 76.7863 76.2717 73.4458 126.834 86.1046 92.4098
threshold=5.5000000000000009 38.500000000000007 18.500000000000004 60.500000000000007 36324512.000000007 91691.500000000015 76222.000000000015 61068.000000000007 69794.000000000015 50014.500000000007 53485.500000000007 66757.000000000015 66293.500000000015 55081.500000000007 409.50000000000006 77.500000000000014 1448.5000000000002 1617.5000000000002 93.500000000000014 11455911.500000002 72643.000000000015 90438.500000000015 60627.000000000007 65056.000000000007 68.500000000000014 89213.000000000015 66147.000000000015 61546.500000000007 45479.000000000007 55.500000000000007
decision_type=2 2 2 2 2 2 2 2 2 2 2 2 2 2 2 2 2 2 2 2 2 2 2 2 2 2 2 2 2 2
left_child=4 -2 3 5 -1 7 11 8 9 10 -3 12 -7 -11 -4 16 19 -17 -19 20 21 22 26 -24 -23 -25 27 28 -16 -30
right_child=1 2 14 -5 -6 6 -8 -9 -10 13 -12 -13 -14 -15 15 17 -18 18 -20 -21 -22 24 23 25 -26 -27 -28 -29 29 -31
leaf_value=-0.0020192282278530911 0.0007160726982730377 -0.0013936928948330152 0.0018913071520142545 -0.0042037363169044736 -0.0001356137119931675 0.0079207436040126637 -0.0019041995032200471 -0.0030632808297024567 0.002219649511875461 -0.0077121473231969301 0.0015683266964756364 0.015938998783699653 0.0010608497731162149 -0.0021996568197190014 -0.00020102633048119873 0.00090301515623577395 -0.0021038987951082838 -0.0010508951355361147 0.00029425041650688407 0.00024630624103847955 -0.0031862515428713774 0.0042396622303624209 -0.026009499316709823 -0.0025924861945224188 -0.0011345209438618669 -0.014616766954345143 0.00055894285745616173 -0.010506057121841193 -0.001200591418074403 -0.0053269738077583
leaf_weight=602494 2506048 368201 216553 78683 362131 27138 87074 265373 178009 30577 179745 7098 41469 142608 1486102 1527588 307450 646215 3484838 2839945 157594 106839 1907 129111 35394 5500 703407 12926 384575 63190
leaf_count=602494 2506048 368201 216553 78683 362131 27138 87074 265373 178009 30577 179745 7098 41469 142608 1486102 1527588 307450 646215 3484838 2839945 157594 106839 1907 129111 35394 5500 703407 12926 384575 63190
internal_value=1.64702e-13 7.90007e-05 -3.91288e-05 -0.000941017 -0.0013121 -0.0007476 0.0012672 -0.00102924 -0.000428905 -0.00108269 -0.000422049 0.00491487 0.00377433 -0.00317292 6.55882e-05 3.23435e-05 -0.000215128 0.000304975 8.38311e-05 -0.000117144 -0.000451557 -0.000304415 -0.000468086 -0.00340403 0.00290232 -0.00308378 -0.000316848 -0.000633286 -0.000567296 -0.00178292
internal_weight=1.69858e+07 1.60212e+07 1.35151e+07 1.40598e+06 964625 1.32729e+06 162779 1.16451e+06 899140 721131 547946 75705 68607 173185 1.21091e+07 1.18926e+07 6.23394e+06 5.65864e+06 4.13105e+06 5.92649e+06 3.08654e+06 2.92895e+06 2.78672e+06 136518 142233 134611 2.6502e+06 1.94679e+06 1.93387e+06 447765
internal_count=16985782 16021157 13515109 1405975 964625 1327292 162779 1164513 899140 721131 547946 75705 68607 173185 12109134 11892581 6233940 5658641 4131053 5926490 3086545 2928951 2786718 136518 142233 134611 2650200 1946793 1933867 447765
is_linear=0
shrinkage=0.1


Tree=42
num_leaves=31
num_cat=0
split_feature=8 3 8 0 3 9 5 3 7 2 10 2 10 7 8 5 0 9 0 5 2 2 9 5 10 1 7 4 4 3
split_gain=160.522 165.285 157.15 133.107 124.178 150.239 161.224 132.388 119.866 113.562 138.148 101.259 111.526 122.885 100.341 120.836 119.507 111.812 97.7717 115.688 92.3993 91.6062 89.139 155.577 92.4085 86.4056 83.18 83.1617 172.772 127.993
threshold=78720.500000000015 91691.500000000015 59575.000000000007 62.500000000000007 68180.500000000015 48628.000000000007 63175.500000000007 58166.500000000007 2112803.1250000005 62.500000000000007 57136.500000000007 59.500000000000007 54289.000000000007 7398107.5000000009 35370.000000000007 50402.000000000007 21.500000000000004 45751.000000000007 32.500000000000007 51282.500000000007 64.500000000000014 46.500000000000007 55425.500000000007 55625.500000000007 53825.500000000007 1303.5000000000002 4988278.5000000009 61330.000000000007 54328.500000000007 90895.000000000015
decision_type=2 2 2 2 2 2 2 2 2 2 2 2 2 2 2 2 2 2 2 2 2 2 2 2 2 2 2 2 2 2
left_child=1 2 4 8 5 7 11 14 -4 -6 -11 18 -13 -14 -1 16 17 -16 19 -7 25 -10 23 24 -21 -3 -2 28 29 -23
right_child=26 20 3 -5 9 6 -8 -9 21 10 -12 12 13 -15 15 -17 -18 -19 -20 22 -22 27 -24 -25 -26 -27 -28 -29 -30 -31
leaf_value=0.00031610840365598283 -0.007767979041217757 0.0022951984161156251 -0.0086836347759029885 4.6357427457787743e-05 0.00097314994179407218 -0.010225871661146808 0.0014050293216759961 0.0012418797910914217 -0.00065120317473888996 0.00051614387846678656 -0.0028844801103065291 -0.0019967967105529345 -0.0024727049293850828 -0.015278416897158979 -0.0017133218997451181 0.0015062935622377842 -0.00041543735759454084 -0.0068579110808781336 -0.00044094372579270736 -0.0021452520481087061 -0.00032984198742743153 -0.004150460433896724 -0.0036047234448426621 0.00089586377371354213 -0.0087866461137627149 0.00053453891893402163 -0.0014105955834095316 -0.0041485405923549672 0.00014490860832700117 -0.029258918153485178
leaf_weight=3718451 21382 623396 22534 1069105 2352024 16372 308496 978781 790820 349609 181469 74328 14232 15827 329103 264668 1784401 48468 1479633 187680 361207 114121 176349 224076 23583 504153 549242 173383 226822 2067
leaf_count=3718451 21382 623396 22534 1069105 2352024 16372 308496 978781 790820 349609 181469 74328 14232 15827 329103 264668 1784401 48468 1479633 187680 361207 114121 176349 224076 23583 504153 549242 173383 226822 2067
internal_value=2.22774e-13 5.73161e-05 -4.2898e-05 -0.000784397 9.90887e-05 -7.30511e-05 -0.000736582 0.00016172 -0.00145232 0.000674925 -0.000645847 -0.00103525 -0.00407542 -0.00921531 -1.0326e-05 -0.000510536 -0.000757436 -0.00237372 -0.000884682 -0.00193007 0.00106207 -0.00132766 -0.00170803 -0.000939716 -0.00288662 0.00150797 -0.00164881 -0.00236361 -0.00146137 -0.00459714
internal_weight=1.69858e+07 1.64152e+07 1.49264e+07 2.39885e+06 1.25276e+07 9.64445e+06 2.52058e+06 7.12387e+06 1.32975e+06 2.8831e+06 531078 2.21208e+06 104387 30059 6.14509e+06 2.42664e+06 2.16197e+06 377571 2.10769e+06 628060 1.48876e+06 1.30721e+06 611688 435339 211263 1.12755e+06 570624 516393 343010 116188
internal_count=16985782 16415158 14926402 2398852 12527550 9644448 2520576 7123872 1329747 2883102 531078 2212080 104387 30059 6145091 2426640 2161972 377571 2107693 628060 1488756 1307213 611688 435339 211263 1127549 570624 516393 343010 116188
is_linear=0
shrinkage=0.1


Tree=43
num_leaves=31
num_cat=0
split_feature=1 8 2 0 1 0 1 0 2 7 1 0 2 3 4 0 9 3 3 2 3 7 7 4 4 3 4 4 5 10
split_gain=139.118 134.537 102.662 124.625 122.424 129.385 81.511 131.182 65.9238 60.7667 60.1144 65.7975 59.6034 90.3608 70.7478 68.2772 67.7909 100.351 100.262 126.059 77.529 66.9114 61.4123 61.0696 60.7925 59.0188 57.9634 58.7727 57.0916 127.179
threshold=53.500000000000007 97187.500000000015 34.500000000000007 10.500000000000002 259.50000000000006 14.500000000000002 348.50000000000006 18.500000000000004 47.500000000000007 48370718.000000007 304.50000000000006 12.500000000000002 63.500000000000007 110507.00000000001 74646.500000000015 39.500000000000007 80541.000000000015 81879.500000000015 97138.500000000015 50.500000000000007 91691.500000000015 60924726.000000007 3660568.5000000005 51209.000000000007 63897.500000000007 103108.50000000001 66245.000000000015 24038.000000000004 80853.500000000015 78428.000000000015
decision_type=2 2 2 2 2 2 2 2 2 2 2 2 2 2 2 2 2 2 2 2 2 2 2 2 2 2 2 2 2 2
left_child=9 2 -2 8 -5 10 -7 -8 -4 -1 11 -6 13 16 15 23 20 -18 19 22 28 -15 -19 -14 -21 -25 27 -20 29 -9
right_child=1 -3 3 4 5 6 7 12 -10 -11 -12 -13 14 21 -16 -17 17 18 26 24 -22 -23 -24 25 -26 -27 -28 -29 -30 -31
leaf_value=-0.0031874840683547481 0.00086308829437576121 -0.005993817490211965 -0.00071641120823803263 0.0024133805183224216 -0.0025782815301875865 0.0017407872093902852 -0.0020775039844544954 6.7261996664848571e-05 -0.0028048495247913626 -0.00058647309451855727 -0.0036089806569517928 0.00090337246710716257 -0.00090101124056256223 0.003310920818501057 -0.003878258214161278 -0.00010280436037762289 0.0062831428430255663 -0.024197498157828481 0.0044366120067463495 0.0077913644042882056 0.0011225897243513899 -0.00096410591179450777 -0.0020557007149665726 -0.007957559366501046 -0.014058266293225034 -0.0016135902221985745 0.00033405797726792177 -0.0074976050214879998 0.0025472716627277592 -0.0070976876195045953
leaf_weight=188011 1437731 36846 717562 216099 111343 283641 289591 10543348 191480 171989 128586 105912 114470 149414 61629 1051268 14752 1289 5211 1375 752065 48495 44420 30114 17232 28584 106286 19829 92378 24832
leaf_count=188011 1437731 36846 717562 216099 111343 283641 289591 10543348 191480 171989 128586 105912 114470 149414 61629 1051268 14752 1289 5211 1375 752065 48495 44420 30114 17232 28584 106286 19829 92378 24832
internal_value=4.06579e-13 4.21122e-05 5.55188e-05 -2.11133e-05 5.13441e-05 1.49523e-05 6.32432e-05 2.77252e-05 -0.00115632 -0.00194486 -0.00189526 -0.000880972 7.42389e-05 0.000144577 -0.000572276 -0.000405877 0.000108499 -0.0016702 -0.00226991 -0.00550475 0.00014129 0.00226338 -0.0026801 -0.00224577 -0.0124436 -0.00486825 -0.000685661 -0.00501401 7.20627e-05 5.04266e-05
internal_weight=1.69858e+07 1.66258e+07 1.65889e+07 1.51512e+07 1.42422e+07 1.40261e+07 1.36802e+07 1.33966e+07 909042 360000 345841 217255 1.3107e+07 1.18209e+07 1.28606e+06 1.22444e+06 1.1623e+07 210394 195642 64316 1.14126e+07 197909 45709 173168 18607 58698 131326 25040 1.06606e+07 1.05682e+07
internal_count=16985782 16625782 16588936 15151205 14242163 14026064 13680223 13396582 909042 360000 345841 217255 13106991 11820926 1286065 1224436 11623017 210394 195642 64316 11412623 197909 45709 173168 18607 58698 131326 25040 10660558 10568180
is_linear=0
shrinkage=0.1


Tree=44
num_leaves=31
num_cat=0
split_feature=8 3 8 3 8 5 3 4 3 2 2 3 0 2 3 10 5 10 8 3 0 3 3 4 2 8 4 10 1 3
split_gain=116.537 128.417 111.179 137.251 136 118.872 163.394 110.957 127.025 93.2742 90.7178 99.7313 77.9128 78.6834 97.9046 110.732 108.506 121.843 101.478 96.329 87.7718 86.3054 97.8285 83.4015 82.3706 81.9258 108.289 79.6835 77.6619 76.6131
threshold=83702.500000000015 106300.50000000001 66774.500000000015 77969.000000000015 60387.500000000007 70460.000000000015 75356.500000000015 58454.500000000007 77782.000000000015 81.500000000000014 68.500000000000014 78506.500000000015 60.500000000000007 61.500000000000007 95124.500000000015 77334.500000000015 79836.000000000015 77782.500000000015 73517.500000000015 82960.000000000015 2.5000000000000004 88425.500000000015 88800.000000000015 68791.000000000015 51.500000000000007 67101.000000000015 59022.000000000007 76874.500000000015 1026.5000000000002 59457.000000000007
decision_type=2 2 2 2 2 2 2 2 2 2 2 2 2 2 2 2 2 2 2 2 2 2 2 2 2 2 2 2 2 2
left_child=1 2 3 4 -1 6 29 -8 -9 12 28 -12 13 14 16 -16 17 21 20 -20 -18 -4 -23 24 -24 26 -26 -25 -5 -6
right_child=-2 -3 9 10 5 -7 7 8 -10 -11 11 -13 -14 -15 15 -17 18 -19 19 -21 -22 22 23 27 25 -27 -28 -29 -30 -31
leaf_value=1.6048091617509267e-05 -0.0019185878837529651 0.0015880214179561812 -0.0035126378115517584 0.0016976942107544872 0.0053180069513056065 0.00041456559237506478 -0.0096844014981738065 -0.00048969518503963895 -0.017595854646447948 -0.020840714031206339 -0.016702135432632038 -0.0008167161725933941 3.7148790298987573e-06 -0.0055015999110432975 0.0045917340887853568 -0.00081998857924802369 -0.001693729971725241 -0.012973965710300918 0.00067283583574430925 -0.003598610561991638 0.0045942442283582177 0.013871673240768316 0.0036946249595875714 -0.02256152167942875 0.010228205365794045 -0.0021119912841798898 -0.042646612159349846 -0.0021744656763675835 0.00047288695016105059 -0.0017845149223806424
leaf_weight=11553080 310799 516453 254612 874102 15925 221522 45920 36276 4931 2322 4020 234178 697938 44684 55712 117662 34881 11767 98744 113464 61057 4963 36559 3179 588 27012 1135 4830 1269656 327811
leaf_count=11553080 310799 516453 254612 874102 15925 221522 45920 36276 4931 2322 4020 234178 697938 44684 55712 117662 34881 11767 98744 113464 61057 4963 36559 3179 588 27012 1135 4830 1269656 327811
internal_value=-1.10217e-13 3.57599e-05 -1.38529e-05 7.22315e-05 -6.32742e-05 -0.00146799 -0.00243588 -0.00630387 -0.00253669 -0.000813129 0.000766581 -0.00108481 -0.000783486 -0.00141438 -0.00119332 0.000919014 -0.00175434 -0.00297341 -0.000390862 -0.00161103 0.00230807 -0.0026199 0.000284317 -0.000635619 0.000545731 -0.00346055 -0.0246023 -0.0102667 0.000972293 -0.00145546
internal_weight=1.69858e+07 1.6675e+07 1.61585e+07 1.45874e+07 1.22055e+07 652385 430863 87127 41207 1.57111e+06 2.38196e+06 238198 1.56879e+06 870849 826165 173374 652791 344645 308146 212208 95938 332878 78266 73303 65294 28735 1723 8009 2.14376e+06 343736
internal_count=16985782 16674983 16158530 14587421 12205465 652385 430863 87127 41207 1571109 2381956 238198 1568787 870849 826165 173374 652791 344645 308146 212208 95938 332878 78266 73303 65294 28735 1723 8009 2143758 343736
is_linear=0
shrinkage=0.1


Tree=45
num_leaves=31
num_cat=0
split_feature=1 8 7 0 9 3 10 5 3 9 2 2 7 2 2 3 9 2 0 10 5 3 8 3 4 3 2 4 3 4
split_gain=109.251 102.125 92.5326 106.341 100.851 117.24 96.706 151.467 146.24 138.275 133.399 118.302 111.755 155.493 92.4075 89.5455 105.001 87.4599 83.8195 82.3501 81.7197 79.9632 137.051 85.4362 141.26 78.9599 78.6528 108.197 77.3568 75.8808
threshold=44.500000000000007 97187.500000000015 13026017.000000002 50.500000000000007 74293.000000000015 84484.000000000015 56649.500000000007 58421.500000000007 61676.500000000007 42699.500000000007 59.500000000000007 53.500000000000007 4751023.7500000009 56.500000000000007 47.500000000000007 75356.500000000015 60480.000000000007 43.500000000000007 9.5000000000000018 74800.500000000015 45758.000000000007 53266.500000000007 54413.500000000007 59183.500000000007 52938.000000000007 51080.500000000007 49.500000000000007 68149.000000000015 67267.000000000015 65751.000000000015
decision_type=2 2 2 2 2 2 2 2 2 2 2 2 2 2 2 2 2 2 2 2 2 2 2 2 2 2 2 2 2 2
left_child=-1 2 3 4 5 6 8 11 9 25 20 28 13 -9 -10 -15 -17 -4 -19 -6 -11 22 -14 24 -23 -2 -7 -28 -8 -21
right_child=1 -3 17 -5 19 26 7 12 14 10 -12 -13 21 15 -16 16 -18 18 -20 29 -22 23 -24 -25 -26 -27 27 -29 -30 -31
leaf_value=-0.0019310949516109903 -0.00044676943364169489 -0.0050222361330664487 0.0007824098000399403 0.00010562949416880336 -0.034031742982802746 0.0053227893827780867 -0.0100635749670586 -0.002500014741174084 0.004174039308238388 -0.0059259340309769804 -0.010407880163193857 -0.021635127540561176 0.0038800868716634372 -0.020708578145692755 0.00057499725559548547 0.0024456643765307594 -0.015196280223148959 -0.0020769746435531167 0.00014037722604579852 -0.0232107922101971 -0.0013686851114915459 -0.0021101013246710523 -0.021698619446941174 -0.00095951230532523388 0.0085842679933079234 0.0017089572462166366 0.0012861146078560095 -0.010464000771533463 0.0034760455279337814 -0.0026159724091848399
leaf_weight=288000 1349699 39862 2564259 5715210 851 47608 12470 127453 91846 42381 18109 5970 3777 7334 319532 6306 7255 177081 4574014 1809 549797 23855 4703 433639 25612 194380 176381 8201 6378 162010
leaf_count=288000 1349699 39862 2564259 5715210 851 47608 12470 127453 91846 42381 18109 5970 3777 7334 319532 6306 7255 177081 4574014 1809 549797 23855 4703 433639 25612 194380 176381 8201 6378 162010
internal_value=1.0522e-13 3.33071e-05 4.54049e-05 -0.00016315 -0.000586636 -0.00047165 -0.000627648 -0.00170255 -0.000349154 -0.000679058 -0.00195338 -0.00936757 -0.00140528 -0.00381089 0.00137853 -0.0118068 -0.0069926 0.000311755 5.77329e-05 -0.00300457 -0.00169484 -0.000679335 -0.0103058 -0.00051036 0.00342701 -0.000175391 0.00169877 0.000764056 -0.00548188 -0.00284339
internal_weight=1.69858e+07 1.66978e+07 1.66579e+07 9.34257e+06 3.62736e+06 3.46269e+06 3.2305e+06 664752 2.56574e+06 2.15437e+06 610287 24818 639934 148348 411378 20895 13561 7.31535e+06 4.7511e+06 164670 592178 491586 8480 483106 49467 1.54408e+06 232190 184582 18848 163819
internal_count=16985782 16697782 16657920 9342566 3627356 3462686 3230496 664752 2565744 2154366 610287 24818 639934 148348 411378 20895 13561 7315354 4751095 164670 592178 491586 8480 483106 49467 1544079 232190 184582 18848 163819
is_linear=0
shrinkage=0.1


Tree=46
num_leaves=31
num_cat=0
split_feature=0 2 0 3 2 7 9 1 0 5 9 5 6 9 8 4 3 2 1 1 3 3 9 5 3 4 8 5 1 0
split_gain=95.9793 88.7219 86.6477 84.7642 68.4139 67.882 66.0313 65.3826 70.8659 65.121 60.7253 118.229 79.333 65.7398 65.6501 61.3214 60.9237 88.0275 60.1483 60.105 79.3243 58.4796 55.5298 83.5267 76.584 53.4739 53.3718 56.4798 52.3662 85.3495
threshold=5.5000000000000009 40.500000000000007 15.500000000000002 71887.000000000015 48.500000000000007 42324958.000000007 72250.000000000015 357.50000000000006 20.500000000000004 77837.000000000015 63646.500000000007 70460.000000000015 60180.648437500007 67478.500000000015 62501.500000000007 59724.500000000007 69794.000000000015 33.500000000000007 178.50000000000003 17.500000000000004 40322.000000000007 94696.000000000015 52596.500000000007 57432.500000000007 57555.500000000007 35275.500000000007 35370.000000000007 40754.500000000007 481.50000000000006 25.500000000000004
decision_type=2 2 2 2 2 2 2 2 2 2 2 2 2 2 2 2 2 2 2 2 2 2 2 2 2 2 2 2 2 2
left_child=5 3 4 6 -3 -1 9 25 -9 10 12 13 18 15 -14 -12 -13 -18 -2 -7 -21 22 24 -24 26 -4 -6 -28 -10 -30
right_child=1 2 7 -5 21 19 -8 8 28 -11 11 16 14 -15 -16 -17 17 -19 -20 20 -22 -23 23 -25 -26 -27 27 -29 29 -31
leaf_value=-0.0015518328620053137 0.0021434277786072549 -0.00025523050543572491 0.00032532269202423789 0.0019752615355141585 -0.0015671175010994077 -0.0025520771268459528 -0.006185307717318015 -0.0013730914929915498 0.0012831882861027808 0.0078642140639620384 -0.0076977639103712513 0.0019175974801865306 0.0034454562969852952 -0.019233896625559688 -0.023805736030990704 0.0005096222761301546 0.0023964171226278311 -0.017821800804008178 0.00021714859674649067 0.0074004840081921767 0.00043814865097970517 0.00041026235195264411 -0.012531192261006296 -0.0034100651677314341 0.00059297264175633469 0.0037506760529771987 -0.018086673781977265 -0.0052178196547604363 -0.0017527074075682756 3.2239468407347205e-05
leaf_weight=650401 172495 522420 100467 353160 51385 61976 15430 375242 320819 11560 26348 56576 98877 3456 892 13909 4587 4059 2690101 17591 234657 79723 10919 124698 89599 83416 3850 29873 274898 10502398
leaf_count=650401 172495 522420 100467 353160 51385 61976 15430 375242 320819 11560 26348 56576 98877 3456 892 13909 4587 4059 2690101 17591 234657 79723 10919 124698 89599 83416 3850 29873 274898 10502398
internal_value=7.82894e-13 5.83282e-05 -6.49842e-05 0.000507415 -0.00100342 -0.000968754 0.000340102 8.47166e-06 -2.15102e-05 0.000372762 0.000344565 -0.00197421 0.000429834 -0.00599832 0.00320181 -0.00486207 0.000722819 -0.00709534 0.000333223 0.000238139 0.000923681 -0.00200553 -0.00262615 -0.00414444 -0.00144758 0.00187919 -0.00359581 -0.006687 2.41885e-05 -1.32894e-05
internal_weight=1.69858e+07 1.60212e+07 1.25697e+07 3.45145e+06 912467 964625 3.09829e+06 1.16572e+07 1.14734e+07 3.08286e+06 3.0713e+06 108935 2.96236e+06 43713 99769 40257 65222 8646 2.8626e+06 314224 252248 390047 310324 135617 174707 183883 85108 33723 1.10981e+07 1.07773e+07
internal_count=16985782 16021157 12569707 3451450 912467 964625 3098290 11657240 11473357 3082860 3071300 108935 2962365 43713 99769 40257 65222 8646 2862596 314224 252248 390047 310324 135617 174707 183883 85108 33723 11098115 10777296
is_linear=0
shrinkage=0.1


Tree=47
num_leaves=31
num_cat=0
split_feature=8 3 8 2 6 6 9 3 9 2 3 9 6 7 2 8 0 5 3 7 2 3 10 4 8 0 5 9 5 9
split_gain=84.7116 142.09 123.244 142.696 140.007 235.399 219.084 113.05 123.856 128.73 116.458 103.12 254.151 106.284 103.095 101.387 98.5064 86.8317 109.485 84.5688 90.8083 87.7739 153.195 136.975 95.8727 83.5202 86.3829 126.892 94.42 91.6765
threshold=70707.500000000015 84484.000000000015 58332.000000000007 54.500000000000007 61854.300781250007 61409.300781250007 62998.500000000007 68180.500000000015 48628.000000000007 35.500000000000007 53705.500000000007 71138.000000000015 71686.750000000015 4413746.5000000009 49.500000000000007 35765.000000000007 60.500000000000007 78287.500000000015 59457.000000000007 99021260.000000015 74.500000000000014 87808.000000000015 70026.000000000015 43464.000000000007 69572.500000000015 37.500000000000007 55081.500000000007 53525.500000000007 59781.500000000007 51619.500000000007
decision_type=2 2 2 2 2 2 2 2 2 2 2 2 2 2 2 2 2 2 2 2 2 2 2 2 2 2 2 2 2 2
left_child=1 2 7 16 5 -5 -7 8 10 -10 15 13 -13 -6 -3 -1 17 18 -4 20 -16 22 -21 -24 -23 26 29 -28 -29 -11
right_child=-2 14 3 4 11 6 -8 -9 9 25 -12 12 -14 -15 19 -17 -18 -19 -20 21 -22 24 23 -25 -26 -27 27 28 -30 -31
leaf_value=0.0002003818580442888 -0.00072098429381520636 0.0022911778710254242 0.0031276928437718489 -0.0042520923283395585 -0.0057176772942093895 -0.010332327360107753 -0.042818416465576131 0.00071405163195084945 0.0009457557495866118 -0.0026434519793118935 0.000837516626713516 -0.026503947944503826 0.001416834058669545 0.00016978906912350165 0.0010109649625796235 -0.00072835177994255706 0.00057319492962501538 0.0022288450638583558 -0.0017236848273078386 -0.0022142377652095203 -0.0020930638650756045 3.7186635185791557e-05 -0.023436597119172408 0.0065617610854525298 -0.013822370697717077 -0.00061058439965067362 0.0015808087187200394 -0.004268996700350928 -0.00061558242333148352 -0.0080368790294433733
leaf_weight=3628291 1486976 401911 49748 89816 36891 6442 3063 2217863 397192 145509 1756847 5453 8107 181625 1265100 1738734 609945 71768 716573 29842 101835 159812 7147 1934 5152 1421912 116245 134102 149718 40229
leaf_count=3628291 1486976 401911 49748 89816 36891 6442 3063 2217863 397192 145509 1756847 5453 8107 181625 1265100 1738734 609945 71768 716573 29842 101835 159812 7147 1934 5152 1421912 116245 134102 149718 40229
internal_value=6.52361e-13 6.91722e-05 -4.64606e-05 -0.000822018 -0.00269391 -0.00583582 -0.020801 7.10241e-05 -7.86432e-05 -0.000699152 0.000130831 -0.00134927 -0.00981119 -0.000824163 0.00086201 -0.000100496 -0.000393618 -0.00109725 -0.00140874 0.000496343 0.000779719 -0.00140351 -0.005675 -0.0170478 -0.000395662 -0.00102457 -0.00202943 -0.00120201 -0.00234178 -0.00381161
internal_weight=1.69858e+07 1.54988e+07 1.35261e+07 1.77943e+06 331397 99321 9505 1.17466e+07 9.52878e+06 2.40491e+06 7.12387e+06 232076 13560 218516 1.97273e+06 5.36702e+06 1.44803e+06 838089 766321 1.57082e+06 1.36694e+06 203887 38923 9081 164964 2.00772e+06 585803 400065 283820 185738
internal_count=16985782 15498806 13526073 1779431 331397 99321 9505 11746642 9528779 2404907 7123872 232076 13560 218516 1972733 5367025 1448034 838089 766321 1570822 1366935 203887 38923 9081 164964 2007715 585803 400065 283820 185738
is_linear=0
shrinkage=0.1


Tree=48
num_leaves=31
num_cat=0
split_feature=0 2 0 1 0 1 0 1 0 7 4 8 5 10 1 0 1 0 1 0 4 1 0 1 0 1 8 1 0 7
split_gain=81.8129 92.3695 76.362 85.6703 74.8999 109.492 101.61 61.8488 74.5815 58.7733 58.3914 58.3287 59.1384 64.4467 54.1212 76.8806 61.6453 88.802 58.9326 79.9911 70.9156 57.5697 107.918 63.174 136.366 66.9377 60.8779 57.7482 127.967 53.3315
threshold=3.5000000000000004 34.500000000000007 8.5000000000000018 205.50000000000003 11.500000000000002 277.50000000000006 15.500000000000002 357.50000000000006 20.500000000000004 46781540.000000007 40305.500000000007 70707.500000000015 77837.000000000015 74018.000000000015 481.50000000000006 25.500000000000004 576.50000000000011 32.500000000000007 697.50000000000011 38.500000000000007 46363.000000000007 853.50000000000011 47.500000000000007 1026.5000000000002 59.500000000000007 1186.5000000000002 51671.500000000007 1283.5000000000002 68.500000000000014 27799697.000000004
decision_type=2 2 2 2 2 2 2 2 2 2 2 2 2 2 2 2 2 2 2 2 2 2 2 2 2 2 2 2 2 2
left_child=9 10 -3 -4 -5 -6 -7 -8 -9 -1 -2 12 13 -12 -10 -16 -17 -18 20 -20 -19 26 -23 -24 25 -25 -21 -26 -29 -13
right_child=1 2 3 4 5 6 7 8 14 -11 11 29 -14 -15 15 16 17 18 19 21 -22 22 23 24 27 -27 -28 28 -30 -31
leaf_value=-0.0018398686016841176 0.00044907904983825816 -0.0011574217279475625 0.0026427981136083536 -0.0015875125477520316 0.0023713695227013725 -0.0016814162274283425 0.0016651783827346359 -0.0012610915280404662 0.0011576259507509305 0.00015281406720634295 0.0023561846225163209 -0.004434135612875735 0.0087930872149925132 -0.01109336006628537 -0.0015359715253006876 0.0012906131964146306 -0.0012919457005787344 0.00050547154382324757 -0.0013376569614389374 0.00036011857602271107 0.0035430386546860997 -0.001420856705417156 0.00096343135839056934 -0.00083753542631739397 0.00079601901303746675 -0.0033024203207506625 0.0024241229340665939 -0.0019865834222965871 0.00012077526198321143 0.0022955794851114296
leaf_weight=404619 908032 572948 123441 292231 196930 351664 230280 444646 431181 233392 278034 25131 14222 3609 310415 392479 496698 320114 411859 486031 101142 492988 772341 547281 1137868 137943 202416 301868 6341820 22159
leaf_count=404619 908032 572948 123441 292231 196930 351664 230280 444646 431181 233392 278034 25131 14222 3609 310415 392479 496698 320114 411859 486031 101142 492988 772341 547281 1137868 137943 202416 301868 6341820 22159
internal_value=6.52988e-13 4.33564e-05 -2.50752e-05 1.95951e-05 -2.89144e-06 2.99322e-05 -3.21405e-06 4.03103e-05 1.22383e-05 -0.00111092 0.000869039 0.00198031 0.00250154 0.00218384 5.61813e-05 1.80449e-05 5.77712e-05 1.65925e-05 7.43469e-05 2.92194e-05 0.00123478 8.32434e-05 2.07286e-05 9.76498e-05 1.8673e-05 -0.00133374 0.000966974 0.000137763 2.50236e-05 -0.00128075
internal_weight=1.69858e+07 1.63478e+07 1.50966e+07 1.45236e+07 1.44002e+07 1.4108e+07 1.3911e+07 1.35594e+07 1.33291e+07 638011 1.25119e+06 343155 295865 281643 1.28844e+07 1.24533e+07 1.21428e+07 1.17504e+07 1.12537e+07 1.08324e+07 421256 1.04206e+07 9.73211e+06 9.23912e+06 8.46678e+06 685224 688447 7.78156e+06 6.64369e+06 47290
internal_count=16985782 16347771 15096584 14523636 14400195 14107964 13911034 13559370 13329090 638011 1251187 343155 295865 281643 12884444 12453263 12142848 11750369 11253671 10832415 421256 10420556 9732109 9239121 8466780 685224 688447 7781556 6643688 47290
is_linear=0
shrinkage=0.1


Tree=49
num_leaves=31
num_cat=0
split_feature=1 8 7 10 3 4 2 4 8 3 3 7 4 3 3 8 10 5 10 2 4 3 3 2 3 3 3 2 3 9
split_gain=74.6644 77.7961 67.9239 108.387 113.509 88.8206 69.7157 71.0832 69.6945 114.589 111.401 184.583 83.2837 102.583 203.938 73.8057 85.9238 77.4254 103.014 72.225 69.5867 68.6361 67.4761 74.6529 66.1523 64.1985 82.4002 63.8525 65.5688 134.512
threshold=44.500000000000007 97187.500000000015 11455911.500000002 75113.500000000015 90438.500000000015 65751.000000000015 74.500000000000014 35672.000000000007 55309.000000000007 66809.000000000015 89213.000000000015 7727530.5000000009 52544.000000000007 59183.500000000007 60123.000000000007 45479.000000000007 47567.500000000007 59620.500000000007 56971.500000000007 55.500000000000007 41684.500000000007 58354.500000000007 53705.500000000007 53.500000000000007 80831.000000000015 59677.500000000007 59909.500000000007 46.500000000000007 55354.500000000007 50426.500000000007
decision_type=2 2 2 2 2 2 2 2 2 2 2 2 2 2 2 2 2 2 2 2 2 2 2 2 2 2 2 2 2 2
left_child=-1 2 3 4 8 -5 -4 -8 9 15 12 -12 -10 -14 25 22 20 18 27 -11 -17 -22 -2 -24 -9 -15 -27 -18 29 -29
right_child=1 -3 6 5 -6 -7 7 24 10 19 11 -13 13 14 -16 16 17 -19 -20 -21 21 -23 23 -25 -26 26 -28 28 -30 -31
leaf_value=-0.0015964202042156169 -0.0001866186734356434 -0.0043849201587278621 0.00027637084374095765 -0.030394517191627741 0.0016396396984181536 -0.0018282041662412538 0.00085065339990667878 -0.017782656191062039 -0.0029093987031354501 0.00208296450768467 -0.0019435231808423916 -0.020320785936312945 0.0035303466502621915 -0.0038541382062528412 -0.00044949939187270585 -0.0011326785502576227 7.339541471062314e-05 0.0030877836926059055 -0.0059146204876038243 0.00024543841162552425 -0.017739327170492501 -0.0022334443424815698 0.0018184743903821373 -0.00018249465663916313 -0.0039095130725774778 -0.033326560240519131 -0.01152272804673655 -0.0015961343727901218 -0.0010229938271419439 -0.01019728737357593
leaf_weight=288000 3686783 39862 8020360 1092 364007 334071 36672 3696 149110 377013 19184 7643 62772 7913 1181471 10941 466729 49020 40635 494425 7835 4491 387518 359350 49072 2127 9363 65656 433825 25146
leaf_count=288000 3686783 39862 8020360 1092 364007 334071 36672 3696 149110 377013 19184 7643 62772 7913 1181471 10941 466729 49020 40635 494425 7835 4491 387518 359350 49072 2127 9363 65656 433825 25146
internal_value=1.38035e-14 2.75347e-05 3.80936e-05 -0.000158591 -8.66576e-05 -0.00192128 0.000245409 -0.00253105 -0.000166717 -2.54946e-05 -0.000795474 -0.0071792 -0.000674253 -0.000410506 -0.000616502 -0.000193224 -0.000924721 -0.00079531 -0.000979758 0.00104041 -0.00693732 -0.0120897 -1.10316e-05 0.000855723 -0.00488122 -0.0107855 -0.015559 -0.000777482 -0.00153446 -0.00397807
internal_weight=1.69858e+07 1.66978e+07 1.66579e+07 8.54812e+06 8.21296e+06 335163 8.1098e+06 89440 7.84895e+06 6.40937e+06 1.43958e+06 26827 1.41276e+06 1.26365e+06 1.20087e+06 5.53793e+06 1.10428e+06 1.08101e+06 1.03199e+06 871438 23267 12326 4.43365e+06 746868 52768 19403 11490 991356 524627 90802
internal_count=16985782 16697782 16657920 8548120 8212957 335163 8109800 89440 7848950 6409367 1439583 26827 1412756 1263646 1200874 5537929 1104278 1081011 1031991 871438 23267 12326 4433651 746868 52768 19403 11490 991356 524627 90802
is_linear=0
shrinkage=0.1


Tree=50
num_leaves=31
num_cat=0
split_feature=1 8 3 2 8 0 2 4 10 3 5 8 3 8 2 3 4 3 10 3 2 3 5 3 9 5 3 5 9 7
split_gain=63.1373 64.2347 104.104 87.402 103.89 87.6791 66.8317 63.0044 56.8299 151.652 107.014 132.261 72.7469 114.122 70.6653 66.4485 61.9369 54.5878 118.329 100.189 91.9222 92.2429 153.403 180.053 87.9971 129.836 186.69 113.445 120.325 96.4276
threshold=26.500000000000004 83702.500000000015 109047.50000000001 56.500000000000007 78720.500000000015 26.500000000000004 63.500000000000007 78072.000000000015 57882.500000000007 59909.500000000007 58935.500000000007 54582.500000000007 70830.000000000015 54950.500000000007 76.500000000000014 77167.000000000015 47439.000000000007 77969.000000000015 67549.000000000015 78286.500000000015 46.500000000000007 87010.000000000015 77413.500000000015 86653.000000000015 62566.500000000007 70460.000000000015 77782.000000000015 63587.000000000007 59355.000000000007 1386759.3750000002
decision_type=2 2 2 2 2 2 2 2 2 2 2 2 2 2 2 2 2 2 2 2 2 2 2 2 2 2 2 2 2 2
left_child=-1 2 3 17 5 -5 -6 -4 12 -10 11 15 13 -7 -12 -11 -15 24 -19 -20 -21 22 23 -22 27 26 29 28 -2 -26
right_child=1 -3 7 4 6 8 -8 -9 9 10 14 -13 -14 16 -16 -17 -18 18 19 20 21 -23 -24 -25 25 -27 -28 -29 -30 -31
leaf_value=-0.0020850332002006547 9.0714270105816348e-05 -0.0014944104956827657 0.0013985253919347898 -0.0019857012583196091 -0.0041562625426456888 -0.00026335952880247236 -0.016633389300076452 0.0088627785929635741 -0.02619887141458993 -0.021742041501626789 -0.00049758144843080549 -0.028759285847095906 0.0010349580359615093 0.0049603481868451295 -0.0051824617898100483 0.005126951918886671 -0.019059551021562024 0.0015095703056767764 0.0073370098783208607 0.00083326707406222343 -0.0034911254393018699 -3.6093321155145787e-05 0.0014395933772677128 -0.025105427250875931 -0.023137711705299404 0.00021836689227135056 -0.014121241188456571 0.0015674294196449884 -0.0023628802207030421 -0.0016869890383363754
leaf_weight=144000 9035829 276278 402750 317139 21246 1073254 5380 11635 2335 1251 1238289 3019 595308 1375 33056 3483 4896 837379 18317 578033 176666 480003 74142 3940 2106 490735 12645 510750 204392 426151
leaf_count=144000 9035829 276278 402750 317139 21246 1073254 5380 11635 2335 1251 1238289 3019 595308 1375 33056 3483 4896 837379 18317 578033 176666 480003 74142 3940 2106 490735 12645 510750 204392 426151
internal_value=8.01702e-13 1.78274e-05 4.30483e-05 2.8941e-06 -0.000456167 -0.000405563 -0.00667737 0.0016081 -0.000236051 -0.000737301 -0.000690821 -0.0124038 0.000147461 -0.000341953 -0.000619392 -0.00197341 -0.0137929 0.000120776 0.000578221 -7.67879e-06 -0.000110158 -0.000852356 -0.00239038 -0.00396265 2.79189e-05 -0.000900611 -0.00214606 0.000116633 3.64412e-05 -0.00179248
internal_weight=1.69858e+07 1.68418e+07 1.65655e+07 1.61511e+07 3.30003e+06 3.2734e+06 26626 414385 2.95627e+06 1.28143e+06 1.2791e+06 7753 1.67483e+06 1.07952e+06 1.27134e+06 4734 6271 1.28511e+07 2.16848e+06 1.3311e+06 1.31278e+06 734751 254748 180606 1.06826e+07 931637 440902 9.75097e+06 9.24022e+06 428257
internal_count=16985782 16841782 16565504 16151119 3300031 3273405 26626 414385 2956266 1281433 1279098 7753 1674833 1079525 1271345 4734 6271 12851088 2168480 1331101 1312784 734751 254748 180606 10682608 931637 440902 9750971 9240221 428257
is_linear=0
shrinkage=0.1


Tree=51
num_leaves=31
num_cat=0
split_feature=9 5 5 2 4 7 0 5 9 5 9 7 5 10 2 9 2 0 4 3 9 5 0 10 5 6 3 4 8 5
split_gain=55.1105 208.989 141.503 97.9137 76.4338 73.7845 68.0207 66.3343 127.705 73.6659 114.818 85.6317 92.8973 81.0803 68.0773 65.2868 108.257 62.3401 61.161 58.6749 124.662 127.481 97.862 73.5128 82.5416 95.2492 78.1712 64.8427 70.2136 61.2505
threshold=69843.500000000015 72944.500000000015 72301.500000000015 76.500000000000014 38754.500000000007 5423726.2500000009 36.500000000000007 75607.500000000015 72250.000000000015 79836.000000000015 77454.500000000015 11191745.000000002 80853.500000000015 77334.500000000015 55.500000000000007 66293.500000000015 53.500000000000007 5.5000000000000009 75567.500000000015 81879.500000000015 63646.500000000007 64884.500000000007 66.500000000000014 70026.000000000015 71398.500000000015 68172.250000000015 89213.000000000015 60036.500000000007 67538.000000000015 69016.500000000015
decision_type=2 2 2 2 2 2 2 2 2 2 2 2 2 2 2 2 2 2 2 2 2 2 2 2 2 2 2 2 2 2
left_child=2 -2 19 6 15 -5 7 14 -9 13 17 -12 -13 -10 -3 -4 -17 -11 -15 20 -1 -22 29 27 25 26 -25 28 -21 -23
right_child=1 3 4 5 -6 -7 -8 8 9 10 11 12 -14 18 -16 16 -18 -19 -20 23 21 22 -24 24 -26 -27 -28 -29 -30 -31
leaf_value=1.4618387518942535e-05 -0.0061752589337425966 -0.0048544010666576381 0.00077318224943520586 -0.031149479846740821 0.0023409468619445262 -0.004911359515137651 0.00026662207355481219 0.0032993137335718629 -0.0019947905491610528 -0.00050183772776757406 -0.0045611322868243107 -0.014245559700153782 -0.00051389232969705314 -0.0092459988769500057 0.0024847002628167534 -0.0019306471741855442 -0.019797983689238435 0.0042753810764804582 0.025700887973653153 0.000523021342663994 -0.025721321226445538 -0.004071909995684817 5.4784795461867338e-05 -0.0075240897296468788 -0.00033881981145712385 -0.0021200516681191537 -0.027444005085634989 0.0027352026893490656 -0.028676313783937285 -0.0013571168782943821
leaf_weight=12109071 62304 70063 33018 1111 379932 30349 1222938 76039 109469 46022 65656 4986 414268 22878 15421 12299 4682 67205 512 1418832 2155 141997 273189 4253 38399 10149 3670 143703 824 200388
leaf_count=12109071 62304 70063 33018 1111 379932 30349 1222938 76039 109469 46022 65656 4986 414268 22878 15421 12299 4682 67205 512 1418832 2155 141997 273189 4253 38399 10149 3670 143703 824 200388
internal_value=-2.46075e-13 -0.000465845 6.96478e-05 -0.000300157 0.00185725 -0.00583795 -0.000217801 -0.000881563 -0.000600983 -0.0010067 -0.000533576 -0.00120308 -0.000677197 -0.0031367 -0.00353045 -0.00181824 -0.00685703 0.00233364 -0.00848102 1.60779e-05 -5.60704e-05 -0.00144175 -0.00135675 0.000582938 -0.00296163 -0.00853452 -0.0167512 0.000710974 0.000506073 -0.00248302
internal_weight=1.69858e+07 2.20922e+06 1.47766e+07 2.14692e+06 429931 31460 2.11546e+06 892519 807035 730996 598137 484910 419254 132859 85484 49999 16981 113227 23390 1.43466e+07 1.27268e+07 617729 615574 1.61983e+06 56471 18072 7923 1.56336e+06 1.41966e+06 342385
internal_count=16985782 2209221 14776561 2146917 429931 31460 2115457 892519 807035 730996 598137 484910 419254 132859 85484 49999 16981 113227 23390 14346630 12726800 617729 615574 1619830 56471 18072 7923 1563359 1419656 342385
is_linear=0
shrinkage=0.1


Tree=52
num_leaves=31
num_cat=0
split_feature=1 2 0 1 0 1 0 4 7 2 7 0 1 2 8 3 7 9 5 4 3 7 3 2 7 7 8 6 3 6
split_gain=52.6481 68.7155 74.8908 98.1507 84.5601 84.1707 79.0079 52.9474 51.7719 42.7308 43.0736 42.3816 63.8203 52.7621 61.8327 70.7516 54.7675 54.3555 106.411 82.2694 75.3163 64.3206 72.1375 59.2835 54.1989 49.2349 49.0198 93.2286 71.6555 88.7497
threshold=62.500000000000007 34.500000000000007 9.5000000000000018 232.50000000000003 12.500000000000002 295.50000000000006 15.500000000000002 35275.500000000007 49858920.000000007 45.500000000000007 41279812.000000007 115.50000000000001 2073.5000000000005 62.500000000000007 97187.500000000015 114726.00000000001 58975930.000000007 84078.500000000015 89819.000000000015 78072.000000000015 102132.50000000001 13780031.000000002 95738.000000000015 43.500000000000007 17051414.000000004 453019.87500000006 67101.000000000015 67889.847656250015 88108.500000000015 50651.000000000007
decision_type=2 2 2 2 2 2 2 2 2 2 2 2 2 2 2 2 2 2 2 2 2 2 2 2 2 2 2 2 2 2
left_child=8 -2 9 -4 -5 7 -7 -6 -1 10 -3 12 13 14 15 17 -17 19 21 20 -8 -19 -23 -24 -20 -15 28 -28 29 -27
right_child=1 2 3 4 5 6 11 -9 -10 -11 -12 -13 -14 25 -16 16 -18 18 24 -21 -22 22 23 -25 -26 26 27 -29 -30 -31
leaf_value=-0.0020277888855095394 0.00070360342177726927 -0.00093996900308669466 0.0024229467278955585 -0.0017878721114568783 0.00055456212135633262 -0.0017977020466757962 3.9927638396438014e-05 0.0039462557157167516 0.00018785924251758291 -0.0022040792095535697 0.0013407107533305472 0.00044641925697518265 -0.0012451534611735674 -0.015665709945857937 -0.0079398038234668664 0.0041044246649159476 -0.00069918715580791853 -0.0030313888244127419 0.0030266979733781871 -0.014076429996049475 0.0019479788988954691 -0.023456436636274017 0.0064786416597621176 -0.012420224407586212 -0.0028757045683762586 0.00010031570791799077 -0.019586178593613345 -0.0017128958460070705 0.00099509695543178664 -0.0022991998129218241
leaf_weight=249118 1381619 468844 167817 262494 98247 241449 9481331 86595 182882 210678 100574 2047644 428285 2177 9620 75761 34563 14492 29189 4106 211490 4224 2243 6384 33312 372638 2958 217837 294328 262883
leaf_count=249118 1381619 468844 167817 262494 98247 241449 9481331 86595 182882 210678 100574 2047644 428285 2177 9620 75761 34563 14492 29189 4106 211490 4224 2243 6384 33312 372638 2958 217837 294328 262883
internal_value=7.91602e-13 2.84408e-05 -3.30414e-05 1.86839e-05 -9.68147e-06 2.37502e-05 -4.69017e-06 0.00214351 -0.00108982 -0.000987326 -0.000537142 2.7294e-05 -4.74129e-05 -1.02987e-06 7.34791e-05 8.1268e-05 0.00259952 5.28804e-05 -0.00239548 7.55649e-05 8.15599e-05 -0.00759865 -0.0127491 -0.00750656 -0.000119185 -0.000641319 -0.000612893 -0.00195234 -0.000294837 -0.000892243
internal_weight=1.69858e+07 1.65538e+07 1.51722e+07 1.43921e+07 1.42242e+07 1.39618e+07 1.37769e+07 184842 432000 780096 569418 1.35355e+07 1.14878e+07 1.10595e+07 9.90672e+06 9.8971e+06 110324 9.78677e+06 89844 9.69693e+06 9.69282e+06 27343 12851 8627 62501 1.15282e+06 1.15064e+06 220795 929849 635521
internal_count=16985782 16553782 15172163 14392067 14224250 13961756 13776914 184842 432000 780096 569418 13535465 11487821 11059536 9906715 9897095 110324 9786771 89844 9696927 9692821 27343 12851 8627 62501 1152821 1150644 220795 929849 635521
is_linear=0
shrinkage=0.1


Tree=53
num_leaves=31
num_cat=0
split_feature=2 4 3 8 7 2 4 6 3 5 10 5 9 9 5 9 5 5 9 3 6 7 3 2 3 2 3 9 3 9
split_gain=49.3133 50.1081 67.4377 65.2815 100.522 101.247 74.1732 63.4464 61.9482 57.3296 111.561 161.516 128.067 76.5645 75.8112 92.2149 154.686 95.8266 71.8787 70.593 111.285 81.5966 68.7852 63.3007 61.6845 71.7368 61.1214 61.0316 91.1757 94.2825
threshold=17.500000000000004 84004.000000000015 110507.00000000001 78720.500000000015 5588554.0000000009 63.500000000000007 59022.000000000007 83374.851562500015 81879.500000000015 82124.000000000015 77782.500000000015 79836.000000000015 77454.500000000015 79244.000000000015 78793.500000000015 69843.500000000015 72944.500000000015 71925.500000000015 78703.500000000015 88425.500000000015 72786.453125000015 14385882.500000002 91691.500000000015 49.500000000000007 88108.500000000015 58.500000000000007 91308.000000000015 64115.000000000007 69794.000000000015 48628.000000000007
decision_type=2 2 2 2 2 2 2 2 2 2 2 2 2 2 2 2 2 2 2 2 2 2 2 2 2 2 2 2 2 2
left_child=-1 2 3 9 -5 6 7 -6 -8 10 14 12 -12 -13 15 17 -17 27 -11 24 -21 22 23 -22 25 -18 -25 28 29 -2
right_child=1 -3 -4 4 5 -7 8 -9 -10 18 11 13 -14 -15 -16 16 19 -19 -20 20 21 -23 -24 26 -26 -27 -28 -29 -30 -31
leaf_value=-0.0022628958892233686 0.00011669424432766946 -0.0021071696843017016 0.0012572487087225042 -0.0097544319006551104 -0.014835498291682986 -0.012407034443496508 0.0035017741673540308 -0.0023945552083937238 -0.00096333966643958897 0.0030635858468933477 -0.013307612136879032 -0.00057537462623317201 0.0016338212775994087 -0.0089769876476447335 0.0022278725228363958 -0.0062462101217790403 -0.0019440959618783481 0.0015440792609128435 0.00015240634015474628 0.001411953391214936 0.000971862637084032 -0.0085700636077955111 0.00076303477953306028 -0.019777924630175196 -0.011024823185591722 0.0028012244958749459 -0.0047334189690475086 -0.00074632336878347437 0.00054249642325060509 -0.00055870755852086777
leaf_weight=95759 7187988 110759 433924 14047 6536 7666 36491 10995 209218 137759 21220 151212 7862 11685 154237 53765 319969 420036 220673 253650 7067 18757 50630 4708 6890 35380 6333 988761 3100812 2900993
leaf_count=95759 7187988 110759 433924 14047 6536 7666 36491 10995 209218 137759 21220 151212 7862 11685 154237 53765 319969 420036 220673 253650 7067 18757 50630 4708 6890 35380 6333 988761 3100812 2900993
internal_value=-1.45082e-13 1.28296e-05 2.68236e-05 -5.84079e-06 -0.00150618 -0.00107849 -0.000748586 -0.00703285 -0.000300212 2.07791e-05 -7.7664e-06 -0.00240361 -0.00926836 -0.00117804 2.18888e-05 -2.68693e-07 -0.00107631 5.55398e-05 0.00127128 -0.000681138 0.000351178 -0.00272403 -0.00112879 -0.00641833 -0.00165334 -0.00147163 -0.0111486 1.14422e-05 6.82474e-05 -7.75113e-05
internal_weight=1.69858e+07 1.689e+07 1.67793e+07 1.63453e+07 284953 270906 263240 17531 245709 1.60604e+07 1.5702e+07 191979 29082 162897 1.551e+07 1.53557e+07 757149 1.45986e+07 358432 703384 341145 87495 68738 18108 362239 355349 11041 1.41786e+07 1.31898e+07 1.0089e+07
internal_count=16985782 16890023 16779264 16345340 284953 270906 263240 17531 245709 16060387 15701955 191979 29082 162897 15509976 15355739 757149 14598590 358432 703384 341145 87495 68738 18108 362239 355349 11041 14178554 13189793 10088981
is_linear=0
shrinkage=0.1


Tree=54
num_leaves=31
num_cat=0
split_feature=2 0 4 3 7 8 3 5 8 3 8 4 3 9 5 2 3 3 6 4 3 2 7 3 7 3 9 4 7 9
split_gain=49.2708 88.6118 70.6779 76.2833 88.6209 57.1377 104.186 114.868 85.0647 65.9217 65.1972 63.0995 73.9473 63.0655 83.967 68.8004 83.0956 61.0161 132.155 123.949 101.497 206.72 94.7714 86.2931 73.223 60.9995 80.3658 59.2238 206.716 76.9254
threshold=60.500000000000007 42.500000000000007 88954.500000000015 102132.50000000001 76537972.000000015 73120.500000000015 82960.000000000015 76999.500000000015 74099.500000000015 77969.000000000015 60387.500000000007 56012.500000000007 77782.000000000015 60880.500000000007 76652.500000000015 53.500000000000007 97879.000000000015 69221.500000000015 59799.601562500007 61999.000000000007 70612.500000000015 54.500000000000007 2112803.1250000005 70412.500000000015 23927655.000000004 75866.500000000015 63646.500000000007 49185.000000000007 25485002.000000004 69843.500000000015
decision_type=2 2 2 2 2 2 2 2 2 2 2 2 2 2 2 2 2 2 2 2 2 2 2 2 2 2 2 2 2 2
left_child=2 -2 3 5 -5 9 -7 8 -8 10 11 -1 25 -11 27 -16 -17 19 -19 -12 21 24 -22 -23 -20 26 -13 28 -15 -29
right_child=1 -3 -4 4 -6 6 7 -9 -10 13 17 12 -14 14 15 16 -18 18 20 -21 22 23 -24 -25 -26 -27 -28 29 -30 -31
leaf_value=2.1785721408092852e-05 -0.0017264547551443174 -0.00012214952611466407 -0.0035101108338380198 0.001980058842499563 -0.0015212886866322022 0.0010923601244953679 -0.020825430659102456 -0.0015344750205995581 -0.0016785798569627403 0.0013886412796234376 -0.00075888722041628828 0.0020241700147511118 -0.030961073817507852 -0.027372437426265536 0.0024411633147324954 0.00045253464503676715 -0.0088931246823743711 -0.027827221928752567 -0.0056956233911048936 0.0041683484727659684 -0.013143112249722184 -0.047587114852767357 -0.00063404903347720031 0.0029354669476319407 0.00069932118290207937 0.0070713088746210857 -0.0092361110335061388 0.00065052217484379933 -0.0013567156797202494 -0.0013998292253252108
leaf_weight=10597921 433778 1668757 55123 385944 88948 179679 5444 408334 4044 672258 248165 113556 672 3105 247028 53070 11592 1900 59977 64279 6140 1542 445805 433 25525 22475 6713 744115 186805 242655
leaf_count=10597921 433778 1668757 55123 385944 88948 179679 5444 408334 4044 672258 248165 113556 672 3105 247028 53070 11592 1900 59977 64279 6140 1542 445805 433 25525 22475 6713 744115 186805 242655
internal_value=7.46169e-13 -0.000453137 6.4014e-05 7.73007e-05 0.00132425 3.6044e-05 -0.00092128 -0.00178722 -0.0126646 7.76268e-05 -1.68717e-05 4.99807e-05 0.00213349 0.000584757 0.000221664 0.00168104 -0.00122287 -0.000857951 -0.00150021 0.000254791 -0.00140748 -0.00452536 -0.000803994 -0.0365105 -0.00378653 0.00228929 0.00139566 -0.000164909 -0.00178207 0.000146324
internal_weight=1.69858e+07 2.10254e+06 1.48832e+07 1.48281e+07 474892 1.43532e+07 597501 417822 9488 1.37557e+07 1.15951e+07 1.07413e+07 143416 2.16063e+06 1.48837e+06 311690 64662 853766 541322 312444 539422 87477 451945 1975 85502 142744 120269 1.17668e+06 189910 986770
internal_count=16985782 2102535 14883247 14828124 474892 14353232 597501 417822 9488 13755731 11595103 10741337 143416 2160628 1488370 311690 64662 853766 541322 312444 539422 87477 451945 1975 85502 142744 120269 1176680 189910 986770
is_linear=0
shrinkage=0.1


Tree=55
num_leaves=31
num_cat=0
split_feature=1 2 0 7 10 3 0 3 2 8 3 9 10 10 3 9 8 4 2 4 3 2 3 4 9 5 7 8 3 3
split_gain=41.1768 47.2347 99.7612 72.9415 84.002 87.9694 58.0218 51.8533 53.8855 51.4642 86.9442 95.1265 191.632 171.676 76.9701 72.3144 57.3734 51.0283 67.64 66.5251 65.1561 59.1104 102.101 63.9897 56.4266 59.5504 56.8766 89.4607 72.6307 56.4186
threshold=35.500000000000007 46.500000000000007 17.500000000000004 6502305.7500000009 74800.500000000015 84157.500000000015 7.5000000000000009 102132.50000000001 60.500000000000007 33813.000000000007 55918.500000000007 50426.500000000007 53072.500000000007 52321.500000000007 55085.500000000007 51779.500000000007 48821.500000000007 38938.500000000007 76.500000000000014 18291.000000000004 109047.50000000001 53.500000000000007 68404.000000000015 23500.500000000004 79922.500000000015 82773.500000000015 21355827.000000004 47691.500000000007 64689.500000000007 91308.000000000015
decision_type=2 2 2 2 2 2 2 2 2 2 2 2 2 2 2 2 2 2 2 2 2 2 2 2 2 2 2 2 2 2
left_child=-1 3 7 4 5 6 -2 8 -3 -4 11 -11 13 14 16 -12 -13 19 20 -17 24 -21 -23 -24 26 -26 27 28 -19 -29
right_child=1 2 9 -5 -6 -7 -8 -9 -10 10 15 12 -14 -15 -16 17 -18 18 -20 21 -22 22 23 -25 25 -27 -28 29 -30 -31
leaf_value=-0.0013718937704492 -0.0021739094331201542 -0.0013417571826760174 0.00057928479855580493 0.00040890843950475717 -0.0058294479278612858 0.0053279971529312294 -0.00013246653497552859 0.0011538320771640061 -0.0048451305449916425 -0.00074990268752857399 0.00054179787268973179 -0.0069863946540426741 -0.001847593342803142 -0.03302965101757005 0.001650571372488903 0.00096262254280005642 -0.027219425521931247 -0.029562104481451853 -0.0028942271932899106 -0.00049497930770174439 0.001199058349103989 -0.012629199413361781 -0.0071584217295296267 -0.0017218502934180453 -0.011371115026603283 -0.0015819619487864132 0.00066939148126020918 -0.00049456274770089397 -0.0055240601996701839 0.0006695734045871997
leaf_weight=216000 148800 547890 1149999 5259444 26770 28480 2163561 75838 47728 941524 1759157 3167 50236 3860 4425 99486 2514 1749 85366 139430 378750 10928 25990 129654 6458 164699 767135 2230433 4468 511843
leaf_count=216000 148800 547890 1149999 5259444 26770 28480 2163561 75838 47728 941524 1759157 3167 50236 3860 4425 99486 2514 1749 85366 139430 378750 10928 25990 129654 6458 164699 767135 2230433 4468 511843
internal_value=2.01996e-13 1.76704e-05 -0.000135617 0.00020142 -0.000259498 -0.0001958 -0.000263833 -0.00130892 -0.00162249 -4.26185e-05 -0.000140305 -0.00100387 -0.00472823 -0.0150899 -0.00823786 -2.78615e-06 -0.0159401 -0.000213042 -0.000108447 -0.00128377 -4.99525e-05 -0.0020141 -0.00328569 -0.00262967 -0.000178266 -0.00195132 -9.19451e-05 -0.000304443 -0.0122866 -0.000277278
internal_weight=1.69858e+07 1.67698e+07 9.14273e+06 7.62706e+06 2.36761e+06 2.34084e+06 2.31236e+06 671456 595618 8.47127e+06 7.32127e+06 1.00573e+06 64202 13966 10106 6.31555e+06 5681 4.55639e+06 4.1509e+06 405488 4.06554e+06 306002 166572 155644 3.68678e+06 171157 3.51563e+06 2.74849e+06 6217 2.74228e+06
internal_count=16985782 16769782 9142727 7627055 2367611 2340841 2312361 671456 595618 8471271 7321272 1005726 64202 13966 10106 6315546 5681 4556389 4150901 405488 4065535 306002 166572 155644 3686785 171157 3515628 2748493 6217 2742276
is_linear=0
shrinkage=0.1


Tree=56
num_leaves=31
num_cat=0
split_feature=2 0 7 10 0 7 4 3 7 9 3 0 5 0 8 8 0 5 2 3 3 8 7 0 9 4 3 2 5 2
split_gain=38.5133 69.8572 46.9294 86.2038 68.2547 67.7508 48.7628 52.9703 60.6958 48.3412 68.2585 83.589 62.7896 92.6401 53.8274 62.3318 69.1165 87.9697 51.5682 72.3683 202.981 89.4325 95.2789 73.812 60.4262 70.4791 101.278 85.0631 75.5607 76.7472
threshold=63.500000000000007 34.500000000000007 4908946.2500000009 74422.500000000015 6.5000000000000009 1278411.5000000002 88954.500000000015 102132.50000000001 66147280.000000007 44419.500000000007 56109.500000000007 30.500000000000004 48159.000000000007 19.500000000000004 22938.000000000004 20503.500000000004 59.500000000000007 55980.500000000007 45.500000000000007 53705.500000000007 53266.500000000007 42227.500000000007 16517689.500000002 12.500000000000002 79922.500000000015 73635.500000000015 88800.000000000015 55.500000000000007 88314.000000000015 51.500000000000007
decision_type=2 2 2 2 2 2 2 2 2 2 2 2 2 2 2 2 2 2 2 2 2 2 2 2 2 2 2 2 2 2
left_child=2 -2 3 4 -1 -5 7 9 -9 10 -4 -12 13 -11 15 -14 17 -17 -16 20 -20 -22 -23 -21 -25 26 -26 -27 29 -28
right_child=1 -3 6 5 -6 -7 -8 8 -10 12 11 -13 14 -15 18 16 -18 -19 19 23 21 22 -24 24 25 27 28 -29 -30 -31
leaf_value=-0.0029335664883165437 -0.0023495078597755149 -0.00023035301997597859 0.00020189622384955567 0.0098426136109910078 -0.00014374298210972564 -0.0052859147729128015 -0.002795581107448391 0.0016350104825250879 -0.00097238765452167168 -0.0085146202814314828 0.003384999682241362 0.00071484093496739724 6.4708365774230136e-05 -0.0010929460954628048 0.00031519627123622354 -0.029557490343919052 -0.0029760250823634327 -0.00286233818079225 -0.0011983731041160545 -0.0019823891760645529 -0.038124827302608716 -0.0078093955897558676 -0.034310266743821559 8.2380769634479673e-06 0.0031178807200732666 0.0019657458226453005 -0.018595073026223558 -0.0089154675138328806 0.0019347341753727333 -0.006972798724765087
leaf_weight=89991 179687 1158301 2927928 3155 3438457 47944 56384 441456 111910 19602 151838 514518 12720 118455 3341467 3043 6109 2077 87022 207926 1476 8921 1600 3961934 10290 40067 8177 8754 5954 18619
leaf_count=89991 179687 1158301 2927928 3155 3438457 47944 56384 441456 111910 19602 151838 514518 12720 118455 3341467 3043 6109 2077 87022 207926 1476 8921 1600 3961934 10290 40067 8177 8754 5954 18619
internal_value=-8.29608e-14 -0.000514948 4.40314e-05 -0.000273952 -0.000214896 -0.00435184 0.000138348 0.00015212 0.0011077 0.000105972 0.000409792 0.00132327 -3.28869e-05 -0.00214671 4.88455e-06 -0.00472863 -0.0101584 -0.0187282 1.96028e-05 -0.000206899 -0.00287946 -0.0150735 -0.0118396 -0.000144803 -5.05506e-05 -0.00258609 -0.00553615 1.46563e-05 -0.00825524 -0.0105194
internal_weight=1.69858e+07 1.33799e+06 1.56478e+07 3.57955e+06 3.52845e+06 51099 1.20682e+07 1.20119e+07 553366 1.14585e+07 3.59428e+06 666356 7.86421e+06 138057 7.72616e+06 23949 11229 5120 7.70221e+06 4.36074e+06 99019 11997 10521 4.26172e+06 4.0538e+06 91861 43040 48821 32750 26796
internal_count=16985782 1337988 15647794 3579547 3528448 51099 12068247 12011863 553366 11458497 3594284 666356 7864213 138057 7726156 23949 11229 5120 7702207 4360740 99019 11997 10521 4261721 4053795 91861 43040 48821 32750 26796
is_linear=0
shrinkage=0.1


Tree=57
num_leaves=31
num_cat=0
split_feature=0 2 4 1 7 8 9 3 0 9 3 5 9 5 9 8 8 2 1 10 10 7 3 9 4 5 8 4 7 0
split_gain=35.8069 53.4038 70.9634 59.983 50.9982 47.9941 67.7015 52.0419 41.6415 50.3001 146.872 90.2868 96.6646 92.462 95.8547 114.051 81.8776 112.842 116.993 109.847 78.8524 90.468 79.3228 105.376 74.2544 101.842 68.7892 66.7142 66.2251 58.9954
threshold=4.5000000000000009 36.500000000000007 40955.000000000007 160.50000000000003 51668768.000000007 70707.500000000015 72643.000000000015 71887.000000000015 111.50000000000001 54768.000000000007 61676.500000000007 60544.000000000007 58108.500000000007 63394.500000000007 60880.500000000007 59224.500000000007 41149.000000000007 57.500000000000007 549.50000000000011 42315.000000000007 60354.500000000007 134725912.00000003 59909.500000000007 59162.000000000007 37094.500000000007 56976.500000000007 52209.500000000007 43067.000000000007 163538824.00000003 14.500000000000002
decision_type=2 2 2 2 2 2 2 2 2 2 2 2 2 2 2 2 2 2 2 2 2 2 2 2 2 2 2 2 2 2
left_child=4 2 3 -2 -1 7 -7 -4 9 10 16 24 -13 20 15 -15 -3 19 -19 -18 22 27 23 -14 25 -11 -25 -22 -21 -26
right_child=1 8 5 -5 -6 6 -8 -9 -10 11 -12 12 13 14 -16 -17 17 18 -20 28 21 -23 -24 26 29 -27 -28 -29 -30 -31
leaf_value=-0.0011639257184997999 0.0024725544570203526 3.5633590226308159e-05 0.0014660515629914828 -4.6930701429068643e-05 0.00058856622165258474 -0.018467056460962031 -0.00049649148407488375 0.0045628790216377477 0.00034984840470147588 -0.037119767661592494 0.00078044089220089051 0.0014085129818665384 -0.00023573462647056765 0.00072257311668456111 -0.00031630095792411356 0.0061428190192982495 -0.029229081638981365 -0.013929819791605761 -0.0028230937128602205 -0.00053544788463947667 0.003025501415690802 -0.014879423131710451 0.00058630440613932665 -0.035333797602688892 -0.0046927380426605072 -0.0045143944697246877 -0.010161207299117837 -0.0030106640292466937 -0.019067885419561233 -0.00086260522834248534
leaf_weight=568276 102715 3487778 380652 1180642 234603 2181 54048 63287 2387471 977 2038415 349713 6956 253822 3304564 45830 1338 10364 111688 1341582 19891 6077 152823 1752 43384 49166 2854 230416 1931 550586
leaf_count=568276 102715 3487778 380652 1180642 234603 2181 54048 63287 2387471 977 2038415 349713 6956 253822 3304564 45830 1338 10364 111688 1341582 19891 6077 152823 1752 43384 49166 2854 230416 1931 550586
internal_value=3.19582e-13 3.23398e-05 0.000548507 0.000154719 -0.000651844 0.00155891 -0.00119353 0.00190753 -3.15933e-05 -0.000107408 6.59499e-05 -0.000348961 -0.000186212 -0.000324771 -0.000161008 0.00155157 -0.000228 -0.000854828 -0.00376622 -0.000590605 -0.00172753 -0.00282368 -1.79084e-05 -0.00800421 -0.00145432 -0.00514969 -0.0197362 -0.00253099 -0.000562084 -0.00114236
internal_weight=1.69858e+07 1.61829e+07 1.78352e+06 1.28336e+06 802879 500168 56229 443939 1.43994e+07 1.20119e+07 6.9931e+06 5.01881e+06 4.3747e+06 4.02498e+06 3.60422e+06 299652 4.95468e+06 1.4669e+06 122052 1.34485e+06 420769 256384 164385 11562 644113 50143 4606 250307 1.34351e+06 593970
internal_count=16985782 16182903 1783525 1283357 802879 500168 56229 443939 14399378 12011907 6993096 5018811 4374698 4024985 3604216 299652 4954681 1466903 122052 1344851 420769 256384 164385 11562 644113 50143 4606 250307 1343513 593970
is_linear=0
shrinkage=0.1


Tree=58
num_leaves=31
num_cat=0
split_feature=1 2 0 7 10 3 5 4 0 5 8 4 7 8 6 3 4 8 9 3 8 6 7 7 3 0 4 3 8 1
split_gain=35.7834 33.9255 59.086 44.3782 82.8471 73.8257 72.3697 57.6989 48.1692 44.7933 70.6588 44.1607 48.3949 47.1929 41.2055 115.241 80.1101 70.0139 58.4847 67.9768 80.4067 95.1788 91.2931 56.4308 46.3436 42.5437 40.0711 43.9945 61.9799 82.5427
threshold=17.500000000000004 53.500000000000007 17.500000000000004 6502305.7500000009 70026.000000000015 79830.000000000015 72665.000000000015 63897.500000000007 7.5000000000000009 70681.500000000015 66774.500000000015 4183.0000000000009 1070422.0625000002 12286.000000000002 39961.451171875007 60445.500000000007 54968.500000000007 22482.000000000004 51779.500000000007 68709.000000000015 50472.500000000007 52889.000000000007 43653178.000000007 1538461.6875000002 60719.500000000007 50.500000000000007 88954.500000000015 89671.500000000015 73517.500000000015 637.50000000000011
decision_type=2 2 2 2 2 2 2 2 2 2 2 2 2 2 2 2 2 2 2 2 2 2 2 2 2 2 2 2 2 2
left_child=-1 3 -3 4 5 8 -6 -7 11 10 -10 -2 -13 -14 -4 16 23 -17 -19 20 21 -20 24 -16 -22 -25 27 -5 29 -29
right_child=1 2 14 26 6 7 -8 -9 9 -11 -12 12 13 -15 15 17 -18 18 19 -21 22 -23 -24 25 -26 -27 -28 28 -30 -31
leaf_value=-0.0022246004948487134 0.010717454533327092 -0.0016976813414027116 0.00053436104777955865 0.00017358302966847107 -0.0093393825506236736 0.0041767437936894259 -0.0018577706204591093 -0.0046773715822653328 -9.9044587937632115e-05 0.0056655484545518643 -0.026106220977988016 -0.0090861119285392204 0.0058681418185649505 -0.0020737741016599591 0.0021055920090151115 -0.029606488875924132 -0.031040718071955315 0.00065921813049908077 -0.0044345005747663205 -0.00015929742109606972 -0.037293574645899351 -0.020140331614242665 -0.014339615394235323 -0.0039908610643630228 -0.00060153068794283754 -0.0015259808723219854 -0.0030048807343638667 0.0038431146933938475 -5.0018813308959162e-06 0.000793466443856164
leaf_weight=72000 2740 252801 783234 7413041 14795 61529 102513 8360 3320153 13496 1045 9295 7909 138634 33612 803 940 834288 32407 2587633 345 4380 5056 95265 153823 264278 38078 135040 339363 258926
leaf_count=72000 2740 252801 783234 7413041 14795 61529 102513 8360 3320153 13496 1045 9295 7909 138634 33612 803 940 834288 32407 2587633 345 4380 5056 95265 153823 264278 38078 135040 339363 258926
internal_value=5.01856e-13 9.46987e-06 -0.000207639 0.000101856 -0.000186544 -0.000100458 -0.00280136 0.00311763 -0.000164841 -8.38643e-05 -0.000107228 -0.00186769 -0.00208896 -0.00164514 -0.000129099 -0.000258595 -0.00188248 -8.17467e-05 -7.51937e-05 -0.000295305 -0.0020908 -0.0063045 -0.00111727 -0.00181277 -0.000683641 -0.00217908 0.000231547 0.000246675 0.000985541 0.0018388
internal_weight=1.69858e+07 1.69138e+07 5.04886e+06 1.18649e+07 3.68047e+06 3.56316e+06 117308 69889 3.49327e+06 3.33469e+06 3.3212e+06 158578 155838 146543 4.79606e+06 4.01283e+06 394095 3.61874e+06 3.61793e+06 2.78364e+06 196011 36787 159224 393155 154168 359543 8.18445e+06 8.14637e+06 733329 393966
internal_count=16985782 16913782 5048865 11864917 3680469 3563161 117308 69889 3493272 3334694 3321198 158578 155838 146543 4796064 4012830 394095 3618735 3617932 2783644 196011 36787 159224 393155 154168 359543 8184448 8146370 733329 393966
is_linear=0
shrinkage=0.1


Tree=59
num_leaves=31
num_cat=0
split_feature=2 0 4 3 2 7 3 7 3 8 5 10 3 2 9 4 5 5 9 5 3 2 0 2 7 7 3 9 2 9
split_gain=29.9093 52.5401 50.1096 61.0677 93.9547 61.0517 101.565 75.6017 43.57 60.5822 67.6199 72.9038 69.5136 105.328 100.402 65.2678 60.6775 56.7019 59.4471 126.294 56.5868 60.2732 56.2931 55.8247 52.356 54.8992 48.9263 103.367 86.3103 53.6647
threshold=62.500000000000007 41.500000000000007 51209.000000000007 109047.50000000001 76.500000000000014 6653935.2500000009 79025.000000000015 2914900.5000000005 91691.500000000015 68940.500000000015 80853.500000000015 78428.000000000015 82960.000000000015 30.500000000000004 77454.500000000015 65347.000000000007 79836.000000000015 76289.500000000015 69843.500000000015 72944.500000000015 87420.000000000015 56.500000000000007 31.500000000000004 57.500000000000007 14974589.500000002 11659021.500000002 72237.500000000015 58108.500000000007 49.500000000000007 45751.000000000007
decision_type=2 2 2 2 2 2 2 2 2 2 2 2 2 2 2 2 2 2 2 2 2 2 2 2 2 2 2 2 2 2
left_child=8 2 -2 4 5 6 7 -4 9 17 11 16 13 -12 23 -15 22 18 26 -20 21 -21 -11 -14 25 -10 29 -28 -29 -1
right_child=1 -3 3 -5 -6 -7 -8 -9 24 10 12 -13 14 15 -16 -17 -18 -19 19 20 -22 -23 -24 -25 -26 -27 27 28 -30 -31
leaf_value=0.00013443508134063323 -0.0006381139330368425 -0.00013699797175275148 -0.03396674740729453 -0.00053887208049345058 -0.02125598972968485 -0.0066379106643269133 0.0042173270959524126 -0.0045061312831916993 0.00073027713853517193 -0.0037045850077661231 -0.00096574319990864804 -0.0064845875667485274 0.0033890485950275415 -0.0047641266305903877 -0.0023290094561142401 0.0048438831835142136 0.0027184067110334401 0.0019242907344630897 -0.009819377446328709 -0.001598075087572778 0.0037925158469981207 -0.022306453675741741 -0.00087818811517186262 0.029395436956935708 0.00014542879144767757 0.0031242014909061313 0.0012384596299649256 0.000703719095596084 -0.00078889336273927756 -0.00032334026941891782
leaf_weight=6108646 188663 1268624 1264 44839 3518 39806 14515 2802 312339 106556 85010 30852 27442 7764 148363 79120 32260 157559 18213 93300 21317 1427 208064 851 906104 138174 976590 742897 809601 4409302
leaf_count=6108646 188663 1268624 1264 44839 3518 39806 14515 2802 312339 106556 85010 30852 27442 7764 148363 79120 32260 157559 18213 93300 21317 1427 208064 851 906104 138174 976590 742897 809601 4409302
internal_value=-4.90113e-13 -0.000416681 -0.00161778 -0.00334928 -0.00538491 -0.00442863 0.000304308 -0.0136646 4.22587e-05 -9.9429e-06 -0.000899363 -0.00182625 0.000105123 0.00153677 -0.00128793 0.00398531 -0.00141193 3.84848e-05 1.59433e-05 -0.00207756 -0.000862489 -0.00191003 -0.00183544 0.00417127 0.000583474 0.0014645 3.7486e-05 0.000432397 -7.46526e-05 -5.74721e-05
internal_weight=1.69858e+07 1.56403e+06 295407 106744 61905 58387 18581 4066 1.54218e+07 1.40651e+07 726282 377732 348550 171894 176656 86884 346880 1.33389e+07 1.31813e+07 134257 116044 94727 314620 28293 1.35662e+06 450513 1.3047e+07 2.52909e+06 1.5525e+06 1.05179e+07
internal_count=16985782 1564031 295407 106744 61905 58387 18581 4066 15421751 14065134 726282 377732 348550 171894 176656 86884 346880 13338852 13181293 134257 116044 94727 314620 28293 1356617 450513 13047036 2529088 1552498 10517948
is_linear=0
shrinkage=0.1


Tree=60
num_leaves=31
num_cat=0
split_feature=2 2 0 7 0 4 3 9 5 2 9 2 3 7 0 8 4 3 0 10 2 4 6 4 5 2 9 9 4 0
split_gain=29.248 30.6597 72.5534 50.0769 42.2014 62.5476 35.1099 72.6757 69.4339 79.1842 64.2529 135.053 79.4296 77.5168 55.0712 56.2104 54.2659 53.841 62.091 75.9094 54.7225 51.1017 53.8734 45.64 34.4731 65.5994 59.224 37.8211 41.8638 51.6329
threshold=16.500000000000004 40.500000000000007 8.5000000000000018 2049740.1875000002 29.500000000000004 11040.000000000002 120489.00000000001 84078.500000000015 86433.500000000015 74.500000000000014 81255.500000000015 78.500000000000014 109047.50000000001 63497342.000000007 77.500000000000014 97187.500000000015 58258.000000000007 82960.000000000015 72.500000000000014 82131.000000000015 54.500000000000007 66757.000000000015 81230.550781250015 24038.000000000004 82773.500000000015 66.500000000000014 79922.500000000015 76222.000000000015 68149.000000000015 40.500000000000007
decision_type=2 2 2 2 2 2 2 2 2 2 2 2 2 2 2 2 2 2 2 2 2 2 2 2 2 2 2 2 2 2
left_child=-1 3 -3 4 5 -2 7 8 10 21 24 12 13 17 15 16 23 -12 -19 -20 -21 22 -10 -9 26 27 -4 28 -26 -30
right_child=1 2 6 -5 -6 -7 -8 14 9 -11 11 -13 -14 -15 -16 -17 -18 18 19 20 -22 -23 -24 -25 25 -27 -28 -29 29 -31
leaf_value=-0.0019369072476127234 0.00085510857677295225 -0.0015175038951274571 -4.4005162792123358e-05 0.0003401887381881379 -0.0002181537332588932 -0.0045898354005534893 0.0011922610867401802 0.0093886263469418439 0.00044164103979642277 -0.048654831267670541 0.005089495961923516 -0.035012845768674701 0.0052454232724288849 0.0052568998176539053 0.00042307758958395154 -0.014800559271690494 -0.002381032591110496 -0.010724611404504363 -0.042227372572082901 0.0099611965964893998 -0.0044457825333461464 0.0039349479678907418 -0.013975154106667671 -0.01387935688104586 0.002373133442024309 -0.0095679262381448554 -0.0077476455123684021 0.0012605400086641138 0.024807607963876196 0.0061562197996073804
leaf_weight=77605 31938 336562 11632022 3911202 224136 62154 230856 960 20800 301 3933 1315 10553 7156 51848 4282 88259 21274 464 3416 11553 78907 2961 6917 10765 5218 9988 131812 2245 4380
leaf_count=77605 31938 336562 11632022 3911202 224136 62154 230856 960 20800 301 3933 1315 10553 7156 51848 4282 88259 21274 464 3416 11553 78907 2961 6917 10765 5218 9988 131812 2245 4380
internal_value=-4.42765e-13 8.89e-06 -6.88846e-05 0.000242038 -0.000964284 -0.00274164 -2.93819e-05 -5.26678e-05 -2.5027e-05 0.00256053 -4.74823e-05 -0.00332085 -0.00260661 -0.00434028 -0.0022236 -0.00359013 -0.00309081 -0.00603018 -0.00722161 -0.00239281 -0.00115804 0.00271069 -0.00135492 -0.0110436 -3.09263e-05 0.00145339 -5.06143e-05 0.00183884 0.0062222 0.0124766
internal_weight=1.69858e+07 1.69082e+07 1.26787e+07 4.22943e+06 318228 94092 1.23422e+07 1.21113e+07 1.19591e+07 102969 1.18561e+07 59664 58349 47796 152266 100418 96136 40640 36707 15433 14969 102668 23761 7877 1.17964e+07 154420 1.1642e+07 149202 17390 6625
internal_count=16985782 16908177 12678747 4229430 318228 94092 12342185 12111329 11959063 102969 11856094 59664 58349 47796 152266 100418 96136 40640 36707 15433 14969 102668 23761 7877 11796430 154420 11642010 149202 17390 6625
is_linear=0
shrinkage=0.1


Tree=61
num_leaves=31
num_cat=0
split_feature=4 7 1 7 2 3 4 8 0 0 9 3 8 5 1 2 0 2 9 9 2 0 4 9 3 9 4 4 3 3
split_gain=26.8149 38.8684 49.8058 47.5617 45.6414 48.4324 119.565 96.334 72.5243 63.8093 58.5762 56.6525 93.3662 88.6519 78.6164 71.3006 61.1437 58.929 95.398 101.381 58.2584 74.296 99.4189 62.4606 72.0346 77.1505 71.8643 81.1553 69.6327 63.019
threshold=12395.000000000002 127706928.00000001 71.500000000000014 13780031.000000002 33.500000000000007 41519.500000000007 40955.000000000007 33598.500000000007 26.500000000000004 41.500000000000007 25953.000000000004 61676.500000000007 54582.500000000007 60544.000000000007 732.50000000000011 50.500000000000007 28.500000000000004 62.500000000000007 57871.500000000007 58278.500000000007 42.500000000000007 57.500000000000007 16553.500000000004 48628.000000000007 53705.500000000007 42889.000000000007 52288.500000000007 52136.000000000007 53485.500000000007 50044.000000000007
decision_type=2 2 2 2 2 2 2 2 2 2 2 2 2 2 2 2 2 2 2 2 2 2 2 2 2 2 2 2 2 2
left_child=-1 2 3 -2 -4 6 9 8 -7 10 -6 20 14 16 15 -13 -14 -18 -19 -20 -9 22 -22 24 25 -24 27 29 -28 -25
right_child=1 -3 4 -5 5 7 -8 11 -10 -11 -12 12 13 -15 -16 -17 17 18 19 -21 21 -23 23 26 -26 -27 28 -29 -30 -31
leaf_value=0.00050146796941843313 -0.003232896442617319 -0.00082194981124905165 0.00076698380380941567 -0.00055053364607554232 0.00013500244876603099 0.0030503963851931503 -0.015307435005048454 0.00022519058585035819 0.0006517691787850721 -3.1896511315003549e-05 -0.0019596775910843737 0.0024607395522922956 -0.0057243910601879004 -2.5749432363131094e-05 0.0002838749214585684 0.00050156234191855466 -0.00054907588670968462 -0.0018234415046509312 -0.039143561866103099 -0.0093373134712126521 -0.012066883049358504 -0.00015265940687544989 -0.00073805928203533595 0.0033248803970496498 0.00039356957163089873 -0.0037121017065117907 -0.023266540397084045 -0.028830965341873301 0.0026711798784573304 -0.0033909350320270475
leaf_weight=1003338 82053 598749 794625 340065 197342 155778 5429 1266938 660638 1234599 412675 371041 36725 4572352 2110919 371989 177539 27217 1309 8899 8426 1502250 319631 14927 337007 119963 1069 1219 32564 218507
leaf_count=1003338 82053 598749 794625 340065 197342 155778 5429 1266938 660638 1234599 412675 371041 36725 4572352 2110919 371989 177539 27217 1309 8899 8426 1502250 319631 14927 337007 119963 1069 1219 32564 218507
internal_value=-3.92559e-14 -3.14809e-05 -7.15059e-07 -0.00107194 2.9508e-05 -1.18571e-05 -0.000488935 5.98018e-05 0.00110944 -0.000445322 -0.00128204 -1.4712e-05 0.000141891 -0.000126327 0.000595262 0.0014799 -0.00195349 -0.00130925 -0.00491544 -0.0131595 -0.00032927 -0.000604148 -0.00124807 -0.00116082 -0.000706393 -0.00154966 -0.00247626 -0.00309588 0.00184677 -0.00296149
internal_weight=1.69858e+07 1.59824e+07 1.53837e+07 422118 1.49616e+07 1.4167e+07 1.85004e+06 1.23169e+07 816416 1.84462e+06 610017 1.15005e+07 7.67799e+06 4.82404e+06 2.85395e+06 743030 251689 214964 37425 10208 3.8225e+06 2.55556e+06 1.05331e+06 1.04489e+06 776601 439594 268286 234653 33633 233434
internal_count=16985782 15982444 15383695 422118 14961577 14166952 1850045 12316907 816416 1844616 610017 11500491 7677990 4824041 2853949 743030 251689 214964 37425 10208 3822501 2555563 1053313 1044887 776601 439594 268286 234653 33633 233434
is_linear=0
shrinkage=0.1


Tree=62
num_leaves=31
num_cat=0
split_feature=2 0 6 3 3 8 7 6 3 9 7 3 7 7 0 7 3 8 4 3 8 7 5 3 4 7 5 7 8 3
split_gain=25.1935 49.6418 37.5004 118.209 71.5799 65.3391 94.115 64.1294 64.0761 59.4274 57.0472 70.4299 62.8745 60.0052 54.307 45.2843 45.0826 43.4958 82.3322 42.0381 59.5273 54.2392 51.0979 49.0982 44.9126 58.0426 57.8752 47.4569 46.8635 40.5465
threshold=60.500000000000007 54.500000000000007 50138.500000000007 75617.500000000015 64689.500000000007 50791.000000000007 2990169.6250000005 44605.150390625007 70412.500000000015 54247.500000000007 6972632.5000000009 84157.500000000015 2914900.5000000005 15924157.500000002 17.500000000000004 4536756.0000000009 59183.500000000007 83702.500000000015 84004.000000000015 102132.50000000001 66130.500000000015 308039008.00000006 72301.500000000015 99474.000000000015 49185.000000000007 27799697.000000004 61616.000000000007 25009590.000000004 57321.000000000007 78286.500000000015
decision_type=2 2 2 2 2 2 2 2 2 2 2 2 2 2 2 2 2 2 2 2 2 2 2 2 2 2 2 2 2 2
left_child=-1 2 4 5 7 -4 8 15 -7 -5 11 12 29 17 -8 -2 -9 -12 -19 20 22 -22 24 -24 26 28 -15 -28 -26 -11
right_child=1 -3 3 9 -6 6 14 16 -10 10 13 -13 -14 19 -16 -17 -18 18 -20 -21 21 -23 23 -25 25 -27 27 -29 -30 -31
leaf_value=4.5774597497481741e-05 0.0012129530770281524 -2.5187361789383209e-06 -0.011750679335850195 0.0024042155718777443 0.0016104342927089111 0.0099009476916550043 -0.017796389988696495 -0.018943190237739327 -0.025614930388624085 0.0066851595459439805 -0.003485975406495779 0.0033344978273937547 -0.0017340351549595995 -0.0076866913010044842 -0.0010702499017544414 -0.0031210647581707196 -0.0041566784801936952 -0.031010839064285829 -0.001946402470625083 0.00091463756011246405 -0.011633748174672658 0.0093950029982942402 0.011610303944232587 -0.007744777212359737 -0.016347368905745199 -0.021421805079725298 0.0098265621807962049 -0.00024457643430089769 -0.0017003630879439159 -0.025766991836063482
leaf_weight=14883247 43139 1462328 14791 45003 122870 616 2075 3512 2897 479 107193 43769 11543 8328 30098 54649 4994 1675 2331 72908 10105 1396 5265 1745 2643 2258 5840 23533 12590 1962
leaf_count=14883247 43139 1462328 14791 45003 122870 616 2075 3512 2897 479 107193 43769 11543 8328 30098 54649 4994 1675 2331 72908 10105 1396 5265 1745 2643 2258 5840 23533 12590 1962
internal_value=1.65118e-13 -0.000324025 -0.00105839 -0.00162986 -3.33838e-05 -0.00616225 -0.00384597 -0.00193355 -0.0193873 -0.00099535 -0.00148017 0.00136061 -0.00481755 -0.00211654 -0.002149 -0.00120912 -0.0102618 -0.00386831 -0.0140989 -0.000787887 -0.00247205 -0.00908126 -0.00125002 0.00679224 -0.00227148 -0.00645956 -0.00032846 0.00175779 -0.00424169 -0.0193989
internal_weight=1.69858e+07 2.10254e+06 640207 411043 229164 50477 35686 106294 3513 360566 315563 57753 13984 257810 32173 97788 8506 111199 4006 146611 73703 11501 62202 7010 55192 17491 37701 29373 15233 2441
internal_count=16985782 2102535 640207 411043 229164 50477 35686 106294 3513 360566 315563 57753 13984 257810 32173 97788 8506 111199 4006 146611 73703 11501 62202 7010 55192 17491 37701 29373 15233 2441
is_linear=0
shrinkage=0.1


Tree=63
num_leaves=31
num_cat=0
split_feature=1 8 3 1 2 2 8 9 3 2 2 7 9 7 7 0 7 3 1 2 2 0 6 7 7 3 3 2 4 9
split_gain=23.2443 27.6765 53.8392 49.6319 64.3486 43.0585 38.0278 56.2714 37.3964 67.9096 45.3296 126.422 98.0563 58.9831 54.0478 53.5839 53.0101 50.145 41.3395 37.8537 36.7433 80.082 54.7813 62.1558 55.1989 89.492 67.1838 59.0218 55.77 75.4648
threshold=26.500000000000004 83702.500000000015 106300.50000000001 454.50000000000006 58.500000000000007 90.500000000000014 64994.500000000007 67744.000000000015 139047.50000000003 48.500000000000007 53.500000000000007 15924157.500000002 95243.500000000015 9107516.0000000019 358457600.00000006 36.500000000000007 15337344.000000002 128937.00000000001 1485.5000000000002 69.500000000000014 46.500000000000007 16.500000000000004 72066.601562500015 2356409.1250000005 4474299.0000000009 75140.000000000015 81139.500000000015 54.500000000000007 63540.500000000007 71851.000000000015
decision_type=2 2 2 2 2 2 2 2 2 2 2 2 2 2 2 2 2 2 2 2 2 2 2 2 2 2 2 2 2 2
left_child=-1 2 5 4 -4 20 -6 -8 10 -10 15 13 14 17 -13 -3 -17 -12 -14 -20 -2 -22 -23 -24 27 -26 28 -25 -27 -30
right_child=1 8 3 -5 6 -7 7 -9 9 -11 11 12 18 -15 -16 16 -18 -19 19 -21 21 22 23 24 25 26 -28 -29 29 -31
leaf_value=-0.0012651090016619453 0.00015724023720251095 -0.0015100347620718973 0.0058113070539698658 0.0006312868591917619 0.0036471998820061095 -0.014780713456095355 -0.05524652830701178 -0.0028843862123197001 -0.0069520455996615344 0.0052294395706186372 -0.0026471362531695092 0.0013140481631805511 -0.018808541158284574 -0.015877176536165816 -0.016746496190476988 0.0067997235466187474 -0.00023601056397733221 -0.021482256410835288 0.0052077306754805706 -0.018196790250392839 -0.0013171354263735681 4.0972072685960385e-06 0.0059913470445924133 -0.013530746208455097 -0.024083099944738839 -0.0069719844799118712 -0.0012211809988068611 -0.0028534066981210624 -0.035561641116516628 0.005764532528717687
leaf_weight=144000 7556829 127198 44787 442384 13611 1972 208 15443 5856 20945 10195 47399 3913 9374 1717 17538 27501 1641 1922 1079 546227 7424394 12214 7007 1671 4419 446242 19824 449 27823
leaf_count=144000 7556829 127198 44787 442384 13611 1972 208 15443 5856 20945 10195 47399 3913 9374 1717 17538 27501 1641 1922 1079 546227 7424394 12214 7007 1671 4419 446242 19824 449 27823
internal_value=6.11422e-13 1.08169e-05 2.7372e-05 0.00103237 0.00342852 -4.96715e-06 -0.000218468 -0.00358027 -0.000981821 0.00256779 -0.00136315 -0.00337603 -0.000886883 -0.00995156 0.000682687 -0.000460472 0.00250368 -0.00525853 -0.0120369 -0.00320729 -3.15138e-06 -0.000145909 -6.53764e-05 -0.00105797 -0.00122765 -0.000981213 -0.00090061 -0.00564183 0.00347527 0.00510821
internal_weight=1.69858e+07 1.68418e+07 1.65655e+07 516433 74049 1.60491e+07 29262 15651 276278 26801 249477 77240 56030 21210 49116 172237 45039 11836 6914 3001 1.60471e+07 8.49027e+06 7.94404e+06 519649 507435 480604 478933 26831 32691 28272
internal_count=16985782 16841782 16565504 516433 74049 16049071 29262 15651 276278 26801 249477 77240 56030 21210 49116 172237 45039 11836 6914 3001 16047099 8490270 7944043 519649 507435 480604 478933 26831 32691 28272
is_linear=0
shrinkage=0.1


Tree=64
num_leaves=31
num_cat=0
split_feature=3 9 3 1 5 0 3 3 5 9 2 0 2 4 4 8 7 8 3 8 10 3 8 3 9 4 9 8 3 3
split_gain=23.7728 42.9872 73.56 66.3496 57.0909 89.9275 70.2813 194.764 100.576 66.4874 64.9618 61.4867 75.9432 58.7684 148.752 149.774 122.989 94.4109 164.055 80.6113 56.3292 84.0554 135.836 165.013 123.609 81.6792 80.3314 72.8556 65.9714 65.8996
threshold=91691.500000000015 54768.000000000007 61676.500000000007 611.50000000000011 59781.500000000007 13.500000000000002 59183.500000000007 59909.500000000007 66048.500000000015 58108.500000000007 41.500000000000007 101.50000000000001 47.500000000000007 51901.500000000007 51423.500000000007 58332.000000000007 32083169.000000004 59413.000000000007 83763.500000000015 56415.500000000007 69226.500000000015 80440.500000000015 57321.000000000007 79679.000000000015 61995.500000000007 50362.500000000007 59934.500000000007 52569.000000000007 84736.000000000015 63524.500000000007
decision_type=2 2 2 2 2 2 2 2 2 2 2 2 2 2 2 2 2 2 2 2 2 2 2 2 2 2 2 2 2 2
left_child=1 2 -1 -4 5 -3 -6 8 10 -9 -8 12 -11 14 20 19 -15 -17 -19 -16 21 22 27 26 -25 -22 -24 -14 -23 -28
right_child=-2 4 3 -5 6 -7 7 9 -10 11 -12 -13 13 16 15 17 -18 18 -20 -21 25 28 23 24 -26 -27 29 -29 -30 -31
leaf_value=-7.4769786859907108e-05 0.0003310688782111311 -0.0056520147541616189 0.0015884106343371932 0.00029200779874454034 0.0013145375212063712 -0.00085661127910058364 -0.0074412221416808866 0.00084748210305131085 -0.0016545357375013581 -8.9398959188476178e-05 -0.02032980347205986 0.00045261548786057997 -0.0048240654276563693 -0.0009774902837812701 -0.011909357252557365 -0.02697349028057516 0.0040894541646337669 0.0016060730002832172 -0.023418240024618078 0.0071309327054952104 -0.0043559029845643511 0.0040080747752586363 -0.011040448372008198 -0.0052342337236300487 -0.029916379560398689 -0.032392079279911799 -0.03604402667664329 0.0015691732600729932 -0.00085255717712775137 -0.0019688114931679765
leaf_weight=7551629 1923330 42013 497697 1909194 303345 565153 7780 523332 11676 1551940 7863 744616 24081 938852 3500 5027 50480 5502 5001 6097 41240 42480 13439 3592 4663 1066 574 68608 81489 50523
leaf_count=7551629 1923330 42013 497697 1909194 303345 565153 7780 523332 11676 1551940 7863 744616 24081 938852 3500 5027 50480 5502 5001 6097 41240 42480 13439 3592 4663 1066 574 68608 81489 50523
internal_value=3.68753e-13 -4.22743e-05 7.86676e-05 0.000560078 -0.00027825 -0.00118843 -0.000155355 -0.000261684 -0.00867764 -0.000206497 -0.0139197 -0.000357915 -0.000566163 -0.00111578 -0.00221586 -0.00963423 -0.000718953 -0.0157034 -0.0103092 0.00018699 -0.001654 -0.00115583 -0.0026308 -0.00586382 -0.0191764 -0.00506234 -0.00416097 -9.18176e-05 0.000813018 -0.0023516
internal_weight=1.69858e+07 1.50625e+07 9.95852e+06 2.40689e+06 5.10393e+06 607166 4.49677e+06 4.19342e+06 27319 4.1661e+06 15643 3.64277e+06 2.89815e+06 1.34621e+06 356882 25127 989332 15530 10503 9597 331755 289449 165480 72791 8255 42306 64536 92689 123969 51097
internal_count=16985782 15062452 9958520 2406891 5103932 607166 4496766 4193421 27319 4166102 15643 3642770 2898154 1346214 356882 25127 989332 15530 10503 9597 331755 289449 165480 72791 8255 42306 64536 92689 123969 51097
is_linear=0
shrinkage=0.1


Tree=65
num_leaves=31
num_cat=0
split_feature=2 4 7 8 7 6 3 1 4 3 9 0 10 4 8 8 5 8 9 5 2 7 5 3 9 2 2 2 6 9
split_gain=23.4648 58.6187 87.5471 38.8292 47.8801 72.0125 110.557 54.3436 49.4166 30.8071 43.5221 89.2923 43.8414 95.5638 129.61 38.0498 53.7258 76.0032 72.6986 86.3305 58.8821 54.4489 49.9791 52.7455 106.525 52.8395 51.6604 67.2511 105.088 51.7128
threshold=74.500000000000014 75567.500000000015 11191745.000000002 78720.500000000015 5588554.0000000009 55793.750000000007 107802.00000000001 585.50000000000011 66245.000000000015 91691.500000000015 66031.000000000015 29.500000000000004 68026.500000000015 60314.500000000007 63767.000000000007 68940.500000000015 74859.500000000015 41567.500000000007 69843.500000000015 72944.500000000015 56.500000000000007 10270627.000000002 79836.000000000015 85011.000000000015 77454.500000000015 36.500000000000007 40.500000000000007 46.500000000000007 75823.050781250015 82919.000000000015
decision_type=2 2 2 2 2 2 2 2 2 2 2 2 2 2 2 2 2 2 2 2 2 2 2 2 2 2 2 2 2 2
left_child=9 3 -3 4 -2 -6 7 -7 -8 15 11 -11 13 14 -12 16 18 -18 -1 -20 -19 -21 -17 25 -25 -24 -26 28 -28 -30
right_child=1 2 -4 -5 5 6 8 -9 -10 10 12 -13 -14 -15 -16 22 17 20 19 21 -22 -23 23 24 26 -27 27 -29 29 -31
leaf_value=-5.3266374621653151e-06 0.001629220630125933 -0.032009273341566634 -0.0048157164682674572 0.0056103602073302944 0.00020920548985659654 -0.024541642790433048 0.0012081830393063614 -0.0077420539631164621 -0.0079085193884535152 0.0043738833698901726 -0.0033301325461376481 0.00060390124828652611 0.00021012237149850801 0.0055349502142731403 -0.023713579300518893 -0.0016251017298685713 -0.016097539127728124 0.0011483183996672057 -0.0090069058031947875 0.0032567456792676874 0.0065979220065659474 -0.0030921132054164244 -0.0004329801818539153 0.0032000175567711456 -0.00039552243478508287 0.002532899101923787 -0.032967700961219294 -0.002402549881708238 -0.0031294370887500512 -0.013139818598975148
leaf_weight=13894233 51665 1354 9423 9408 73672 2073 28865 27068 7488 77019 13555 340912 1348394 7380 4052 339686 2444 227471 18405 18992 21720 46783 127207 40020 56518 113814 1676 52688 13407 8390
leaf_count=13894233 51665 1354 9423 9408 73672 2073 28865 27068 7488 77019 13555 340912 1348394 7380 4052 339686 2444 227471 18405 18992 21720 46783 127207 40020 56518 113814 1676 52688 13407 8390
internal_value=-3.66584e-13 -0.00104794 -0.00823226 -0.000661275 -0.000970467 -0.00193559 -0.00434821 -0.00893712 -0.000669678 1.31824e-05 0.000405121 0.00129866 0.00013321 -0.00401727 -0.00802109 -3.36749e-05 2.99266e-06 0.0014512 -2.30776e-05 -0.00295294 0.00162332 -0.00125893 -0.000726237 1.17784e-05 -0.00132212 0.000967556 -0.00268613 -0.00438596 -0.00883795 -0.00698259
internal_weight=1.69858e+07 211016 10777 200239 190831 139166 65494 29141 36353 1.67748e+07 1.79131e+06 417931 1.37338e+06 24987 17607 1.49835e+07 1.423e+07 251635 1.39784e+07 84180 249191 65775 753406 413720 172699 241021 132679 76161 23473 21797
internal_count=16985782 211016 10777 200239 190831 139166 65494 29141 36353 16774766 1791312 417931 1373381 24987 17607 14983454 14230048 251635 13978413 84180 249191 65775 753406 413720 172699 241021 132679 76161 23473 21797
is_linear=0
shrinkage=0.1


Tree=66
num_leaves=31
num_cat=0
split_feature=2 0 5 4 4 9 8 3 8 8 9 7 7 3 9 1 5 9 2 6 4 9 0 7 7 7 10 10 4 6
split_gain=21.6044 45.5406 38.856 35.7785 32.1629 126.586 38.5603 52.648 33.7475 81.1667 52.2208 34.5452 31.234 27.9871 79.0206 60.0312 55.6279 62.0374 86.2085 63.158 65.293 69.9961 57.4183 48.6873 72.0212 63.3078 76.8109 75.934 83.3747 63.8279
threshold=63.500000000000007 32.500000000000007 111785.50000000001 74646.500000000015 76738.500000000015 85490.500000000015 85874.000000000015 114726.00000000001 78720.500000000015 79580.500000000015 82142.500000000015 10672089.000000002 453019.87500000006 72237.500000000015 58108.500000000007 576.50000000000011 64074.000000000007 60880.500000000007 61.500000000000007 58877.750000000007 21036.500000000004 64413.000000000007 58.500000000000007 1278411.5000000002 1623321.8750000002 11659021.500000002 58397.000000000007 60533.500000000007 57831.500000000007 60758.048828125007
decision_type=2 2 2 2 2 2 2 2 2 2 2 2 2 2 2 2 2 2 2 2 2 2 2 2 2 2 2 2 2 2
left_child=13 -2 3 12 5 8 -6 -8 -5 10 -10 -11 -3 -1 15 -15 23 18 22 20 -19 -22 -18 -16 -25 27 -27 -26 -29 -28
right_child=1 2 -4 4 6 -7 7 -9 9 11 -12 -13 -14 14 16 -17 17 19 -20 -21 21 -23 -24 24 25 26 29 28 -30 -31
leaf_value=-5.7201118997615442e-05 -0.0019653246016797009 -0.014695073776789689 0.011424887349471797 0.00085168349040738018 0.0036604656607989484 -0.038314062895785483 -0.017791546199450767 -0.001596466943623427 -0.01413877130537685 0.0048772094736763806 -0.045089661858057017 -0.0074202838601007794 -5.410070945933854e-05 0.002418543972466458 -0.023410532513489516 0.00059896970458457534 0.0040639971194332096 -0.00079303499319304655 -0.0119341666866787 7.6200581584212276e-05 -0.005202578410599513 -0.02081945296165939 0.00054222799034677773 0.0078760080129090075 -0.00051182839963658086 -0.031807038435351737 0.00023584258545779845 -0.006520914180636668 0.0053364793311607688 -0.031973562946597353
leaf_weight=10756833 160601 1459 2883 9006 12787 1120 2236 19627 2869 3941 673 5434 1115352 228321 997 880734 87756 34083 4414 3262356 15332 3531 97985 8345 58556 759 137793 62833 6548 618
leaf_count=10756833 160601 1459 2883 9006 12787 1120 2236 19627 2869 3941 673 5434 1115352 228321 997 880734 87756 34083 4414 3262356 15332 3531 97985 8345 58556 759 137793 62833 6548 618
internal_value=8.23083e-14 -0.000385682 -0.000170211 -0.000198673 -0.00262703 -0.00552236 -0.000701569 -0.00325279 -0.0038471 -0.00712319 -0.0200196 -0.00225075 -7.32277e-05 3.29783e-05 0.000231313 0.000973565 1.36448e-05 0.000121347 0.0018779 2.05969e-05 -0.00340552 -0.00812593 0.00220614 -0.00135206 -0.00127222 -0.00155803 -8.19411e-05 -0.00316371 -0.00540184 9.20288e-05
internal_weight=1.69858e+07 1.33799e+06 1.17739e+06 1.1745e+06 57693 23043 34650 21863 21923 12917 3542 9375 1.11681e+06 1.56478e+07 4.89096e+06 1.10906e+06 3.78191e+06 3.50546e+06 190155 3.3153e+06 52946 18863 185741 276449 275452 267107 139170 127937 69381 138411
internal_count=16985782 1337988 1177387 1174504 57693 23043 34650 21863 21923 12917 3542 9375 1116811 15647794 4890961 1109055 3781906 3505457 190155 3315302 52946 18863 185741 276449 275452 267107 139170 127937 69381 138411
is_linear=0
shrinkage=0.1


Tree=67
num_leaves=31
num_cat=0
split_feature=0 1 3 7 7 3 1 5 2 8 7 7 5 0 1 0 1 0 4 1 4 0 1 0 1 4 0 4 0 1
split_gain=22.0429 100.836 52.3126 55.2457 47.7275 39.0689 38.9888 38.2211 47.765 34.2548 33.4012 31.8865 29.9451 29.881 73.6349 61.9727 83.6667 61.1055 52.5855 44.9253 53.2195 52.8371 37.9976 63.7897 52.5836 57.2145 54.7385 45.2198 36.6304 30.5493
threshold=6.5000000000000009 160.50000000000003 17682.000000000004 4335634.5000000009 2273446.5000000005 44299.000000000007 17.500000000000004 41005.000000000007 17.500000000000004 32045.000000000004 42324958.000000007 7565030.2500000009 61411.000000000007 8.5000000000000018 214.50000000000003 11.500000000000002 277.50000000000006 14.500000000000002 37956.500000000007 339.50000000000006 42504.000000000007 17.500000000000004 409.50000000000006 22.500000000000004 522.50000000000011 44068.500000000007 26.500000000000004 41884.500000000007 13.500000000000002 603.50000000000011
decision_type=2 2 2 2 2 2 2 2 2 2 2 2 2 2 2 2 2 2 2 2 2 2 2 2 2 2 2 2 2 2
left_child=2 11 4 -4 -1 7 -6 9 -9 -5 -7 -2 -10 -3 -15 -16 18 -18 -17 20 -19 -21 27 -24 25 -25 -26 -23 -20 -28
right_child=1 13 3 5 6 10 -8 8 12 -11 -12 -13 -14 14 15 16 17 19 28 21 -22 22 23 24 26 -27 29 -29 -30 -31
leaf_value=-0.0014994933227425475 0.00072284750997628384 -0.0011584762596708606 -0.0034587672545429399 0.00038280826562003524 -0.0050319920182218232 -0.001126293271345991 0.0086648948835746798 -0.002351266589108867 0.0029649551769583195 -0.0046739296726359637 0.00018755488590795804 0.0040435416330838964 0.011000358249778484 0.0019422531441982754 -0.0014815142776140708 0.00070872956500933712 -0.0015505975901151951 0.00037098227119877416 0.0026088674155357052 -0.0015025797798640548 0.0035122362640169305 0.00026265373904888454 -0.0012575248326764849 0.00035973828293521629 -0.0015945381042088509 0.0027052403508649242 0.00084320341370431413 0.0027755579930989539 0.0072136438455255303 -5.4598149814737479e-06
leaf_weight=10849 45106 216657 61188 83011 2391 543173 15888 17158 69186 15974 300568 80567 4971 197580 277483 142930 250800 173373 67544 230140 78289 215575 392012 360957 212454 146093 439433 107231 23212 12203989
leaf_count=10849 45106 216657 61188 83011 2391 543173 15888 17158 69186 15974 300568 80567 4971 197580 277483 142930 250800 173373 67544 230140 78289 215575 392012 360957 212454 146093 439433 107231 23212 12203989
internal_value=2.53159e-14 3.033e-05 -0.000427868 -0.000539106 0.00375475 -0.000366339 0.00687326 0.000927951 0.00240347 -0.000433238 -0.000658258 0.00285169 0.0035036 7.79727e-06 2.40792e-05 -6.56753e-07 2.66573e-05 -2.96567e-06 0.00190407 2.36935e-05 0.00134819 3.9695e-07 2.49673e-05 -2.00961e-07 3.66836e-05 0.00103553 -2.71208e-06 0.0010974 0.0037866 2.40362e-05
internal_weight=1.69858e+07 1.58614e+07 1.12436e+06 1.09523e+06 29128 1.03404e+06 18279 190300 91315 98985 843741 125673 74157 1.57358e+07 1.55191e+07 1.53215e+07 1.5044e+07 1.48103e+07 233686 1.45595e+07 251662 1.43079e+07 1.40777e+07 1.37549e+07 1.33629e+07 507050 1.28559e+07 322806 90756 1.26434e+07
internal_count=16985782 15861425 1124357 1095229 29128 1034041 18279 190300 91315 98985 843741 125673 74157 15735752 15519095 15321515 15044032 14810346 233686 14559546 251662 14307884 14077744 13754938 13362926 507050 12855876 322806 90756 12643422
is_linear=0
shrinkage=0.1


Tree=68
num_leaves=31
num_cat=0
split_feature=0 1 9 5 5 5 10 4 9 4 1 0 4 9 6 3 9 5 1 2 10 7 5 10 6 4 10 7 2 10
split_gain=20.4163 43.4457 26.2541 81.8116 77.221 59.9574 121.94 71.5563 57.4632 57.0547 55.8426 64.3038 56.6878 52.0185 103.571 68.2477 60.581 69.9696 55.0888 90.0887 52.3723 61.7129 51.7398 49.5534 71.6791 70.2307 98.7242 131.221 61.3816 59.5394
threshold=116.50000000000001 2162.5000000000005 71851.000000000015 73266.000000000015 74859.500000000015 79836.000000000015 77782.500000000015 75567.500000000015 76222.000000000015 73635.500000000015 862.50000000000011 3.5000000000000004 36382.000000000007 69843.500000000015 69804.000000000015 81879.500000000015 62566.500000000007 70460.000000000015 1132.5000000000002 65.500000000000014 69478.500000000015 2579582.5000000005 66725.500000000015 63341.000000000007 61409.300781250007 54157.500000000007 64126.500000000007 26830737.000000004 63.500000000000007 65244.000000000007
decision_type=2 2 2 2 2 2 2 2 2 2 2 2 2 2 2 2 2 2 2 2 2 2 2 2 2 2 2 2 2 2
left_child=1 2 4 -4 13 6 -5 -8 9 -7 11 -6 -13 15 -15 16 22 20 19 -17 23 -22 -1 -18 28 26 -26 29 -25 -28
right_child=-2 -3 3 5 10 8 7 -9 -10 -11 -12 12 -14 14 -16 18 17 -19 -20 -21 21 -23 -24 24 25 -27 27 -29 -30 -31
leaf_value=-3.0472217430036123e-05 0.00029528678247209256 -0.001324940714215824 -0.021080295707053817 -0.00092946477795122391 -0.00015916009496465754 0.0017414835830345081 -0.0093110594005474251 0.010883250010086205 -0.00023655671656404496 0.018284174219212596 -5.4555261501865248e-05 -0.002251346306072528 0.0047991799299031889 -0.0043104941201426552 0.00062476747726497486 0.0017123447961312932 -0.007738025961841608 0.00041175079860840543 1.3773330186159203e-05 -0.0011425326637694675 0.0064992696544204989 -0.020265872606648843 0.0019495680347654089 0.0026391233029138877 0.0041588946537966685 -0.0010308701328695 -0.015156400000262025 -0.0022252710398802922 -0.025381817107536932 -0.0067233670750259465
leaf_weight=10190599 2057803 258857 1911 442470 51788 125820 24842 1888 989393 2120 115333 12752 107856 81755 88610 651138 12366 267326 714292 133134 1204 3028 133702 50709 13374 352142 13158 62600 794 23018
leaf_count=10190599 2057803 258857 1911 442470 51788 125820 24842 1888 989393 2120 115333 12752 107856 81755 88610 651138 12366 267326 714292 133134 1204 3028 133702 50709 13374 352142 13158 62600 794 23018
internal_value=2.58295e-14 -4.07049e-05 -1.80428e-05 -0.000401949 2.85767e-05 -0.000377042 -0.0013257 -0.00788469 2.13261e-05 0.0020156 0.00164869 0.00278817 0.00405372 -7.8617e-06 -0.00174357 1.55649e-05 -6.97798e-05 -0.000908272 0.000649089 0.00122772 -0.00157108 -0.0126512 -4.83025e-06 -0.0014823 -0.00133232 -0.00172495 -0.0039043 -0.00499603 0.00220714 -0.00979065
internal_weight=1.69858e+07 1.4928e+07 1.46691e+07 1.58844e+06 1.30807e+07 1.58653e+06 469200 26730 1.11733e+06 127940 287729 172396 120608 1.27929e+07 170365 1.26226e+07 1.1124e+07 799719 1.49856e+06 784272 532393 4232 1.03243e+07 528161 515795 464292 112150 98776 51503 36176
internal_count=16985782 14927979 14669122 1588444 13080678 1586533 469200 26730 1117333 127940 287729 172396 120608 12792949 170365 12622584 11124020 799719 1498564 784272 532393 4232 10324301 528161 515795 464292 112150 98776 51503 36176
is_linear=0
shrinkage=0.1


Tree=69
num_leaves=31
num_cat=0
split_feature=1 7 2 0 1 0 1 0 1 0 4 1 0 1 6 0 1 4 1 0 1 0 4 1 4 1 0 5 1 1
split_gain=19.9608 25.5144 24.5905 46.0529 57.2109 41.4518 70.929 56.9925 46.7424 48.1753 38.9186 37.0276 46.3 44.9608 44.1684 42.6238 38.8815 36.1716 33.6472 51.6754 46.2411 65.6815 59.105 37.2034 36.7969 35.1517 100.697 33.1505 32.5688 32.5011
threshold=26.500000000000004 104294700.00000001 33.500000000000007 7.5000000000000009 187.50000000000003 10.500000000000002 259.50000000000006 13.500000000000002 321.50000000000006 17.500000000000004 35275.500000000007 400.50000000000006 22.500000000000004 513.50000000000011 55793.750000000007 27.500000000000004 585.50000000000011 35275.500000000007 611.50000000000011 34.500000000000007 766.50000000000011 40.500000000000007 38754.500000000007 705.50000000000011 35275.500000000007 938.50000000000011 50.500000000000007 54264.000000000007 1043.5000000000002 1114.5000000000002
decision_type=2 2 2 2 2 2 2 2 2 2 2 2 2 2 2 2 2 2 2 2 2 2 2 2 2 2 2 2 2 2
left_child=1 -1 -2 -4 -5 -6 -7 -8 10 -10 -9 17 -13 14 -14 16 -15 -11 24 23 22 -22 -21 -20 -17 27 28 -23 -27 -28
right_child=2 -3 3 4 5 6 7 8 9 11 -12 12 13 15 -16 18 -18 -19 19 20 21 25 -24 -25 -26 26 29 -29 -30 -31
leaf_value=-0.0022414181920623402 0.00041721823462893934 0.00048501367655661408 -0.00089615114655812672 0.0020845203041802447 -0.0011855406206369456 0.0018372016915148366 -0.0015546121827168897 0.00017308300280989759 -0.0012048983271440385 0.00011482241284865886 0.0028246674779906968 -0.0010354769101925238 0.00046022491012488558 -0.0004965446534883791 0.0028625494637349444 1.8799918887703297e-05 -0.002989848272407634 0.0024669429428889507 -0.00047590865394517431 7.7003068147193585e-05 -0.0014600643143867006 0.00012026845795859209 0.0020341912971167655 -0.0024175031986615318 0.0019305941386893893 -0.0011370248513838898 0.00060261904177231432 0.0013193718977139229 -0.003391445315149972 -2.3926039034027425e-05
leaf_weight=87536 1363049 56464 585018 131553 294063 210220 235887 114643 329551 142634 107033 421720 304532 250471 102223 212701 83361 120713 368451 383711 303491 563612 258074 134792 191155 297699 924374 390158 81659 7935234
leaf_count=87536 1363049 56464 585018 131553 294063 210220 235887 114643 329551 142634 107033 421720 304532 250471 102223 212701 83361 120713 368451 383711 303491 563612 258074 134792 191155 297699 924374 390158 81659 7935234
internal_value=5.60811e-14 -0.00117235 1.00238e-05 -2.58335e-05 8.35216e-06 -1.01496e-05 1.37401e-05 -1.31452e-05 1.27863e-05 -1.03538e-05 0.00145336 1.88697e-05 -4.54139e-06 2.94627e-05 0.00106396 -4.52949e-06 -0.00111915 0.00119299 2.63623e-05 -4.76795e-06 4.00165e-05 -1.0367e-05 0.000864026 -0.000995958 0.000923699 3.2798e-05 -2.68695e-05 0.000610785 -0.0016223 4.1445e-05
internal_weight=1.69858e+07 144000 1.68418e+07 1.54787e+07 1.48937e+07 1.47622e+07 1.44681e+07 1.42579e+07 1.4022e+07 1.38003e+07 221676 1.34708e+07 1.32074e+07 1.27857e+07 406755 1.23789e+07 333832 263347 1.20451e+07 1.16413e+07 1.1138e+07 1.04962e+07 641785 503243 403856 1.01927e+07 9.23897e+06 953770 379358 8.85961e+06
internal_count=16985782 144000 16841782 15478733 14893715 14762162 14468099 14257879 14021992 13800316 221676 13470765 13207418 12785698 406755 12378943 333832 263347 12045111 11641255 11138012 10496227 641785 503243 403856 10192736 9238966 953770 379358 8859608
is_linear=0
shrinkage=0.1


Tree=70
num_leaves=31
num_cat=0
split_feature=1 7 2 8 2 3 3 8 3 2 0 5 5 8 9 6 10 5 2 6 5 9 3 0 9 3 2 9 9 6
split_gain=18.0627 34.7648 29.0164 29.1929 41.7453 33.4897 29.0069 46.5471 63.222 64.3206 56.3196 52.2496 42.0054 91.0938 47.3918 48.7705 67.64 142.304 123.005 56.9748 56.1754 49.7647 45.0314 51.5304 41.0401 46.6814 40.7343 49.143 40.6641 39.0183
threshold=44.500000000000007 63497342.000000007 31.500000000000004 97187.500000000015 64.500000000000014 139047.50000000003 110507.00000000001 80672.500000000015 109047.50000000001 57.500000000000007 38.500000000000007 84759.000000000015 84087.000000000015 79580.500000000015 79244.000000000015 77147.750000000015 77782.500000000015 79836.000000000015 63.500000000000007 70618.500000000015 78793.500000000015 76222.000000000015 84484.000000000015 46.500000000000007 77454.500000000015 90058.000000000015 60.500000000000007 75689.000000000015 81255.500000000015 83374.851562500015
decision_type=2 2 2 2 2 2 2 2 2 2 2 2 2 2 2 2 2 2 2 2 2 2 2 2 2 2 2 2 2 2
left_child=1 -1 -2 6 -5 -6 7 12 9 10 -9 -12 13 14 15 16 20 19 -19 -18 21 -4 23 -14 -21 -26 -22 -28 -15 -11
right_child=2 -3 3 4 5 -7 -8 8 -10 29 11 -13 22 28 -16 -17 17 18 -20 24 26 -23 -24 -25 25 -27 27 -29 -30 -31
leaf_value=-0.0017332805542394183 0.00061212207344352523 0.00048801595802497343 -2.6366905954571902e-05 -0.0045517689132485621 -0.017727395686704447 0.0086429378381172022 0.00077408303969387195 -0.0022469762849330398 -0.0083796004034173057 -0.014948765154848413 -0.014243641028268134 0.0022333728915290996 0.0077909323241326395 -0.007262708810339919 -0.0024901876003724697 0.002194733091227973 -0.036487960645714253 -0.00011122344102115689 -0.015364169187263136 -0.010296748694039721 0.0024909546194170919 -0.0090288477710931611 0.00069969093212760589 0.00044278055629770737 0.0043097763149675039 -0.020754539746976362 -0.00048724538307835531 -0.016791188251721739 -0.027568920941448152 -0.003500869309005616
leaf_weight=165078 772381 122922 14551249 27132 544 4198 458872 82942 12983 4917 1987 61221 20969 2708 77941 98958 733 121797 5527 19255 129154 6143 192599 17515 4153 905 9612 2289 1551 7547
leaf_count=165078 772381 122922 14551249 27132 544 4198 458872 82942 12983 4917 1987 61221 20969 2708 77941 98958 733 121797 5527 19255 129154 6143 192599 17515 4153 905 9612 2289 1551 7547
internal_value=-1.78075e-13 -0.000785203 1.3543e-05 -1.5488e-05 -0.00303882 0.00561775 -9.42482e-06 -3.27185e-05 -0.00167053 -0.00112137 -0.000533298 0.0017154 -1.43052e-05 -3.48739e-05 -3.07297e-05 -1.79072e-05 -3.26511e-05 -0.00212875 -0.000773338 -0.00901916 -1.09221e-05 -3.01658e-05 0.00132369 0.00444661 -0.00819102 -0.000174843 0.0019751 -0.00362309 -0.0146576 -0.00801702
internal_weight=1.69858e+07 288000 1.66978e+07 1.59254e+07 31874 4742 1.58935e+07 1.54347e+07 171597 158614 146150 63208 1.52631e+07 1.5032e+07 1.50277e+07 1.49498e+07 1.48508e+07 152370 127324 25046 1.46984e+07 1.45574e+07 231083 38484 24313 5058 141055 11901 4259 12464
internal_count=16985782 288000 16697782 15925401 31874 4742 15893527 15434655 171597 158614 146150 63208 15263058 15031975 15027716 14949775 14850817 152370 127324 25046 14698447 14557392 231083 38484 24313 5058 141055 11901 4259 12464
is_linear=0
shrinkage=0.1


Tree=71
num_leaves=31
num_cat=0
split_feature=9 3 0 5 0 6 2 5 4 3 3 2 0 8 7 9 7 4 9 9 9 7 2 9 9 0 9 0 8 2
split_gain=17.7727 112.215 92.1581 66.1667 118.496 59.8067 46.7879 43.8679 43.5275 66.1618 79.1094 79.2928 72.0172 67.0385 65.4053 53.1162 48.3821 51.8396 64.9358 42.6362 42.3531 39.647 39.5861 39.1812 39.2307 49.7092 44.3615 38.5748 57.1159 53.2827
threshold=45751.000000000007 55918.500000000007 27.500000000000004 48938.500000000007 17.500000000000004 39335.250000000007 50.500000000000007 50402.000000000007 42272.500000000007 50840.500000000007 52995.500000000007 39.500000000000007 57.500000000000007 52910.500000000007 19590535.000000004 53236.500000000007 7897553.7500000009 48656.500000000007 49051.500000000007 42699.500000000007 47811.000000000007 10672089.000000002 76.500000000000014 70819.500000000015 65311.000000000007 33.500000000000007 57871.500000000007 24.500000000000004 46141.000000000007 41.500000000000007
decision_type=2 2 2 2 2 2 2 2 2 2 2 2 2 2 2 2 2 2 2 2 2 2 2 2 2 2 2 2 2 2
left_child=1 7 6 4 -2 -5 21 19 27 -10 11 13 15 -11 -15 16 17 18 -13 -1 -14 -3 -12 24 25 -24 -27 28 29 -7
right_child=3 2 -4 5 -6 8 -8 -9 9 10 22 12 20 14 -16 -17 -18 -19 -20 -21 -22 -23 23 -25 -26 26 -28 -29 -30 -31
leaf_value=-2.7348480880514734e-06 -0.0099935613533754224 0.0074521911492379175 0.00058482285515251893 -0.012177620167144005 -0.0011589913225901294 0.0016651853181332212 0.0014892923625656523 0.0026549957747868326 0.0017902161378019997 0.0017456378072093664 8.5106236010080885e-05 -0.0061256021486068568 -0.011493929620150663 -0.013804913673462569 0.00053667384028365265 -0.015486068382106975 0.0043249796001689862 0.0066626663942246436 -0.021415707892268071 -0.00093777213768221092 -0.00078551853065753812 0.0031360066895420018 -0.011459066421500481 -0.0051792253803201365 0.0035789756324445029 0.0020275272342896314 -0.0043299734989900819 -0.00021762154151269559 -0.0021903620239049617 -0.0015727605156550938
leaf_weight=4761450 16693 30138 1000250 4063 167746 100669 118887 58498 216749 49249 7528834 9420 4176 6154 6580 8324 3717 1991 3939 543309 31965 72424 5067 27264 16329 23051 20952 1776234 269024 102636
leaf_count=4761450 16693 30138 1000250 4063 167746 100669 118887 58498 216749 49249 7528834 9420 4176 6154 6580 8324 3717 1991 3939 543309 31965 72424 5067 27264 16329 23051 20952 1776234 269024 102636
internal_value=2.76927e-13 0.000128556 0.000993488 -8.13909e-05 -0.00195858 -4.75016e-05 0.00283936 -6.84677e-05 -4.26756e-05 6.70261e-05 1.8814e-05 -0.0024713 -0.00495391 7.33555e-05 -0.00639423 -0.0088213 -0.0059117 -0.00839051 -0.010634 -9.85006e-05 -0.00202285 0.00440432 5.98225e-05 -0.00199447 -0.000666785 -0.00207964 -0.000999593 -0.000431207 -0.00123441 3.05486e-05
internal_weight=1.69858e+07 6.58496e+06 1.2217e+06 1.04008e+07 184439 1.02164e+07 221449 5.36326e+06 1.02123e+07 7.96376e+06 7.74701e+06 125515 63532 61983 12734 27391 19067 15350 13359 5.30476e+06 36141 102562 7.6215e+06 92663 65399 49070 44003 2.24856e+06 472329 203305
internal_count=16985782 6584956 1221699 10400826 184439 10216387 221449 5363257 10212324 7963761 7747012 125515 63532 61983 12734 27391 19067 15350 13359 5304759 36141 102562 7621497 92663 65399 49070 44003 2248563 472329 203305
is_linear=0
shrinkage=0.1


Tree=72
num_leaves=31
num_cat=0
split_feature=2 2 0 6 3 8 8 8 9 8 3 8 6 7 3 5 3 7 3 9 4 8 0 2 8 6 4 5 7 7
split_gain=18.0142 17.6487 43.6844 26.9435 100.81 74.0982 82.8134 56.5183 45.6423 61.9411 83.8817 64.9083 52.6335 51.1619 61.946 48.6979 64.0346 87.9823 60.5587 85.0176 66.5275 46.3168 44.5055 43.7949 42.4879 41.8046 84.6529 59.4278 52.1872 48.6774
threshold=15.500000000000002 53.500000000000007 12.500000000000002 40152.949218750007 63783.500000000007 54772.500000000007 53067.500000000007 22482.000000000004 51779.500000000007 51503.000000000007 85686.000000000015 54090.500000000007 58647.699218750007 3519445.7500000005 81879.500000000015 60544.000000000007 66147.000000000015 7301273.0000000009 79367.000000000015 56673.500000000007 47558.500000000007 59967.500000000007 50.500000000000007 59.500000000000007 58332.000000000007 49777.050781250007 45793.500000000007 54264.000000000007 2497238.1250000005 11046806.500000002
decision_type=2 2 2 2 2 2 2 2 2 2 2 2 2 2 2 2 2 2 2 2 2 2 2 2 2 2 2 2 2 2
left_child=-1 -2 -3 -4 5 6 22 -6 -9 10 12 13 -10 14 -11 18 17 -17 24 -20 -21 -19 25 -7 -13 29 27 -27 -28 -5
right_child=1 2 3 4 7 23 -8 8 9 11 -12 15 -14 -15 -16 16 -18 21 19 20 -22 -23 -24 -25 -26 26 28 -29 -30 -31
leaf_value=-0.0016978876961342316 7.2834415928892078e-05 -0.0021166052360640417 0.00041601556815700641 -0.0034469048688700213 -0.027011713831655321 -0.0062053326359718325 0.0059582104060328578 0.00070928245014132438 -0.0026484805544447747 -0.0013992548346665702 0.0007909088258532045 -0.00053674081006607006 -0.018084159316178513 0.0016690636105293505 -0.018192393684814994 0.00083659304016613317 -4.9600824421291603e-05 -0.012345658647183268 -0.001623739887663658 -0.023540297276040231 -0.0076060949355068758 -0.037195605487478051 -0.00086066553923786209 -0.025105940797642626 -0.023608662974812206 -0.020829206916837501 -0.01570400250373109 -0.0064497336321519914 0.0024336852761217284 0.00075349637400775585
leaf_weight=62259 11874658 110520 822860 91163 775 18295 15632 715720 183458 23138 97251 110141 2236 296239 2427 6453 2044856 5079 26481 3273 13138 880 394210 1314 804 5133 1909 6531 9386 39563
leaf_count=62259 11874658 110520 822860 91163 775 18295 15632 715720 183458 23138 97251 110141 2236 296239 2427 6453 2044856 5079 26481 3273 13138 880 394210 1314 804 5133 1909 6531 9386 39563
internal_value=-2.46025e-13 6.24626e-06 -0.000150365 -0.000106361 -0.000210806 -0.00142892 -0.00121865 -9.71446e-06 -3.7889e-06 -0.000185034 -0.00158831 -2.82774e-05 -0.00283435 0.00129866 -0.0029935 -0.000221399 -9.3067e-05 -0.00725404 -0.00193759 -0.00512857 -0.010784 -0.0160154 -0.00142341 -0.00747186 -0.000703939 -0.00286687 -0.00680238 -0.0127777 -0.000631817 -0.00217569
internal_weight=1.69858e+07 1.69235e+07 5.04886e+06 4.93834e+06 4.11548e+06 583136 563527 3.53235e+06 3.53157e+06 2.81585e+06 282945 2.53291e+06 185694 321804 25565 2.2111e+06 2.05727e+06 12412 153837 42892 16411 5959 547895 19609 110945 153685 22959 11664 11295 130726
internal_count=16985782 16923523 5048865 4938345 4115485 583136 563527 3532349 3531574 2815854 282945 2532909 185694 321804 25565 2211105 2057268 12412 153837 42892 16411 5959 547895 19609 110945 153685 22959 11664 11295 130726
is_linear=0
shrinkage=0.1


Tree=73
num_leaves=31
num_cat=0
split_feature=3 9 0 8 3 0 5 2 8 3 5 4 7 10 2 4 8 0 1 3 5 3 9 9 0 1 0 1 0 1
split_gain=18.3904 69.9932 86.7111 42.7745 40.0402 52.1567 86.6122 73.8413 51.1043 63.2166 50.101 50.3814 43.2188 41.5044 40.8528 39.5472 36.0775 34.2582 116.389 43.2459 55.0525 97.8779 96.6008 63.2787 35.3362 73.176 44.1456 49.4885 46.3326 52.7641
threshold=41519.500000000007 35754.000000000007 20.500000000000004 29146.500000000004 31866.500000000004 46.500000000000007 37950.000000000007 61.500000000000007 35765.000000000007 37777.000000000007 49884.500000000007 36382.000000000007 651101.90625000012 36575.000000000007 57.500000000000007 35474.000000000007 34273.000000000007 10.500000000000002 241.50000000000003 44299.000000000007 49308.500000000007 49811.000000000007 45751.000000000007 44419.500000000007 12.500000000000002 304.50000000000006 15.500000000000002 374.50000000000006 20.500000000000004 505.50000000000006
decision_type=2 2 2 2 2 2 2 2 2 2 2 2 2 2 2 2 2 2 2 2 2 2 2 2 2 2 2 2 2 2
left_child=3 2 -2 -1 -5 6 7 12 14 10 11 15 -6 -14 -8 -10 -15 19 -19 -3 21 -21 -22 -23 -20 -26 -27 -28 -29 -30
right_child=1 17 -4 4 5 -7 8 -9 9 -11 -12 -13 13 16 -16 -17 -18 18 24 20 22 23 -24 -25 25 26 27 28 29 -31
leaf_value=4.9922257070044736e-05 0.0033010776531852849 0.0025098358387450992 0.0004999272492209625 0.00078845408638992121 -0.022432050239115743 -0.00033968044306298 0.0016512389552783891 -0.027868413139116824 -0.0072324594582197843 -0.00041453072997185844 0.00042983793019520545 -0.016631280267807851 -0.0030523924703704623 -0.017566122494692523 -0.049414250900031653 0.0042265486890014038 0.0010970495321099445 0.0037638111795304293 -0.0014334744066865767 -0.0054987648154497248 0.005285612099210895 0.0013089034635064862 -0.00051993069355883638 -0.0062164314143263212 0.0021341513877849317 -0.0015171606501604279 0.0015459919182348519 -0.0011688940034866792 0.0011470656091312991 -5.7994007099653082e-06
leaf_weight=1921375 127928 46477 811652 144638 1197 498853 72992 1254 19378 103917 11504 4890 148453 3632 157 3566 1449 83461 165767 60402 29396 60601 1146699 13700 164016 186972 211870 327317 413070 10199199
leaf_count=1921375 127928 46477 811652 144638 1197 498853 72992 1254 19378 103917 11504 4890 148453 3632 157 3566 1449 83461 165767 60402 29396 60601 1146699 13700 164016 186972 211870 327317 413070 10199199
internal_value=5.94849e-14 4.75783e-05 0.000881316 -0.000227561 -0.000752376 -0.00100818 -0.00190369 -0.00370001 -0.0006089 -0.00170701 -0.00512128 -0.0074156 -0.00350414 -0.00335657 0.00154164 -0.00545148 -0.0122438 -1.21797e-05 4.27596e-05 -0.000487859 -0.000594149 -0.00250908 -0.000374824 -7.86564e-05 1.61435e-05 3.70346e-05 6.69873e-06 3.22487e-05 2.93158e-06 3.90745e-05
internal_weight=1.69858e+07 1.40485e+07 939580 2.93726e+06 1.01588e+06 871242 372389 155985 216404 143255 39338 27834 154731 153534 73149 22944 5081 1.31089e+07 1.17517e+07 1.35728e+06 1.3108e+06 134703 1.1761e+06 74301 1.16682e+07 1.15024e+07 1.13384e+07 1.11515e+07 1.09396e+07 1.06123e+07
internal_count=16985782 14048527 939580 2937255 1015880 871242 372389 155985 216404 143255 39338 27834 154731 153534 73149 22944 5081 13108947 11751672 1357275 1310798 134703 1176095 74301 11668211 11502444 11338428 11151456 10939586 10612269
is_linear=0
shrinkage=0.1


Tree=74
num_leaves=31
num_cat=0
split_feature=3 9 5 3 5 4 9 5 2 6 7 5 5 9 5 7 5 4 10 4 9 10 7 7 8 0 9 7 6 3
split_gain=16.2704 28.256 74.9039 62.2931 58.3865 66.191 35.8743 50.6108 47.3827 42.4557 53.7523 149.095 37.0255 46.6842 67.8167 71.5733 51.1579 55.2631 50.1059 49.0429 47.656 43.2761 46.2541 50.2688 49.8492 41.4863 39.3093 38.4795 45.3471 38.1604
threshold=117405.50000000001 84078.500000000015 89819.000000000015 82960.000000000015 86433.500000000015 78072.000000000015 80541.000000000015 82773.500000000015 67.500000000000014 72786.453125000015 18735614.000000004 77413.500000000015 76289.500000000015 69843.500000000015 72944.500000000015 8265718.0000000009 72301.500000000015 47770.000000000007 71142.500000000015 64887.000000000007 66293.500000000015 72468.500000000015 20395253.000000004 15924157.500000002 67538.000000000015 27.500000000000004 66531.500000000015 16715013.500000002 69804.000000000015 114726.00000000001
decision_type=2 2 2 2 2 2 2 2 2 2 2 2 2 2 2 2 2 2 2 2 2 2 2 2 2 2 2 2 2 2
left_child=1 4 3 -3 5 6 7 9 -9 12 -11 -12 13 16 21 19 29 20 -19 -16 -18 22 23 24 -15 -17 -22 -25 -29 -1
right_child=-2 2 -4 -5 -6 -7 -8 8 -10 10 11 -13 -14 14 15 25 17 18 -20 -21 26 -23 -24 27 -26 -27 -28 28 -30 -31
leaf_value=-5.3284146568965906e-06 0.00071364513259549215 0.0045312810413057243 -0.000309714833450608 -0.0061936298128174912 0.0017961564216238549 -0.011339755458979228 -0.0018534547948286376 0.0018625719064571189 -0.0092985272176349613 -0.00021275231284711342 -0.02070680420898947 -0.0018939559092614534 0.0011340926837347424 -0.013372733916023817 -0.0062931976071400096 -0.0036098306164048183 0.0008494667230772309 0.0028106219924249718 0.00010584071648547853 0.0023652995334279611 -0.017441068320395686 -0.020328049079268311 -0.011045365605401293 0.0092607287742750167 -0.0029409617161544784 -0.00068447635978915696 -0.0037153285465507495 -0.0079040428830722525 0.010596440152426043 -0.0065120805814645639
leaf_weight=14292484 313574 6284 257717 39193 179848 5160 105107 183970 3884 361079 4324 163554 288077 5283 7038 63758 32295 179155 110877 92770 2311 1608 7485 5460 34464 202288 21481 4325 1910 9019
leaf_count=14292484 313574 6284 257717 39193 179848 5160 105107 183970 3884 361079 4324 163554 288077 5283 7038 63758 32295 179155 110877 92770 2311 1608 7485 5460 34464 202288 21481 4325 1910 9019
internal_value=3.16336e-13 -1.34224e-05 -0.000969977 -0.00471166 4.29535e-06 -1.56107e-05 -1.20002e-05 3.72948e-08 0.00163181 -1.92525e-05 -0.000900112 -0.00237851 1.10778e-05 -1.03839e-05 -0.00104184 -0.000528844 1.96415e-05 0.00122094 0.0017766 0.00175474 -0.00165246 -0.00414223 -0.00370055 -0.00263185 -0.00432751 -0.00138554 -0.00504856 0.00313106 -0.00223669 -9.43179e-06
internal_weight=1.69858e+07 1.66722e+07 303194 45477 1.6369e+07 1.61892e+07 1.6184e+07 1.60789e+07 187854 1.5891e+07 528957 167878 1.53621e+07 1.5074e+07 426389 365854 1.46476e+07 346119 290032 99808 56087 60535 58927 51442 39747 266046 23792 11695 6235 1.43015e+07
internal_count=16985782 16672208 303194 45477 16369014 16189166 16184006 16078899 187854 15891045 528957 167878 15362088 15074011 426389 365854 14647622 346119 290032 99808 56087 60535 58927 51442 39747 266046 23792 11695 6235 14301503
is_linear=0
shrinkage=0.1


Tree=75
num_leaves=31
num_cat=0
split_feature=3 3 8 3 7 4 1 2 3 7 6 4 9 5 8 3 8 3 10 2 3 10 4 6 8 8 2 3 4 4
split_gain=16.4485 65.1912 45.3712 62.2095 114.261 64.3603 45.5844 47.6016 84.8812 48.5022 55.3245 47.2036 55.4022 62.1817 73.5203 71.4549 66.4907 46.6432 68.2038 46.1823 45.5803 43.1625 58.2142 43.002 39.4586 37.1199 37.1056 36.6261 35.6349 50.2443
threshold=77969.000000000015 78286.500000000015 66774.500000000015 79367.000000000015 30766627.000000004 63033.000000000007 982.50000000000011 65.500000000000014 78506.500000000015 2273446.5000000005 59991.650390625007 56891.000000000007 63429.000000000007 70929.500000000015 61592.500000000007 82960.000000000015 54204.500000000007 86207.500000000015 68026.500000000015 53.500000000000007 81139.500000000015 67322.000000000015 58258.000000000007 64605.550781250007 58140.500000000007 68116.500000000015 47.500000000000007 96367.000000000015 26812.000000000004 21665.000000000004
decision_type=2 2 2 2 2 2 2 2 2 2 2 2 2 2 2 2 2 2 2 2 2 2 2 2 2 2 2 2 2 2
left_child=-1 21 6 4 5 25 7 9 -9 10 -3 12 -11 14 16 -16 -14 18 -17 -12 -10 22 -2 -18 -13 -4 -19 -28 29 -15
right_child=1 2 3 -5 -6 -7 -8 8 20 11 19 24 13 28 15 17 23 26 -20 -21 -22 -23 -24 -25 -26 -27 27 -29 -30 -31
leaf_value=-5.8879546375580836e-05 0.0021719889859677069 0.0075465677125059003 -0.0061433275965178851 -0.00016499492920127984 0.0023764589623699291 -0.0051687072235119943 6.6264810418376505e-05 -0.030048021173935232 0.004501827033428221 0.0014423751502597164 -0.0039516681868791365 -0.022197672374787716 -0.014617425220654007 0.00010698274155906495 -0.015123711810251029 0.0050701014935742132 0.0017460943114522296 0.0020674361330862614 -0.016095578104404897 -0.024874154695311554 -0.001346687007884935 0.0068742045478709119 -0.017456148083085148 -0.016778825227739828 0.0026510059372617657 -0.021571824412030368 -0.015483356380285454 -0.0031096930910907445 0.0016890825421212352 -0.012040092019125049
leaf_weight=12507899 38350 1680 2331 1854792 16433 17776 1569509 989 15168 433881 2218 641 2918 11964 7507 8289 34713 2922 1865 2012 109704 22515 1573 1300 210084 4711 6223 3886 87169 4760
leaf_count=12507899 38350 1680 2331 1854792 16433 17776 1569509 989 15168 433881 2218 641 2918 11964 7507 8289 34713 2922 1865 2012 109704 22515 1573 1300 210084 4711 6223 3886 87169 4760
internal_value=9.43442e-14 0.000164466 0.000119093 -0.000250418 -0.00409133 -0.00837392 0.000397178 0.000943947 -0.000867391 0.00122061 -0.00780598 0.00128581 0.00083841 -0.000671818 -0.0029843 -0.00664414 -9.89943e-05 -0.00389857 0.00118257 -0.0139035 -0.000636277 0.00337311 0.00139862 0.00107738 0.00257542 -0.0164648 -0.00785789 -0.0107268 0.000877872 -0.00335033
internal_weight=1.69858e+07 4.47788e+06 4.41544e+06 1.89604e+06 41251 24818 2.5194e+06 949893 125861 824032 5910 818122 607397 173516 69623 30692 38931 23185 10154 4230 124872 62438 39923 36013 210725 7042 13031 10109 103893 16724
internal_count=16985782 4477883 4415445 1896043 41251 24818 2519402 949893 125861 824032 5910 818122 607397 173516 69623 30692 38931 23185 10154 4230 124872 62438 39923 36013 210725 7042 13031 10109 103893 16724
is_linear=0
shrinkage=0.1


Tree=76
num_leaves=31
num_cat=0
split_feature=0 1 1 8 2 0 3 9 2 2 7 7 10 8 3 3 3 7 8 9 8 3 2 4 3 4 10 7 2 0
split_gain=16.34 40.7609 25.3532 34.6926 22.9188 37.1685 37.3852 112.135 42.272 39.5495 34.836 29.1369 51.7062 65.7829 44.4825 72.9485 52.2202 71.4758 53.9501 43.4136 41.0227 39.1042 50.4112 70.9423 43.4745 42.531 38.177 37.9019 36.1632 59.0534
threshold=112.50000000000001 2024.5000000000002 2388.5000000000005 59224.500000000007 60.500000000000007 13.500000000000002 139047.50000000003 92105.500000000015 76.500000000000014 71.500000000000014 53739160.000000007 6502305.7500000009 74800.500000000015 73517.500000000015 75866.500000000015 75617.500000000015 76127.000000000015 6231196.5000000009 56744.500000000007 75689.000000000015 71690.000000000015 93347.000000000015 55.500000000000007 58454.500000000007 84484.000000000015 57338.000000000007 58777.500000000007 2844115.6250000005 55.500000000000007 36.500000000000007
decision_type=2 2 2 2 2 2 2 2 2 2 2 2 2 2 2 2 2 2 2 2 2 2 2 2 2 2 2 2 2 2
left_child=1 4 3 -2 11 -6 7 -7 10 -9 -8 12 14 -14 15 -1 17 -16 28 -15 21 22 24 25 26 -24 -20 -25 29 -18
right_child=2 -3 -4 -5 5 6 8 9 -10 -11 -12 -13 13 19 16 -17 18 -19 20 -21 -22 -23 23 27 -26 -27 -28 -29 -30 -31
leaf_value=-0.00022839502333325476 0.00018712049527229316 -0.0010045484900813248 -0.00040137230834813337 0.0012285400868085844 -0.0036890592960580576 -0.0003059096270026727 0.0040202412246507727 -0.01044315794115877 -0.00034923322575674013 -0.041574148968588173 0.015079044446911521 0.00013433983505964155 -0.010769046198496406 0.005508726565917877 0.007826547819781501 -0.011036688324216448 0.012351141296981515 -0.031364089236594742 -0.034921320349334956 -0.0026473258063477493 0.0059686365340897371 0.0029028751433744756 -0.002457480079202325 -0.00088681350318612912 0.0028736351474391107 0.0071000494018387279 -0.0010455897218941454 -0.009460821428159117 0.00082105713952754971 0.0029735692784081265
leaf_weight=3415099 1602026 425908 499424 399684 33080 1491545 9579 7677 15295 431 4054 8705826 9147 7386 15264 6256 9051 480 334 56068 10662 30498 14989 7008 38550 6754 84052 19507 34126 26022
leaf_count=3415099 1602026 425908 499424 399684 33080 1491545 9579 7677 15295 431 4054 8705826 9147 7386 15264 6256 9051 480 334 56068 10662 30498 14989 7008 38550 6754 84052 19507 34126 26022
internal_value=-4.60163e-13 -4.07566e-05 0.000236031 0.000395062 -1.15586e-05 -0.000372747 -0.000300978 -0.000369665 0.00325978 -0.012098 0.00730876 3.35762e-05 -0.000197807 -0.00284083 -0.000146206 -0.000248158 0.00102709 0.00663171 0.000713684 -0.00169797 -7.65136e-05 -0.000396077 -0.000983781 -0.00372267 9.13565e-05 0.000511363 -0.00117967 -0.00719468 0.0031386 0.00539356
internal_weight=1.69858e+07 1.44846e+07 2.50113e+06 2.00171e+06 1.40587e+07 1.56166e+06 1.52858e+06 1.49965e+06 28928 8108 13633 1.24971e+07 3.79125e+06 72601 3.71865e+06 3.42136e+06 297297 15744 281553 63454 212354 201692 171194 48258 122936 21743 84386 26515 69199 35073
internal_count=16985782 14484648 2501134 2001710 14058740 1561661 1528581 1499653 28928 8108 13633 12497079 3791253 72601 3718652 3421355 297297 15744 281553 63454 212354 201692 171194 48258 122936 21743 84386 26515 69199 35073
is_linear=0
shrinkage=0.1


Tree=77
num_leaves=31
num_cat=0
split_feature=4 0 0 7 8 3 2 3 7 0 2 1 7 4 10 6 7 7 0 7 3 7 0 1 0 7 7 3 2 1
split_gain=15.7832 43.5335 18.2409 40.0024 28.8619 39.5946 33.7564 36.1788 43.1283 27.444 26.7447 53.5057 35.5162 33.3923 31.383 66.3874 53.1655 53.7822 30.2383 29.4617 27.5967 34.2934 31.1472 48.4757 43.231 42.8314 39.3282 38.9664 38.6965 31.398
threshold=5198.5000000000009 20.500000000000004 3.5000000000000004 51668768.000000007 97187.500000000015 117405.50000000001 65.500000000000014 123305.00000000001 15167166.000000002 10.500000000000002 34.500000000000007 169.50000000000003 11191745.000000002 40955.000000000007 74018.000000000015 71303.550781250015 27799697.000000004 55269506.000000007 61.500000000000007 1070422.0625000002 102132.50000000001 76537972.000000015 9.5000000000000018 232.50000000000003 11.500000000000002 787789.46875000012 1957639.5625000002 26345.500000000004 45.500000000000007 286.50000000000006
decision_type=2 2 2 2 2 2 2 2 2 2 2 2 2 2 2 2 2 2 2 2 2 2 2 2 2 2 2 2 2 2
left_child=1 -1 3 -2 10 9 7 -7 -9 -6 11 12 -4 -13 18 -16 -17 -18 19 -15 22 -22 25 26 -25 27 -24 -12 -27 -26
right_child=2 -3 4 -5 5 6 -8 8 -10 -11 20 13 -14 14 15 16 17 -19 -20 -21 21 -23 23 24 29 28 -28 -29 -30 -31
leaf_value=0.0040020937701002682 -0.0010963417579510724 0.00017842750179109006 0.00045904473531759092 0.00059242142274295163 -0.0049900881900599532 0.0031555031212138112 0.0079787434007468593 -0.017889879235382291 -0.0030580827015804146 -0.018439612691782965 -0.0054700900187478326 -0.00016931613394628598 0.0030660346452275129 -0.030038338262757119 -0.017708003809938835 -0.0068653178203175848 0.0048480426889354299 -0.013708799326529542 0.00017714857125422428 0.0027305287385336182 0.00078112453685096582 -0.00098627189075892944 -0.0036276338197366131 -0.0017831870032981223 0.0012261776847971369 -0.00019533924043726821 0.0022303613939185568 -0.029765578171861942 -0.0019268760641865175 -4.2368109658893489e-05
leaf_weight=36603 423440 159638 93662 209742 4036 6581 3423 2455 9734 2431 2462 737542 118212 275 2441 8475 14734 1747 83589 119537 751463 128568 12482 141068 198105 469343 140051 902 178018 12925023
leaf_count=36603 423440 159638 93662 209742 4036 6581 3423 2455 9734 2431 2462 737542 118212 275 2441 8475 14734 1747 83589 119537 751463 128568 12482 141068 198105 469343 140051 902 178018 12925023
internal_value=1.72205e-13 0.00089162 -1.04215e-05 -0.000536938 1.02131e-05 -0.00316037 -0.00115394 -0.00281943 -0.00604537 -0.0100459 1.58475e-05 0.000474133 0.00191358 0.000159181 0.00120893 -0.00196835 -0.000428826 0.002881 0.0016369 0.00265532 -2.03376e-05 0.000522917 -5.43225e-05 -2.15524e-05 -4.1936e-05 -0.000729979 0.00175099 -0.0119845 -0.000671495 -2.32183e-05
internal_weight=1.69858e+07 196241 1.67895e+07 633182 1.61564e+07 28660 22193 18770 12189 6467 1.61277e+07 1.18021e+06 211874 968340 230798 27397 24956 16481 203401 119812 1.49475e+07 880031 1.40675e+07 1.34167e+07 1.32642e+07 650725 152533 3364 647361 1.31231e+07
internal_count=16985782 196241 16789541 633182 16156359 28660 22193 18770 12189 6467 16127699 1180214 211874 968340 230798 27397 24956 16481 203401 119812 14947485 880031 14067454 13416729 13264196 650725 152533 3364 647361 13123128
is_linear=0
shrinkage=0.1


Tree=78
num_leaves=31
num_cat=0
split_feature=1 10 9 5 4 4 0 10 3 3 10 7 0 3 8 3 9 5 10 8 9 4 8 3 10 2 8 7 7 8
split_gain=15.965 18.7657 16.0563 102.378 65.2835 72.0635 61.7932 52.3104 98.7737 81.5271 50.2661 72.2689 68.4362 58.6604 57.9485 137.289 136.696 55.8432 54.7977 159.581 73.3605 64.5579 52.4733 50.9965 49.7805 48.6156 48.5838 48.0769 59.1845 46.6316
threshold=17.500000000000004 91853.500000000015 51779.500000000007 53935.000000000007 38938.500000000007 18291.000000000004 32.500000000000007 52515.500000000007 65414.000000000007 54145.500000000007 51461.500000000007 3321626.7500000005 41.500000000000007 53705.500000000007 40935.000000000007 52459.500000000007 43099.500000000007 52403.500000000007 47200.500000000007 44615.000000000007 47262.500000000007 40788.000000000007 50791.000000000007 77450.500000000015 50540.500000000007 47.500000000000007 48627.500000000007 2914900.5000000005 2273446.5000000005 47529.000000000007
decision_type=2 2 2 2 2 2 2 2 2 2 2 2 2 2 2 2 2 2 2 2 2 2 2 2 2 2 2 2 2 2
left_child=1 -1 3 10 5 -4 24 8 9 -6 13 17 29 14 -2 -16 -17 23 27 20 -20 -22 -14 -12 -5 26 -21 28 -18 -13
right_child=2 -3 4 6 7 -7 -8 -9 -10 -11 11 12 22 -15 15 16 18 -19 19 25 21 -23 -24 -25 -26 -27 -28 -29 -30 -31
leaf_value=-0.0027577671466370536 -1.491637602502117e-06 0.00056334244273790373 0.0005928524029871012 0.0071763594683157787 0.0025936623236326901 -0.0015313805638443297 0.00063849810147531246 1.2281209298112471e-05 0.0015709557893809137 -0.019518325923386832 -0.014447394822666075 -0.0015575065068229156 -0.00072111991299083614 0.00045001353281397374 -0.00041826372702463347 -0.020294987693747751 -0.0028868377868853587 0.0038074385895708928 -0.012105735605512572 0.00010971923449855412 -0.039951026483985345 0.00024515479728579525 -0.026498752246230786 0.0056971503029503703 0.0021536985317532234 -0.0074881351738969636 -0.029215121068112051 0.00042111861022061634 -0.023006573840827639 -0.0067466686333905491
leaf_weight=44427 4621725 27573 219767 21993 2309 584324 498712 7223979 9452 6001 3431 29218 145226 2450752 717704 5078 5349 36858 7631 27081 1989 500 794 1983 192024 15568 577 39227 2012 42518
leaf_count=44427 4621725 27573 219767 21993 2309 584324 498712 7223979 9452 6001 3431 29218 145226 2450752 717704 5078 5349 36858 7631 27081 1989 500 794 1983 192024 15568 577 39227 2012 42518
internal_value=1.76256e-13 -0.00148592 6.32539e-06 9.91314e-05 -9.59635e-05 -0.000950804 0.00124847 -1.04572e-06 -0.00542124 -0.0133743 -1.31523e-06 -0.00136933 -0.00210386 4.37403e-05 -0.000139139 -0.000912392 -0.00428951 0.00241444 -0.00347621 -0.00566453 -0.0169683 -0.0318763 -0.000861289 -0.007069 0.00266984 -0.00301812 -0.000502054 -0.000970458 -0.00838621 -0.00463313
internal_weight=1.69858e+07 72000 1.69138e+07 8.86795e+06 8.04583e+06 804091 712729 7.24174e+06 17762 8310 8.15522e+06 260028 217756 7.89519e+06 5.44444e+06 822716 105012 42272 99934 53346 10120 2489 146020 5414 214017 43226 27658 46588 7361 71736
internal_count=16985782 72000 16913782 8867950 8045832 804091 712729 7241741 17762 8310 8155221 260028 217756 7895193 5444441 822716 105012 42272 99934 53346 10120 2489 146020 5414 214017 43226 27658 46588 7361 71736
is_linear=0
shrinkage=0.1


Tree=79
num_leaves=31
num_cat=0
split_feature=0 1 1 8 0 0 1 7 2 0 3 9 3 7 2 7 3 3 9 10 5 2 5 3 9 4 7 8 7 6
split_gain=14.3564 53.3991 23.7888 30.0811 24.3718 21.7942 54.4241 29.1754 31.9002 40.7781 40.1808 61.5883 52.1943 52.1716 45.7114 39.124 75.6159 42.3395 37.034 77.8713 66.064 51.0968 44.51 50.3525 43.4248 79.9397 112.352 94.017 78.8064 79.0373
threshold=104.50000000000001 1879.5000000000002 2248.5000000000005 59224.500000000007 120.50000000000001 88.500000000000014 1588.5000000000002 4834964.5000000009 64.500000000000014 31.500000000000004 91691.500000000015 84078.500000000015 93902.000000000015 20173178.000000004 50.500000000000007 10788031.000000002 123305.00000000001 120489.00000000001 71485.500000000015 72794.500000000015 74859.500000000015 47.500000000000007 77413.500000000015 85011.000000000015 64115.000000000007 51901.500000000007 19883294.000000004 58726.500000000007 76537972.000000015 62068.201171875007
decision_type=2 2 2 2 2 2 2 2 2 2 2 2 2 2 2 2 2 2 2 2 2 2 2 2 2 2 2 2 2 2
left_child=1 5 3 -2 -4 6 7 -1 10 -10 18 -12 13 14 -13 16 17 -14 20 21 24 -20 -21 -24 -9 26 -26 -28 29 -29
right_child=2 -3 4 -5 -6 -7 -8 8 9 -11 11 12 15 -15 -16 -17 -18 -19 19 22 -22 -23 23 -25 25 -27 27 28 -30 -31
leaf_value=-0.00031800795623472821 0.00018121760583355011 -0.0011185885728931247 -0.0011521687910854214 0.001080879386372365 3.9577737205906323e-05 0.00036478468783801278 -0.0010973590541341397 0.00014273568953802985 -0.0024217881441334992 -0.00021754179587715538 0.0011816505372046005 0.012855530894184994 -0.0049683915573593722 -7.5648431849203551e-05 -0.033472923961552707 -0.00068868540324219167 -0.019537385297415773 0.0089213082825734032 -0.0033103250911457969 -0.0024500105473024862 0.0022399631855037423 -0.016802051419420493 0.00069187282544002629 -0.0014916632820267386 -0.037051296077477286 -0.00018839833155562152 0.0018863046079859347 -0.021881942912961312 -0.00039575414386365851 -0.0057669134940353597
leaf_weight=2407075 1971129 448787 223208 458006 742194 1392287 479230 6080716 108862 366429 726755 6670 12865 9413 220 196542 3175 2646 6840 102345 141943 4761 277654 170436 964 525687 31736 3228 30738 53241
leaf_count=2407075 1971129 448787 223208 458006 742194 1392287 479230 6080716 108862 366429 726755 6670 12865 9413 220 196542 3175 2646 6840 102345 141943 4761 277654 170436 964 525687 31736 3228 30738 53241
internal_value=-2.88345e-13 -4.59453e-05 0.000183958 0.000350846 -0.000235963 -9.31679e-06 -5.36444e-05 -9.26659e-06 7.45753e-05 -0.000722409 0.000119732 0.000729157 -0.000691178 0.00476417 0.0113762 -0.00110441 -0.00547703 -0.00259897 4.11342e-05 -0.000739304 0.000104998 -0.00884727 -0.00056842 -0.000138659 5.99448e-05 -0.000719846 -0.00304978 -0.0027742 -0.00447024 -0.00668811
internal_weight=1.69858e+07 1.35912e+07 3.39454e+06 2.42914e+06 965402 1.31425e+07 1.17502e+07 1.12709e+07 8.86387e+06 475291 8.38858e+06 958286 231531 16303 6890 215228 18686 15511 7.43029e+06 562036 6.86825e+06 11601 550435 448090 6.72631e+06 645594 119907 118943 87207 56469
internal_count=16985782 13591245 3394537 2429135 965402 13142458 11750171 11270941 8863866 475291 8388575 958286 231531 16303 6890 215228 18686 15511 7430289 562036 6868253 11601 550435 448090 6726310 645594 119907 118943 87207 56469
is_linear=0
shrinkage=0.1


Tree=80
num_leaves=31
num_cat=0
split_feature=2 10 8 0 7 3 4 3 9 8 0 5 7 0 2 7 4 3 9 9 9 3 7 4 4 7 9 8 3 9
split_gain=14.6835 14.9352 14.0476 41.5725 36.8768 40.1293 29.2137 28.893 47.4956 81.3854 58.5848 56.8257 30.4224 29.0117 52.4668 49.2659 48.6807 39.1654 56.0171 53.5245 42.2622 78.8247 77.6707 77.3843 84.6781 67.325 45.216 81.3939 47.747 89.7014
threshold=13.500000000000002 80756.000000000015 20503.500000000004 12.500000000000002 787789.46875000012 10899.000000000002 4183.0000000000009 41519.500000000007 35754.000000000007 20993.500000000004 25.500000000000004 54406.500000000007 21652722.000000004 5.5000000000000009 40.500000000000007 1070422.0625000002 33395.000000000007 61676.500000000007 51779.500000000007 68656.500000000015 48628.000000000007 58700.500000000007 108860936.00000001 52288.500000000007 52136.000000000007 2990169.6250000005 66031.000000000015 59224.500000000007 59909.500000000007 56327.500000000007
decision_type=2 2 2 2 2 2 2 2 2 2 2 2 2 2 2 2 2 2 2 2 2 2 2 2 2 2 2 2 2 2
left_child=1 -1 3 4 6 -6 -2 -4 10 11 12 -10 -9 -11 15 -15 -17 19 -19 20 -16 23 25 24 -22 -23 27 28 29 -27
right_child=2 -3 7 -5 5 -7 -8 8 9 13 -12 -13 -14 14 17 16 -18 18 -20 -21 21 22 -24 -25 -26 26 -28 -29 -30 -31
leaf_value=-0.0043068681396388189 0.0077001559723658564 -0.00028278763552771536 -0.00036219308711869769 0.00013685198808324826 0.0085992471004187696 0.002118975457052604 -0.0054113749961749655 0.0034580730140165287 -0.0063156858736579408 -0.00061950233556932186 0.00037456832005812988 -0.030577864454732612 0.00029733984270556395 -0.015336436687863686 -0.00013135995200068271 -0.00049503766191956781 0.00079475093069153512 0.00060168991588750503 -7.4915478250340951e-05 -0.028862371659457504 -0.0005641868063502594 -0.0064719754674199357 -0.014234900534265413 0.0032999204460704848 -0.023012452679824952 -0.0014440679658335117 0.0091341775561889407 -0.010450837144001374 -0.00041645560736912075 -0.0092926507456470176
leaf_weight=15855 2061 22050 2114550 843200 10702 89237 9684 107003 3528 730943 686889 1329 42566 1957 2162000 365226 1472220 1538630 5976846 659 427753 30711 5314 56000 1687 58728 3919 10187 174985 19363
leaf_count=15855 2061 22050 2114550 843200 10702 89237 9684 107003 3528 730943 686889 1329 42566 1957 2162000 365226 1472220 1538630 5976846 659 427753 30711 5314 56000 1687 58728 3919 10187 174985 19363
internal_value=2.81591e-14 -0.00196599 4.39706e-06 0.000376988 0.00218999 0.00281292 -0.00311058 -1.7849e-05 3.4616e-05 -1.22337e-05 0.000765092 -0.0129544 0.00255856 -7.41204e-06 2.89439e-05 0.000521492 0.000538382 -5.76151e-05 6.36047e-05 -0.0003663 -0.000359936 -0.000986556 -0.00225155 -0.000196438 -0.000652372 -0.00203778 -0.0015281 -0.00168682 -0.00133404 -0.00339016
internal_weight=1.69858e+07 37905 1.69479e+07 954884 111684 99939 11745 1.5993e+07 1.38784e+07 1.3042e+07 836458 4857 149569 1.30371e+07 1.23062e+07 1.8394e+06 1.83745e+06 1.04668e+07 7.51548e+06 2.95131e+06 2.95065e+06 788647 303207 485440 429440 297893 267182 263263 253076 78091
internal_count=16985782 37905 16947877 954884 111684 99939 11745 15992993 13878443 13041985 836458 4857 149569 13037128 12306185 1839403 1837446 10466782 7515476 2951306 2950647 788647 303207 485440 429440 297893 267182 263263 253076 78091
is_linear=0
shrinkage=0.1


Tree=81
num_leaves=31
num_cat=0
split_feature=3 9 3 10 2 4 2 4 4 4 7 2 2 9 10 2 1 2 7 7 9 2 8 9 5 2 4 2 5 7
split_gain=13.9113 21.7377 37.7606 70.3706 61.1012 60.6737 39.8322 35.0714 39.3117 106.712 41.5178 39.343 32.3761 30.5041 30.29 27.3414 26.9407 28.8061 24.9812 22.3129 37.4073 32.7928 19.5001 19.4092 48.3179 48.9423 44.4385 64.6306 37.4218 35.8628
threshold=120489.00000000001 87403.000000000015 139047.50000000003 107046.00000000001 52.500000000000007 88954.500000000015 63.500000000000007 71341.000000000015 76738.500000000015 73635.500000000015 11795343.000000002 68.500000000000014 58.500000000000007 84078.500000000015 86857.000000000015 51.500000000000007 896.50000000000011 58.500000000000007 20395253.000000004 30766627.000000004 78703.500000000015 59.500000000000007 91433.500000000015 84078.500000000015 89819.000000000015 68.500000000000014 74646.500000000015 43.500000000000007 88314.000000000015 22153250.000000004
decision_type=2 2 2 2 2 2 2 2 2 2 2 2 2 2 2 2 2 2 2 2 2 2 2 2 2 2 2 2 2 2
left_child=23 13 4 15 -3 7 16 -6 9 -9 11 -10 -11 14 19 -4 -5 -18 -12 -2 -21 -22 -20 28 25 26 27 29 -1 -25
right_child=1 2 3 6 5 -7 -8 8 10 12 18 -13 -14 -15 -16 -17 17 -19 22 20 21 -23 -24 24 -26 -27 -28 -29 -30 -31
leaf_value=-7.1102046755065056e-06 0.0021102574379681734 0.0015956979123008257 0.035746496841311454 -0.0013778464626429156 0.0047377880112709726 -0.022212377331834583 0.0062914546067149432 -0.0035106071374337022 -0.017263042032783598 -0.002875973344498111 0.0053794632919479026 -0.0012677101802570066 -0.033973881990449581 0.0048405649921232901 -0.007217782139343671 0.0068425222934392115 -0.019439394229574362 -0.0032549560344869257 -0.00047438269677944379 0.00041190903234621904 0.0050877022859356488 -0.013172352789416211 -0.010845841372986109 -0.015876867180113947 -0.00026665908943203468 -0.04800639558403242 -0.0012041025470670181 -0.012711913448981614 0.0020534221566012043 0.0030161840838440826
leaf_weight=16320930 84979 29779 335 7166 4439 1837 4120 5954 3191 404 5755 2968 1954 22885 4456 14183 2192 2207 7908 38042 1312 3928 2352 1213 275635 248 30899 10043 88617 5851
leaf_count=16320930 84979 29779 335 7166 4439 1837 4120 5954 3191 404 5755 2968 1954 22885 4456 14183 2192 2207 7908 38042 1312 3928 2352 1213 275635 248 30899 10043 88617 5851
internal_value=-4.4784e-14 0.000736946 -0.00044013 0.0024923 -0.00177116 -0.00449848 -0.00215159 -0.00356676 -0.00477596 -0.0106411 -0.00257739 -0.00955495 -0.0286458 0.00146878 0.00088737 0.00750948 -0.0051594 -0.0113196 0.000106024 0.00116896 -0.000679176 -0.00860037 -0.00285193 -1.11134e-05 -0.0007777 -0.00369685 -0.00346795 -0.00755695 4.01735e-06 -0.00022805
internal_weight=1.69858e+07 252346 96744 30203 66541 36762 15685 34925 30486 8312 22174 6159 2358 155602 132717 14518 11565 4399 16015 128261 43282 5240 10260 1.67334e+07 323889 48254 48006 17107 1.64095e+07 7064
internal_count=16985782 252346 96744 30203 66541 36762 15685 34925 30486 8312 22174 6159 2358 155602 132717 14518 11565 4399 16015 128261 43282 5240 10260 16733436 323889 48254 48006 17107 16409547 7064
is_linear=0
shrinkage=0.1


Tree=82
num_leaves=31
num_cat=0
split_feature=2 4 7 8 7 4 3 10 3 7 4 7 3 7 7 3 7 3 3 3 10 6 5 5 10 4 9 3 1 5
split_gain=13.8335 39.3227 58.2736 28.3131 35.9143 38.8957 54.6376 48.731 55.4608 46.9996 35.1465 30.3404 27.9619 23.8599 21.7517 27.0178 21.3577 19.8301 18.1977 51.4428 39.4125 56.8969 52.6525 42.0721 36.2335 46.7484 33.8356 67.7982 62.5205 57.5824
threshold=74.500000000000014 75567.500000000015 11191745.000000002 78720.500000000015 7565030.2500000009 35672.000000000007 79367.000000000015 56450.500000000007 109047.50000000001 25485002.000000004 65751.000000000015 13302951.500000002 90058.000000000015 15924157.500000002 12869071.000000002 105067.00000000001 93891664.000000015 123305.00000000001 77969.000000000015 78286.500000000015 67549.000000000015 59043.699218750007 68567.500000000015 68789.500000000015 67322.000000000015 58258.000000000007 48628.000000000007 53705.500000000007 732.50000000000011 49550.500000000007
decision_type=2 2 2 2 2 2 2 2 2 2 2 2 2 2 2 2 2 2 2 2 2 2 2 2 2 2 2 2 2 2
left_child=18 3 -3 4 -2 -6 -7 -8 11 10 -10 12 -9 -13 15 -14 17 -11 26 24 23 -22 -23 -21 25 -20 27 -1 -29 -28
right_child=1 2 -4 -5 5 6 7 8 9 16 -12 13 14 -15 -16 -17 -18 -19 19 20 21 22 -24 -25 -26 -27 29 28 -30 -31
leaf_value=-0.0001042408170948975 0.00092787828967973531 -0.026087539311790045 -0.0039014347514093363 0.0048675041253503949 0.00066535411355963929 -0.011594875796643853 0.002360973037520754 -0.00072908465533604667 0.0029750195788341739 -0.044755654135032706 -0.0062847207289785274 -0.027555557681106842 -0.015241321128192299 -0.010766856598211683 0.0055050973680915022 -0.0039483151430591149 -0.061698300117933307 -0.008012072194134667 0.0019207078738029089 0.0003522727189167833 -0.0054127637881475933 -0.010176744688936335 -4.2312653892254421e-05 0.0020185969280278652 0.0062445379471882077 -0.015668561950015723 -0.037277707729843838 0.001433274157766851 0.00022168415516851854 -0.00024900255584771916
leaf_weight=5365531 76351 1354 9423 9408 39539 7043 16637 7404 18339 152 5279 1019 5015 5001 945 3668 79 4360 38350 1547705 20039 5137 2506979 167966 22515 1573 420 595841 1493316 5009394
leaf_count=5365531 76351 1354 9423 9408 39539 7043 16637 7404 18339 152 5279 1019 5015 5001 945 3668 79 4360 38350 1547705 20039 5137 2506979 167966 22515 1573 420 595841 1493316 5009394
internal_value=-2.22798e-13 -0.000804626 -0.00668885 -0.000487933 -0.000751957 -0.0018723 -0.00321117 -0.00234154 -0.00386776 -0.000894318 0.00090532 -0.0075064 -0.00534955 -0.0136087 -0.00890271 -0.0104708 -0.0101524 -0.00924989 1.01217e-05 0.000187241 0.000145356 -0.000105373 -6.30364e-05 0.000515408 0.00303674 0.00122768 -5.11266e-05 8.39392e-05 0.000567237 -0.000252107
internal_weight=1.69858e+07 211016 10777 200239 190831 114480 74941 67898 51261 28209 23618 23052 17032 6020 9628 8683 4591 4512 1.67748e+07 4.31026e+06 4.24783e+06 2.53216e+06 2.51212e+06 1.71567e+06 62438 39923 1.24645e+07 7.45469e+06 2.08916e+06 5.00981e+06
internal_count=16985782 211016 10777 200239 190831 114480 74941 67898 51261 28209 23618 23052 17032 6020 9628 8683 4591 4512 16774766 4310264 4247826 2532155 2512116 1715671 62438 39923 12464502 7454688 2089157 5009814
is_linear=0
shrinkage=0.1


Tree=83
num_leaves=31
num_cat=0
split_feature=2 0 3 8 3 3 2 4 9 3 8 4 2 3 7 9 3 4 5 7 8 4 8 5 9 3 4 10 8 3
split_gain=15.0709 36.0433 28.1643 47.4191 42.5239 53.2376 46.0782 33.6183 30.0191 71.0983 33.0681 32.8283 30.0785 27.1901 42.9611 47.3011 42.2385 29.2402 26.7784 26.3016 25.8575 24.5647 29.2298 23.7181 27.179 26.8837 22.6415 22.1736 21.7783 21.6471
threshold=53.500000000000007 17.500000000000004 51965.000000000007 39487.000000000007 61676.500000000007 62274.500000000007 70.500000000000014 42894.000000000007 51422.000000000007 71340.000000000015 55877.500000000007 44735.000000000007 58.500000000000007 88108.500000000015 7476867.0000000009 66293.500000000015 90438.500000000015 60949.500000000007 52248.500000000007 19883294.000000004 21410.000000000004 40101.500000000007 41567.500000000007 73831.500000000015 71138.000000000015 98527.000000000015 53539.500000000007 78428.000000000015 62124.500000000007 94696.000000000015
decision_type=2 2 2 2 2 2 2 2 2 2 2 2 2 2 2 2 2 2 2 2 2 2 2 2 2 2 2 2 2 2
left_child=-1 2 20 -4 7 -6 8 21 -7 10 12 19 26 27 16 17 -15 -16 -9 -11 -2 22 -5 25 29 -17 -10 -13 -8 -25
right_child=1 -3 3 4 5 6 28 18 9 11 -12 13 -14 14 15 23 -18 -19 -20 -21 -22 -23 -24 24 -26 -27 -28 -29 -30 -31
leaf_value=6.1260186227295635e-05 0.0045929977980871768 -8.3493438428446375e-05 0.0023361400905693112 -0.0019412793131037582 0.030359974849536626 0.0019525797458617622 -0.012206249470372752 -0.033263942711020532 -0.0028151997321618585 -0.017084810779467118 -0.018768542826301377 -0.0026951374948753996 -0.014841495544697148 -0.010187432918183763 0.0038717311189199605 -0.0019599715158679443 0.011584840064201039 0.030789897924618344 -0.0086461737335191535 -0.0034457379577903361 -0.0055011556000278371 0.0024498414165094948 -0.013458655195948799 -0.011494094300734786 -0.0019390016890008664 -0.016898108461095337 0.039119531462589903 0.015030873274449227 -0.0013668777379581506 0.0074113963581531692
leaf_weight=11936917 2846 4796064 36798 4363 534 30188 5484 804 5234 1520 2762 35505 2628 1044 17622 2928 6082 413 981 20251 23429 3218 4452 681 31861 2047 132 720 2800 5474
leaf_count=11936917 2846 4796064 36798 4363 534 30188 5484 804 5234 1520 2762 35505 2628 1044 17622 2928 6082 413 981 20251 23429 3218 4452 681 31861 2047 132 720 2800 5474
internal_value=2.12313e-13 -0.000144836 -0.00130861 -0.000949132 -0.00158631 -0.00116672 -0.00126272 -0.00692794 -0.000901802 -0.00153121 -0.00933555 -0.000865771 -0.00607636 -0.00012902 0.00104769 0.000189733 0.00839508 0.00448815 -0.0197345 -0.00439799 -0.0044078 -0.00502818 -0.00775811 -0.00161348 -0.000763784 -0.00810638 -0.00178363 -0.00234282 -0.00854253 0.00531966
internal_weight=1.69858e+07 5.04886e+06 252801 226526 189728 175910 175376 13818 167092 136904 10756 126148 7994 104377 68152 61026 7126 18035 1785 21771 26275 12033 8815 42991 38016 4975 5366 36225 8284 6155
internal_count=16985782 5048865 252801 226526 189728 175910 175376 13818 167092 136904 10756 126148 7994 104377 68152 61026 7126 18035 1785 21771 26275 12033 8815 42991 38016 4975 5366 36225 8284 6155
is_linear=0
shrinkage=0.1


Tree=84
num_leaves=31
num_cat=0
split_feature=2 0 3 9 3 3 7 7 8 8 3 5 10 2 4 3 3 5 4 4 2 7 3 7 3 6 3 8 8 7
split_gain=12.2881 28.1946 29.0867 64.0619 60.9729 50.0454 45.6729 43.9783 40.6424 32.8615 66.9908 66.207 38.6228 35.6296 38.5068 52.4703 33.8872 29.1419 48.5073 53.7085 28.7581 27.7229 26.4434 30.7316 26.9853 31.4062 27.2391 26.2665 34.3229 25.6601
threshold=56.500000000000007 24.500000000000004 87808.000000000015 51779.500000000007 71033.500000000015 62502.500000000007 5819003.0000000009 453019.87500000006 39719.500000000007 65882.500000000015 89671.500000000015 73538.000000000015 71516.500000000015 65.500000000000014 52288.500000000007 99474.000000000015 100204.00000000001 50738.000000000007 42894.000000000007 40431.000000000007 62.500000000000007 2208732.5000000005 52459.500000000007 8376066.7500000009 44299.000000000007 27380.549804687504 48702.000000000007 61592.500000000007 61166.000000000007 3809119.3750000005
decision_type=2 2 2 2 2 2 2 2 2 2 2 2 2 2 2 2 2 2 2 2 2 2 2 2 2 2 2 2 2 2
left_child=-1 2 3 5 7 8 -4 -5 22 13 -11 -12 -13 27 -15 -16 20 18 19 -10 -14 -9 23 -2 25 -25 -26 28 -8 -6
right_child=1 -3 6 4 29 -7 9 21 17 10 11 12 16 14 15 -17 -18 -19 -20 -21 -22 -23 -24 24 26 -27 -28 -29 -30 -31
leaf_value=4.4794855062524127e-05 -0.00032421702548800587 -7.6701918055094656e-05 0.0075733739040471371 0.030791178262233734 -0.012197176610685676 0.0016281804388717219 0.0017966758500013941 -0.034422374739218324 -0.01010663859147125 0.01830373372536202 -0.015473638421784321 0.0120671576912822 -0.0055815151371193987 0.00021628130056382548 -0.02555392271466303 -0.0034335083730294251 -0.0011815885284306282 0.0021431296854576404 -0.032267819838321742 0.0060182667066054057 -0.021450772490766018 -0.01056911572412543 0.001804592190371978 -0.0038999396980056002 0.0025728432482206957 -0.024271623247521273 -0.010297185307044076 0.0066275005830812878 -0.017087629672081939 -0.0024141218516203302
leaf_weight=13297492 16021 3371177 7707 250 2823 58841 31293 509 10856 1543 3840 1921 6275 15746 1489 3832 37916 3161 808 2551 1396 11397 20553 1362 3291 1703 3287 12419 993 53330
leaf_count=13297492 16021 3371177 7707 250 2823 58841 31293 509 10856 1543 3840 1921 6275 15746 1489 3832 37916 3161 808 2551 1396 11397 20553 1362 3291 1703 3287 12419 993 53330
internal_value=3.72393e-13 -0.0001615 -0.00106298 -0.00184251 -0.00429602 -0.00047364 0.000113661 -0.0107173 -0.0024184 -0.000370837 -0.00222657 -0.0028435 -0.00182263 0.00112146 -0.00226902 -0.00962357 -0.00240793 -0.00654138 -0.00847256 -0.00703849 -0.00846947 -0.0115889 -0.000868304 -0.00300889 -0.00746924 -0.015219 -0.00385826 0.00271921 0.00121586 -0.00290595
internal_weight=1.69858e+07 3.68829e+06 317113 190743 68309 122434 126370 12156 63593 118663 52891 51348 47508 65772 21067 5321 45587 17376 14215 13407 7671 11906 46217 25664 9643 3065 6578 44705 32286 56153
internal_count=16985782 3688290 317113 190743 68309 122434 126370 12156 63593 118663 52891 51348 47508 65772 21067 5321 45587 17376 14215 13407 7671 11906 46217 25664 9643 3065 6578 44705 32286 56153
is_linear=0
shrinkage=0.1


Tree=85
num_leaves=31
num_cat=0
split_feature=1 7 2 0 1 0 1 0 1 0 4 7 8 0 0 5 3 3 5 2 4 3 8 4 3 3 4 1 4 7
split_gain=12.4206 23.4309 19.0599 32.9588 32.4317 27.3022 43.0742 33.8356 38.7285 40.617 34.4553 24.658 24.3128 41.6937 23.5886 41.9369 40.9555 35.8776 23.2172 21.3873 21.1783 50.5159 28.7836 29.9368 28.8878 29.5883 28.3294 27.1392 25.3793 24.845
threshold=35.500000000000007 89248184.000000015 33.500000000000007 6.5000000000000009 169.50000000000003 9.5000000000000018 232.50000000000003 12.500000000000002 304.50000000000006 15.500000000000002 41884.500000000007 10270627.000000002 69991.000000000015 49.500000000000007 2.5000000000000004 77837.000000000015 28630.000000000004 75356.500000000015 82773.500000000015 47.500000000000007 30600.500000000004 42700.500000000007 58726.500000000007 54743.000000000007 38646.500000000007 36184.500000000007 37956.500000000007 152.50000000000003 16102.000000000002 19590535.000000004
decision_type=2 2 2 2 2 2 2 2 2 2 2 2 2 2 2 2 2 2 2 2 2 2 2 2 2 2 2 2 2 2
left_child=1 -1 11 19 -5 -6 -7 -8 10 -10 -9 -2 13 14 16 20 -13 -17 -14 -4 21 27 24 29 25 -22 -27 -16 -23 -24
right_child=2 -3 3 4 5 6 7 8 9 -11 -12 12 18 -15 15 17 -18 -19 -20 -21 22 28 23 -25 -26 26 -28 -29 -30 -31
leaf_value=-0.0015357476232614878 -0.00014616416642015774 0.00063320367395834675 -0.00063451354246641528 0.0015667539406322235 -0.00097781803480296767 0.0016241510668446525 -0.0011218932357506188 0.00037341224247066247 -0.0013908581942903195 1.1343896643459018e-05 0.0028457955186200674 0.0083238599884226227 -0.0037117820354710218 -0.00012020355081506069 0.0045004142601941279 0.011975641886884313 -1.604339939625732e-05 -1.823859929044555e-05 5.0765779794917826e-05 -0.0029430895496879595 0.0036784465883252571 0.0017564068016978412 -0.0106730750132383 0.002176714677437836 0.0038346392994459302 -0.011116878565244648 0.0082398683253651853 0.00084482675720788658 -0.0053151874859405446 -0.00096189696964280838
leaf_weight=138095 528431 77905 408969 131678 285625 163348 268062 157614 209737 13721451 87748 6200 19768 224249 27680 7572 117125 3719 96259 44496 4826 7191 3620 27409 108965 3916 937 76262 17248 9677
leaf_count=138095 528431 77905 408969 131678 285625 163348 268062 157614 209737 13721451 87748 6200 19768 224249 27680 7572 117125 3719 96259 44496 4826 7191 3620 27409 108965 3916 937 76262 17248 9677
internal_value=-5.15979e-14 -0.000753469 9.70492e-06 -2.10845e-05 4.26554e-06 -9.54882e-06 9.38345e-06 -8.87727e-06 1.21686e-05 -9.76655e-06 0.0012576 0.000378846 0.000742632 0.000981813 0.00156694 0.00204688 0.000403234 0.00802513 -0.000590275 -0.000861041 0.00181229 0.000856463 0.00258235 0.000287839 0.00336958 -0.00186597 -0.00737955 0.00181832 -0.00323442 -0.00360569
internal_weight=1.69858e+07 216000 1.67698e+07 1.54787e+07 1.50253e+07 1.48936e+07 1.4608e+07 1.44446e+07 1.41766e+07 1.39312e+07 245362 1.29105e+06 762623 646596 422347 299022 123325 11291 116027 453465 287731 128381 159350 40706 118644 9679 4853 103942 24439 13297
internal_count=16985782 216000 16769782 15478728 15025263 14893585 14607960 14444612 14176550 13931188 245362 1291054 762623 646596 422347 299022 123325 11291 116027 453465 287731 128381 159350 40706 118644 9679 4853 103942 24439 13297
is_linear=0
shrinkage=0.1


Tree=86
num_leaves=31
num_cat=0
split_feature=3 10 2 3 4 6 9 9 8 2 8 4 4 9 7 3 10 1 3 4 1 4 2 2 8 8 2 1 3 2
split_gain=12.4255 20.3893 44.5196 80.0006 34.6548 27.4113 53.0769 27.9774 31.7999 27.3259 24.5494 19.9324 46.2012 29.7869 46.3586 38.7292 36.5316 30.8225 28.0539 25.2599 20.841 19.5538 19.2403 45.0805 25.4016 18.4316 18.4074 18.0437 17.7878 23.4738
threshold=117405.50000000001 78988.000000000015 75.500000000000014 120489.00000000001 39400.000000000007 79765.351562500015 87403.000000000015 89325.500000000015 88088.500000000015 73.500000000000014 77911.500000000015 74646.500000000015 73635.500000000015 102383.50000000001 10270627.000000002 139047.50000000003 94722.500000000015 862.50000000000011 128937.00000000001 56544.500000000007 339.50000000000006 74646.500000000015 63.500000000000007 69.500000000000014 85874.000000000015 76491.500000000015 82.500000000000014 921.50000000000011 128937.00000000001 52.500000000000007
decision_type=2 2 2 2 2 2 2 2 2 2 2 2 2 2 2 2 2 2 2 2 2 2 2 2 2 2 2 2 2 2
left_child=-1 -2 4 26 -3 10 -7 8 22 11 -6 12 19 14 16 28 18 -17 -13 -9 -14 -12 24 27 -8 -5 -4 -24 -16 -30
right_child=1 2 3 25 5 6 7 9 -10 -11 21 13 20 -15 15 17 -18 -19 -20 -21 -22 -23 23 -25 -26 -27 -28 -29 29 -31
leaf_value=-1.1729709337351344e-05 0.0016669250512418442 -0.0084575989346461784 -0.038554868262547719 -0.010060045262757628 -0.0017911121269960331 0.0039017540072069632 0.0064822417740032267 0.0048848391709667184 -0.02714566918453808 0.0099767324515957628 -0.022173465967385307 -0.0043664801612216548 -0.0043535507147355931 -0.0017745942646251575 0.0037969709316749319 0.017518714597834259 0.001496870383003627 0.0050332849992517966 -0.021534569664693862 -0.00434670549195444 -0.029459484570263501 0.0036853946086095922 -0.0080868415828689796 -0.0010440054215153625 -0.0056251089478574733 -0.0010985050083275889 -0.017161656568683153 -0.031013082071267739 0.0059894830876101911 -0.0047786007727718596
leaf_weight=16672208 117271 4231 650 2748 18484 48262 3086 4379 599 2932 1080 2343 521 27845 21184 3232 5058 5093 1603 9173 905 401 535 2632 3952 13925 1055 958 2941 6496
leaf_count=16672208 117271 4231 650 2748 18484 48262 3086 4379 599 2932 1080 2343 521 27845 21184 3232 5058 5093 1603 9173 905 401 535 2632 3952 13925 1055 958 2941 6496
internal_value=3.33177e-13 0.000623649 3.98322e-07 -0.00468538 0.000484396 0.000702213 0.00115493 -0.000102021 -0.00469914 0.000475017 -0.00278369 0.000168108 -0.00316535 0.00082684 0.00233752 0.00383257 -0.00412921 0.00988048 -0.0113407 -0.00136376 -0.0202868 -0.0151718 -0.00349467 -0.00891753 -0.000316316 -0.00257552 -0.0253174 -0.0227977 0.00218831 -0.00142277
internal_weight=1.69858e+07 313574 196303 18378 177925 173694 153729 105467 11762 93705 19965 90773 14978 75795 47950 38946 9004 8325 3946 13552 1426 1481 11163 4125 7038 16673 1705 1493 30621 9437
internal_count=16985782 313574 196303 18378 177925 173694 153729 105467 11762 93705 19965 90773 14978 75795 47950 38946 9004 8325 3946 13552 1426 1481 11163 4125 7038 16673 1705 1493 30621 9437
is_linear=0
shrinkage=0.1


Tree=87
num_leaves=31
num_cat=0
split_feature=2 10 0 1 2 0 7 8 9 3 7 4 10 10 3 3 3 8 7 3 7 7 9 6 8 3 8 3 7 0
split_gain=12.2642 11.6602 11.5762 28.4361 15.9336 27.2031 22.3415 32.6689 21.6389 47.8454 47.1116 78.6534 48.205 39.7456 38.1861 48.4534 32.0194 31.3815 27.6433 54.6894 50.4681 50.0444 51.7489 123.635 83.6381 44.4922 48.6908 39.9933 66.8601 38.6639
threshold=13.500000000000002 85570.000000000015 119.50000000000001 2190.5000000000005 60.500000000000007 13.500000000000002 206486632.00000003 83702.500000000015 40393.000000000007 64689.500000000007 11898420.000000002 33223.500000000007 53242.500000000007 44011.500000000007 51534.000000000007 54864.000000000007 53485.500000000007 40331.000000000007 4132295.6250000005 98527.000000000015 3933233.8750000005 6231196.5000000009 54086.500000000007 52128.150390625007 47529.000000000007 83763.500000000015 78720.500000000015 70412.500000000015 3198122.5000000005 46.500000000000007
decision_type=2 2 2 2 2 2 2 2 2 2 2 2 2 2 2 2 2 2 2 2 2 2 2 2 2 2 2 2 2 2
left_child=1 -1 3 4 -2 -6 8 -8 -7 10 11 17 -12 -13 -15 16 -16 -10 19 20 27 25 -23 -24 -25 -20 -27 28 -11 -29
right_child=2 -3 -4 -5 5 6 7 -9 9 18 12 13 -14 14 15 -17 -18 -19 21 -21 -22 22 23 24 -26 26 -28 29 -30 -31
leaf_value=-0.0036233585184984626 3.3123081224410466e-05 -0.00011266664964264297 0.00024944740333530783 -0.00097061617300268791 -0.0031310761004175701 0.00059133592929812588 0.0023259131116533001 -0.012086447835573411 -0.014947930730070867 0.0046461310310502348 0.0021539678115886198 -0.00043786016881333 -0.022010463946651966 0.0069327612903910141 -0.0067953121914693842 -0.0039723084329606846 -0.020675412436918818 -0.042361426954033714 -0.00022104648257859113 0.0029143338215823315 -0.011690046087858147 0.00081360046152875959 -0.021056986371512515 -0.023309600210328182 -0.00067927002044731837 0.0036547116605232764 -0.008095981796299492 -0.0069485105285287604 -0.0058925481269127781 -0.0018873685505270074
leaf_weight=18183 13201051 19722 1726099 310737 33080 233742 48038 1626 2026 18972 26583 41172 852 2787 3702 49156 3016 526 74731 22654 5630 268544 3006 1637 691924 79955 3689 19714 8818 64410
leaf_count=18183 13201051 19722 1726099 310737 33080 233742 48038 1626 2026 18972 26583 41172 852 2787 3702 49156 3016 526 74731 22654 5630 268544 3006 1637 691924 79955 3689 19714 8818 64410
internal_value=3.17323e-14 -0.00179674 4.01853e-06 -2.38123e-05 -4.08147e-06 -0.000291299 -0.000235279 0.00185405 -0.000299046 -0.000448396 -0.00227656 -0.00326267 0.00140354 -0.00281953 -0.00449114 -0.00506096 -0.0130267 -0.0205982 -0.000260587 -0.00158459 -0.00245166 -9.5367e-05 -0.000365731 -0.000820393 -0.000732684 0.00155219 0.00313646 -0.0019869 0.00130212 -0.00307342
internal_weight=1.69858e+07 37905 1.69479e+07 1.52218e+07 1.4911e+07 1.70999e+06 1.67691e+06 49664 1.62725e+06 1.3935e+06 129820 102385 27435 99833 58661 55874 6718 2552 1.26368e+06 140198 117544 1.12349e+06 965111 696567 693561 158375 83644 111914 27790 84124
internal_count=16985782 37905 16947877 15221778 14911041 1709990 1676910 49664 1627246 1393504 129820 102385 27435 99833 58661 55874 6718 2552 1263684 140198 117544 1123486 965111 696567 693561 158375 83644 111914 27790 84124
is_linear=0
shrinkage=0.1


Tree=88
num_leaves=31
num_cat=0
split_feature=3 9 0 8 2 4 7 8 10 7 2 3 0 8 5 3 4 4 9 3 9 8 0 2 2 3 3 3 7 7
split_gain=11.5653 43.2845 60.224 34.1235 54.4092 49.0367 33.9799 27.8933 35.8485 27.0487 24.7396 52.0508 51.9337 65.8201 48.894 61.53 45.3607 51.35 68.5273 41.3286 37.5794 32.563 35.4988 52.6052 33.3656 31.2592 138.15 31.0379 64.2109 38.0671
threshold=41519.500000000007 35500.500000000007 13.500000000000002 42082.500000000007 34.500000000000007 40955.000000000007 11898420.000000002 42579.500000000007 44694.500000000007 13448782.500000002 49.500000000000007 57717.000000000007 41.500000000000007 50150.500000000007 56314.500000000007 55085.500000000007 35275.500000000007 35036.500000000007 45051.500000000007 42401.500000000007 45751.000000000007 46141.000000000007 43.500000000000007 32.500000000000007 35.500000000000007 51965.000000000007 45661.000000000007 67750.000000000015 134725912.00000003 1451177.2500000002
decision_type=2 2 2 2 2 2 2 2 2 2 2 2 2 2 2 2 2 2 2 2 2 2 2 2 2 2 2 2 2 2
left_child=3 2 -2 -1 7 6 -6 -5 -9 -8 16 12 13 -12 15 -15 17 -3 25 21 -13 22 23 -18 -23 26 -19 28 29 -22
right_child=1 10 -4 4 5 -7 9 8 -10 -11 11 20 -14 14 -16 -17 19 18 -20 -21 27 24 -24 -25 -26 -27 -28 -29 -30 -31
leaf_value=-0.00011642772386736326 0.0035824694579167679 -0.00028041043475127782 0.00047738367869300604 -0.0081378758929353655 -1.3622832498299439e-05 -0.013624674810430127 -0.0211188556123558 -0.038405733189394331 0.00082192793675471294 -0.0051959496727625662 -0.0018925585015899503 0.00070325736516483326 -0.00042576658726272061 -0.032283220525242781 -0.0035688469973139134 -0.0054685837586811708 -0.0027407179823620378 0.0011947943686940997 -0.01494088356440032 0.00024431156776303601 -0.0043458364768675 -0.002635309968202347 0.0014977146781653958 0.011526945450483701 -0.037415320853081843 0.002812244171992656 -0.022529653456310431 -1.8128318521595753e-05 -0.0060863272589555774 -0.00041970490280592606
leaf_weight=2837127 67630 1473197 817554 3879 16679 5347 1126 234 52555 20308 207301 614206 663439 1900 3612 1557 3383 8999 5290 5149873 25554 1330 18129 10944 348 7784 3375 4206373 21555 735194
leaf_count=2837127 67630 1473197 817554 3879 16679 5347 1126 234 52555 20308 207301 614206 663439 1900 3612 1557 3383 8999 5290 5149873 25554 1330 18129 10944 348 7784 3375 4206373 21555 735194
internal_value=-2.42055e-14 3.77303e-05 0.000714619 -0.000180459 -0.0019948 -0.00465664 -0.00339848 4.66341e-05 0.000648042 -0.00603243 -7.78786e-06 -0.000147 -0.000862993 -0.00221613 -0.0117051 -0.0202062 0.000127217 -0.000357344 -0.00481108 0.000267299 -3.48246e-05 0.00373544 0.00443773 0.00815796 -0.00984833 -0.00215275 -0.00527603 -0.000125697 -0.000704086 -0.000551586
internal_weight=1.69858e+07 1.40485e+07 885184 2.93726e+06 100128 43460 38113 56668 52789 21434 1.31633e+07 6.48069e+06 877809 214370 7069 3457 6.68265e+06 1.49864e+06 25448 5.18401e+06 5.60288e+06 34134 32456 14327 1678 20158 12374 4.98868e+06 782303 760748
internal_count=16985782 14048527 885184 2937255 100128 43460 38113 56668 52789 21434 13163343 6480691 877809 214370 7069 3457 6682652 1498645 25448 5184007 5602882 34134 32456 14327 1678 20158 12374 4988676 782303 760748
is_linear=0
shrinkage=0.1


Tree=89
num_leaves=31
num_cat=0
split_feature=4 0 0 1 7 3 7 2 7 3 1 5 2 1 0 7 0 1 0 1 0 1 4 0 1 0 4 1 0 4
split_gain=10.8525 31.6414 13.417 55.7879 52.468 49.0061 27.6405 25.026 24.3611 34.0545 27.8588 33.6109 20.9699 19.974 19.0339 21.9485 18.9457 42.9964 38.5276 31.1359 41.2317 28.4903 40.1115 39.9152 31.768 48.2573 42.4289 32.6752 51.9613 35.3009
threshold=5198.5000000000009 25.500000000000004 6.5000000000000009 160.50000000000003 2273446.5000000005 17682.000000000004 2658228.3750000005 38.500000000000007 9303739.0000000019 44299.000000000007 26.500000000000004 56771.000000000007 36.500000000000007 17.500000000000004 3.5000000000000004 63497342.000000007 8.5000000000000018 214.50000000000003 10.500000000000002 259.50000000000006 13.500000000000002 330.50000000000006 31218.500000000004 18.500000000000004 436.50000000000006 23.500000000000004 44174.500000000007 558.50000000000011 30.500000000000004 35927.500000000007
decision_type=2 2 2 2 2 2 2 2 2 2 2 2 2 2 2 2 2 2 2 2 2 2 2 2 2 2 2 2 2 2
left_child=1 -1 4 6 -2 13 -4 8 -7 10 -10 -12 -8 -6 15 -11 -5 -18 -19 -20 -21 22 -22 -23 26 -26 -25 29 -29 -27
right_child=2 -3 3 16 5 7 12 -9 9 14 11 -13 -14 -15 -16 -17 17 18 19 20 21 23 -24 24 25 27 -28 28 -30 -31
leaf_value=0.0030621392359365934 -0.0048583818719729914 4.5190022588385067e-05 -0.0020161305732687043 -0.0009327199543352169 -0.0036084637705565584 -0.0012859943930541677 0.0043519204110292987 -0.0012375124824203308 -0.00099309409030553229 -0.00099354994028314847 0.0019625560731200602 0.0088635474174734909 0.0014969204957811903 0.006905192721407695 0.00081305527174885489 0.00052459737779060459 0.0015029793943010302 -0.0015773402600584429 0.001250567699188724 -0.0012944756109016873 -0.00032306511758057292 -0.00097509358214757126 0.0019738128451704477 0.0002343927385740117 -0.0011611360648363604 2.1414646352165599e-05 0.0024400934355749701 -0.0010998223990911086 3.01956322941917e-05 0.0015610038779793065
leaf_weight=45152 25164 151089 13898 215359 2101 136857 45281 232421 29526 286306 85696 7691 59574 12913 152200 142693 190950 154646 199357 244837 135621 413111 173041 299882 351255 315127 122973 421157 12037524 282380
leaf_count=45152 25164 151089 13898 215359 2101 136857 45281 232421 29526 286306 85696 7691 59574 12913 152200 142693 190950 154646 199357 244837 135621 413111 173041 299882 351255 315127 122973 421157 12037524 282380
internal_value=-3.47531e-13 0.000739343 -8.64166e-06 1.51843e-05 -0.000344045 -0.000239673 0.0021744 -0.000319033 -6.51898e-05 0.000172096 0.00168437 0.0025309 0.00272984 0.00543395 -0.000147722 -0.000488586 -1.2977e-06 1.1777e-05 -7.01693e-06 9.17671e-06 -7.5484e-06 1.4104e-05 0.000964602 -6.49378e-06 2.24383e-05 -4.47718e-06 0.000875846 2.66408e-05 -8.00384e-06 0.00074902
internal_weight=1.69858e+07 196241 1.67895e+07 1.5676e+07 1.11357e+06 1.0884e+06 118753 1.07339e+06 840969 704112 122913 93387 104855 15014 581199 428999 1.55572e+07 1.53419e+07 1.51509e+07 1.49963e+07 1.47969e+07 1.45521e+07 308662 1.42434e+07 1.38303e+07 1.34074e+07 422855 1.30562e+07 1.24587e+07 597507
internal_count=16985782 196241 16789541 15675973 1113568 1088404 118753 1073390 840969 704112 122913 93387 104855 15014 581199 428999 15557220 15341861 15150911 14996265 14796908 14552071 308662 14243409 13830298 13407443 422855 13056188 12458681 597507
is_linear=0
shrinkage=0.1


Tree=90
num_leaves=31
num_cat=0
split_feature=3 8 1 7 2 8 5 6 3 5 5 9 7 7 8 2 2 2 3 3 7 2 1 9 7 7 9 2 0 10
split_gain=10.4974 31.9986 33.4727 33.1386 36.2069 32.2734 40.8069 30.347 27.6497 77.1248 56.1024 68.3434 79.8002 114.498 54.3072 53.2552 72.6222 51.6379 46.5148 41.0713 40.1482 39.9241 36.4189 35.7479 34.8492 33.6846 38.3452 30.8847 26.5716 24.5439
threshold=102132.50000000001 85874.000000000015 505.50000000000006 134725912.00000003 66.500000000000014 65568.000000000015 72301.500000000015 68506.652343750015 99474.000000000015 74432.500000000015 84759.000000000015 81255.500000000015 18293565.000000004 24657123.000000004 77187.500000000015 49.500000000000007 41.500000000000007 50.500000000000007 100204.00000000001 97879.000000000015 7807215.2500000009 52.500000000000007 463.50000000000006 70522.000000000015 11558010.000000002 93891664.000000015 74650.500000000015 68.500000000000014 43.500000000000007 82131.000000000015
decision_type=2 2 2 2 2 2 2 2 2 2 2 2 2 2 2 2 2 2 2 2 2 2 2 2 2 2 2 2 2 2
left_child=8 2 3 4 5 -2 7 -7 19 15 11 12 14 18 27 16 -10 -15 -14 -1 22 -21 -17 -22 -12 26 -19 -11 -29 -13
right_child=1 -3 -4 -5 -6 6 -8 -9 9 10 24 29 13 17 -16 20 -18 25 -20 21 23 -23 -24 -25 -26 -27 -28 28 -30 -31
leaf_value=-1.9369603998349217e-05 0.0066241376614494659 -0.00093155462041822614 0.0002959135629534385 -0.0024193927040200274 -0.0015485427117877136 -0.003710250572468684 0.0026522889799320826 -0.036101037513309807 0.0034466913910953219 0.0028326420832376002 -0.01166071709498055 -0.029586131900548936 -0.0028438388965338415 0.00041263624878693308 -0.014526197213665527 0.020672423138994256 -0.02277471855366069 -0.016181136296162003 -0.021380082164799898 0.0042396013665291317 0.00098028899924673478 0.00050541259285240921 0.0045615039389013791 -0.011564324129399254 0.0010595440774034889 -0.0010859187843592524 -0.0042649076556464851 -0.027546982056003918 -0.0021916981767718447 -0.012398879514664504
leaf_weight=15729592 23021 167072 644445 14812 17866 788 75914 457 2079 21794 2307 1150 1722 14127 2237 1556 2147 6192 6331 43568 59366 83514 14278 2362 32428 5005 4789 617 1252 2994
leaf_count=15729592 23021 167072 644445 14812 17866 788 75914 457 2079 21794 2307 1150 1722 14127 2237 1556 2147 6192 6331 43568 59366 83514 14278 2362 32428 5005 4789 617 1252 2994
internal_value=-1.46491e-13 0.000324002 0.000593869 0.00203914 0.00259858 0.00333817 0.00235778 -0.0155999 -1.90743e-05 -0.00123542 -0.00305666 -0.00472256 -0.00391751 -0.00682488 0.000366757 0.00105694 -0.00987498 -0.00399243 -0.0174164 -4.90368e-06 0.00165257 0.00178562 0.00614472 0.000500274 0.0002147 -0.00788523 -0.0109843 0.00177467 -0.0105621 -0.0171685
internal_weight=1.69858e+07 944375 777303 132858 118046 100180 77159 1245 1.60414e+07 184733 102945 68210 64066 38166 25900 81788 4226 30113 8053 1.58567e+07 77562 127082 15834 61728 34735 15986 10981 23663 1869 4144
internal_count=16985782 944375 777303 132858 118046 100180 77159 1245 16041407 184733 102945 68210 64066 38166 25900 81788 4226 30113 8053 15856674 77562 127082 15834 61728 34735 15986 10981 23663 1869 4144
is_linear=0
shrinkage=0.1


Tree=91
num_leaves=31
num_cat=0
split_feature=0 1 1 8 0 1 3 8 5 9 5 5 10 5 7 0 2 4 10 3 8 10 2 2 10 7 7 4 3 7
split_gain=10.4415 36.7285 18.1422 22.9649 16.957 54.506 28.8842 51.8585 88.2751 102.535 88.0968 67.7764 61.4912 100.235 66.6928 58.8394 54.723 52.9097 73.1524 111.759 65.6044 47.4779 45.87 60.5204 56.154 47.6491 55.9877 69.2941 46.6218 45.409
threshold=107.50000000000001 1910.5000000000002 2349.5000000000005 59224.500000000007 85.500000000000014 1523.5000000000002 75866.500000000015 60387.500000000007 63587.000000000007 57733.500000000007 59270.000000000007 60375.500000000007 56971.500000000007 58616.500000000007 1070422.0625000002 40.500000000000007 56.500000000000007 52938.000000000007 56450.500000000007 75617.500000000015 55126.500000000007 57882.500000000007 46.500000000000007 58.500000000000007 74018.000000000015 1870330.7500000002 3933233.8750000005 63540.500000000007 73157.000000000015 6972632.5000000009
decision_type=2 2 2 2 2 2 2 2 2 2 2 2 2 2 2 2 2 2 2 2 2 2 2 2 2 2 2 2 2 2
left_child=1 4 3 -2 5 6 7 8 9 11 -11 12 13 17 -14 16 -12 18 -1 20 -20 -13 -9 24 25 -24 -27 -28 -25 -18
right_child=2 -3 -4 -5 -6 -7 -8 22 -10 10 15 21 14 -15 -16 -17 29 -19 19 -21 -22 -23 23 28 -26 26 27 -29 -30 -31
leaf_value=-6.8838066817253574e-05 0.00013624333323498383 -0.00086814679582907645 -0.00031711718169554918 0.00090249371488262942 0.00026364930521320749 -0.0010332863388580653 0.00025511455292283666 -0.00063689950747122565 0.001378389592967301 -0.02247087808668001 -0.00262365526248853 0.0045597533127375708 -0.025551215697748538 0.0032086389895776266 -0.0016119765604179566 -0.0002739297243038039 -0.019730175976275906 0.0059946811746339843 -0.0028368906921509094 -0.046489707504305082 -0.024834302641231001 0.00089922737767865728 -0.015349875665968064 0.01065430793736042 -0.015229508121087341 0.0039670264911262571 -0.003304189898407871 -0.022485999226589802 -0.0065967233103725702 -0.0053208271442304255
leaf_weight=5964647 1952521 511822 617142 489111 1999051 539381 3092800 456294 416364 2073 150614 47983 1170 93857 217723 138347 3387 14282 42926 614 1400 135469 3141 5255 4139 10581 63342 1941 2232 6173
leaf_count=5964647 1952521 511822 617142 489111 1999051 539381 3092800 456294 416364 2073 150614 47983 1170 93857 217723 138347 3387 14282 42926 614 1400 135469 3141 5255 4139 10581 63342 1941 2232 6173
internal_value=-1.07699e-13 -3.67438e-05 0.000167299 0.00028974 -5.02376e-06 -5.20704e-05 -3.41168e-06 -0.000106132 -3.51752e-05 -0.000121466 -0.00192722 -3.82152e-05 -9.30739e-05 -3.41491e-05 -0.00173993 -0.00178456 -0.00308933 -8.46745e-05 -9.91223e-05 -0.00411858 -0.00353166 0.00185666 -0.00104505 -0.00309992 -0.00387536 -0.00328053 -0.00278082 -0.00387451 0.00551149 -0.0104259
internal_weight=1.69858e+07 1.3927e+07 3.05877e+06 2.44163e+06 1.34152e+07 1.14161e+07 1.08768e+07 7.78395e+06 7.23703e+06 6.82066e+06 300594 6.52007e+06 6.33662e+06 6.11773e+06 218893 298521 160174 6.02387e+06 6.00959e+06 44940 44326 183452 546925 90631 83144 79005 75864 65283 7487 9560
internal_count=16985782 13927008 3058774 2441632 13415186 11416135 10876754 7783954 7237029 6820665 300594 6520071 6336619 6117726 218893 298521 160174 6023869 6009587 44940 44326 183452 546925 90631 83144 79005 75864 65283 7487 9560
is_linear=0
shrinkage=0.1


Tree=92
num_leaves=31
num_cat=0
split_feature=2 9 2 4 7 8 7 4 7 3 0 8 7 3 2 10 6 3 7 10 4 8 3 7 2 3 9 5 3 4
split_gain=10.5596 10.6579 10.3321 25.8827 36.3676 23.2569 28.1553 41.0414 38.2756 30.3426 46.5852 21.981 26.2898 21.0343 20.8132 18.9721 82.5408 14.2998 14.0149 16.8066 29.9216 13.6144 13.5009 22.8523 44.7472 20.3368 20.0532 49.7506 47.7871 42.6957
threshold=14.500000000000002 79922.500000000015 74.500000000000014 75567.500000000015 11191745.000000002 78720.500000000015 5588554.0000000009 44174.500000000007 25485002.000000004 128937.00000000001 35.500000000000007 53750.000000000007 10584032.000000002 86653.000000000015 79.500000000000014 52515.500000000007 44913.900390625007 109047.50000000001 19590535.000000004 55512.000000000007 57093.000000000007 69991.000000000015 117405.50000000001 84389452.000000015 69.500000000000014 120489.00000000001 84078.500000000015 89819.000000000015 84736.000000000015 78072.000000000015
decision_type=2 2 2 2 2 2 2 2 2 2 2 2 2 2 2 2 2 2 2 2 2 2 2 2 2 2 2 2 2 2
left_child=1 -1 22 5 -5 6 -4 15 9 10 13 -12 -13 -9 17 16 -8 -14 19 -15 -21 -11 26 -24 25 -25 29 28 -28 -2
right_child=2 -3 3 4 -6 -7 7 8 -10 21 11 12 14 18 -16 -17 -18 -19 -20 20 -22 -23 23 24 -26 -27 27 -29 -30 -31
leaf_value=-0.0028720190694641358 2.0347086975406122e-05 6.8989231387309215e-05 0.0013200687556174824 -0.020789749365701632 -0.0032629724267575315 0.0044195747468898953 0.0011689211456047373 0.0041107670486539225 -0.0094055577020958504 0.0041354968829203581 0.0019280991454823195 -0.005591897262843145 -0.010063566048654353 -0.0025887469745158424 0.0038220385751263179 0.0025172896947959784 -0.010227899763170165 -0.00034838857891377319 0.0021382740507781338 -0.024921478740727254 -0.0081209120741703757 -0.0035913773113755917 0.0011650552860626767 -0.0078427094930286403 -0.017647204788225311 -2.9806435282668544e-05 0.0037258172093138442 -0.00025142328437189378 -0.0052485379451558487 -0.0067470693965966709
leaf_weight=25672 16181675 23695 51665 1354 9423 9408 34259 790 8437 9244 10188 20802 2444 918 7065 25372 7802 3986 534 2398 1900 3027 210428 3660 1626 37136 7016 236077 38453 9328
leaf_count=25672 16181675 23695 51665 1354 9423 9408 34259 790 8437 9244 10188 20802 2444 918 7065 25372 7802 3986 534 2398 1900 3027 210428 3660 1626 37136 7016 236077 38453 9328
internal_value=-4.47066e-14 -0.0014604 4.25685e-06 -0.00069111 -0.005465 -0.000434176 -0.000673467 -0.00141356 -0.00307859 -0.00223524 -0.00330895 -0.0021504 -0.00336193 -0.0111894 7.5485e-05 0.000357639 -0.000945104 -0.00404106 -0.0132915 -0.0148711 -0.0174945 0.00222944 1.30299e-05 0.000738203 -0.00137913 -0.000730739 1.89869e-06 -0.000834808 -0.00386377 1.64482e-05
internal_weight=1.69858e+07 49367 1.69364e+07 211016 10777 200239 190831 139166 71733 63296 51025 44485 34297 6540 13495 67433 42061 6430 5750 5216 4298 12271 1.67254e+07 252850 42422 40796 1.64725e+07 281546 45469 1.6191e+07
internal_count=16985782 49367 16936415 211016 10777 200239 190831 139166 71733 63296 51025 44485 34297 6540 13495 67433 42061 6430 5750 5216 4298 12271 16725399 252850 42422 40796 16472549 281546 45469 16191003
is_linear=0
shrinkage=0.1


Tree=93
num_leaves=31
num_cat=0
split_feature=3 10 0 8 2 9 3 0 5 9 7 4 10 9 8 7 3 5 6 1 4 9 5 2 8 5 4 6 4 10
split_gain=10.4405 35.1277 48.1986 28.4426 27.3523 50.4046 23.5009 39.0923 61.1373 47.9972 75.413 60.9073 49.4174 43.4905 49.6276 40.9826 37.0912 35.9457 47.5672 33.28 32.4005 32.2589 81.2181 42.6288 31.8905 31.0948 31.8301 59.0813 33.9958 30.454
threshold=41519.500000000007 36989.000000000007 20.500000000000004 28367.000000000004 62.500000000000007 31033.500000000004 31866.500000000004 37.500000000000007 37147.500000000007 33342.000000000007 1451177.2500000002 26204.500000000004 34969.000000000007 33646.500000000007 32573.500000000004 651101.90625000012 38933.500000000007 31506.500000000004 29633.100585937504 295.50000000000006 32491.000000000004 39357.500000000007 43544.500000000007 44.500000000000007 28838.000000000004 40371.500000000007 30382.000000000004 34118.050781250007 27641.000000000004 36575.000000000007
decision_type=2 2 2 2 2 2 2 2 2 2 2 2 2 2 2 2 2 2 2 2 2 2 2 2 2 2 2 2 2 2
left_child=3 2 -2 -1 6 -6 17 8 9 15 20 12 -12 14 -13 -8 -17 18 -5 -19 -11 25 23 -23 -18 26 27 -10 -29 -15
right_child=1 -3 -4 4 5 -7 7 -9 21 10 11 13 -14 29 -16 16 24 19 -20 -21 -22 22 -24 -25 -26 -27 -28 28 -30 -31
leaf_value=7.756871318975824e-05 0.0025849791506732198 -4.9589692250779583e-06 0.00036483235351556084 -0.0054119224438297017 -0.0032356203703499276 -0.028530705593134226 -0.021448265713536079 -0.0002505166893093179 0.0022549846721258214 -0.046874183127274649 -0.0084612964551807387 -0.0071060073486997393 -0.027772791322273466 -0.0016347590676398429 -0.033088221879144904 -0.00070535132328018214 0.00094508553076054014 0.003308224380583711 -0.042516616918500068 3.5036851068646872e-07 -0.011764864614536729 -0.010231248160925748 -0.00044787275812587868 0.0017308721261553046 -0.0074323078838122838 0.0027848072625307825 0.0014372717872390109 -0.012506691405269036 -0.0035638249569011266 -0.023639402437752994
leaf_weight=1790543 112114 13171336 765077 3222 4613 950 1080 612144 13341 634 4126 3056 1952 25276 968 70494 6121 38369 387 146714 449 14736 79076 3734 17638 42250 34936 6179 13622 645
leaf_count=1790543 112114 13171336 765077 3222 4613 950 1080 612144 13341 634 4126 3056 1952 25276 968 70494 6121 38369 387 146714 449 14736 79076 3734 17638 42250 34936 6179 13622 645
internal_value=8.94771e-14 3.58487e-05 0.00064859 -0.00017146 -0.000560307 -0.00755529 -0.000526207 -0.000728195 -0.00158743 -0.00326664 -0.00631805 -0.00553637 -0.0146633 -0.00368385 -0.0133562 -0.00207896 -0.00185701 0.000493362 -0.00939073 0.000686096 -0.0323182 -0.00051758 -0.00184242 -0.00781292 -0.00527405 0.00065377 -0.000668777 -0.00288883 -0.00635449 -0.00218231
internal_weight=1.69858e+07 1.40485e+07 877191 2.93726e+06 1.14671e+06 5563 1.14115e+06 952457 340313 132439 37106 36023 6078 29945 4024 95333 94253 188692 3609 185083 1083 207874 97546 18470 23759 110328 68078 33142 19801 25921
internal_count=16985782 14048527 877191 2937255 1146712 5563 1141149 952457 340313 132439 37106 36023 6078 29945 4024 95333 94253 188692 3609 185083 1083 207874 97546 18470 23759 110328 68078 33142 19801 25921
is_linear=0
shrinkage=0.1


Tree=94
num_leaves=31
num_cat=0
split_feature=1 7 2 0 1 7 2 0 1 0 1 0 4 1 0 4 1 1 0 4 0 9 5 7 1 0 1 0 8 6
split_gain=9.78472 23.3064 17.0163 20.5268 43.3777 29.385 25.7036 24.0979 27.5922 36.9093 23.3702 27.8781 27.1161 21.8212 39.5624 35.5291 28.8613 24.8649 36.5382 32.1617 24.1301 22.7604 24.8339 24.3592 22.4929 39.8783 30.009 53.188 42.0957 25.3045
threshold=44.500000000000007 69237108.000000015 31.500000000000004 7.5000000000000009 187.50000000000003 3660568.5000000005 51.500000000000007 9.5000000000000018 241.50000000000003 12.500000000000002 295.50000000000006 15.500000000000002 41884.500000000007 382.50000000000006 21.500000000000004 35275.500000000007 472.50000000000006 513.50000000000011 26.500000000000004 35927.500000000007 25.500000000000004 56673.500000000007 59781.500000000007 1386759.3750000002 611.50000000000011 33.500000000000007 766.50000000000011 39.500000000000007 51671.500000000007 55400.351562500007
decision_type=2 2 2 2 2 2 2 2 2 2 2 2 2 2 2 2 2 2 2 2 2 2 2 2 2 2 2 2 2 2
left_child=1 -1 -2 6 5 -5 -4 -6 -9 -10 12 -12 -11 15 16 -13 -15 19 21 -16 -21 -19 23 -23 29 -26 28 -28 -27 -20
right_child=2 -3 3 4 7 -7 -8 8 9 10 11 13 -14 14 17 -17 -18 18 24 20 -22 22 -24 -25 25 26 27 -29 -30 -31
leaf_value=-0.0013012247518886383 0.00046835475469198429 0.00054089968213235891 -0.00041157180758616445 -0.0014385496681182971 -0.0011590216894315206 0.0023686187035945137 -0.0033247278302009978 0.0011440938254494708 -0.0012543033245513008 0.00025875618245072777 -0.0010501765210228088 -0.00019355236877842313 0.0027696125834604066 -0.0006126536666816308 -2.7499754154797332e-05 0.0017169267784901165 -0.0029700338127014222 -0.00033878850994632472 0.00024297253151168066 0.00090266872246614358 0.0030676026569656299 -0.052078230559390828 -0.0019698086525141694 -0.0090010498649816893 -0.00095141392522347609 0.00016167720424608808 -0.0014724689950468947 2.2037942215578185e-05 0.0018040937834276354 0.001841315164219206
leaf_weight=174917 772381 113083 658906 24352 178697 121038 31747 211186 233520 127065 249188 196051 65021 388861 296422 193335 59940 144931 360411 186631 71096 137 112314 3139 428632 536022 243687 10446340 220143 136589
leaf_count=174917 772381 113083 658906 24352 178697 121038 31747 211186 233520 127065 249188 196051 65021 388861 296422 193335 59940 144931 360411 186631 71096 137 112314 3139 428632 536022 243687 10446340 220143 136589
internal_value=-6.78851e-13 -0.000577916 9.96778e-06 -1.2264e-05 1.19089e-05 0.00173094 -0.00054548 -4.65445e-06 9.18008e-06 -7.12512e-06 1.30077e-05 -1.73691e-06 0.00110868 1.68916e-05 -4.18744e-06 0.000755024 -0.000927496 2.72373e-05 -1.52345e-06 0.000682865 0.00149988 -0.00117352 -0.00222014 -0.0108025 2.3156e-05 -4.42878e-06 3.10335e-05 -1.20304e-05 0.000639835 0.00068224
internal_weight=1.69858e+07 288000 1.66978e+07 1.59254e+07 1.52347e+07 145390 690653 1.50894e+07 1.49107e+07 1.46995e+07 1.4466e+07 1.42739e+07 192086 1.40247e+07 1.36353e+07 389386 448801 1.31865e+07 1.26323e+07 554149 257727 260521 115590 3276 1.23718e+07 1.18748e+07 1.14462e+07 1.069e+07 756165 497000
internal_count=16985782 288000 16697782 15925401 15234748 145390 690653 15089358 14910661 14699475 14465955 14273869 192086 14024681 13635295 389386 448801 13186494 12632345 554149 257727 260521 115590 3276 12371824 11874824 11446192 10690027 756165 497000
is_linear=0
shrinkage=0.1


Tree=95
num_leaves=31
num_cat=0
split_feature=9 5 10 6 7 10 7 3 8 1 4 3 3 4 3 3 3 9 8 5 6 5 4 4 8 5 2 4 10 5
split_gain=9.41135 71.4886 58.5595 55.6545 51.8425 50.8007 41.9405 36.8478 33.4286 28.8092 28.1284 26.1302 92.9522 42.1852 68.6619 84.8122 74.6416 108.1 58.0674 50.6809 51.4831 57.9316 97.4597 69.1687 135.666 88.5562 99.1834 58.2165 56.9054 47.6047
threshold=64115.000000000007 67379.000000000015 65733.500000000015 59043.699218750007 227246272.00000003 65010.500000000007 7301273.0000000009 91308.000000000015 57924.000000000007 357.50000000000006 49878.500000000007 88425.500000000015 88800.000000000015 59205.000000000007 69221.500000000015 75140.000000000015 85011.000000000015 65584.500000000015 58332.000000000007 66264.000000000015 64190.849609375007 69461.000000000015 54328.500000000007 57831.500000000007 68940.500000000015 81463.500000000015 38.500000000000007 53408.500000000007 68026.500000000015 68567.500000000015
decision_type=2 2 2 2 2 2 2 2 2 2 2 2 2 2 2 2 2 2 2 2 2 2 2 2 2 2 2 2 2 2
left_child=1 -1 8 4 -2 6 -5 10 9 -3 -8 13 -13 18 -15 29 -17 -18 -7 -20 -21 22 -22 27 -25 26 -26 -23 -24 -16
right_child=3 2 -4 5 -6 11 7 -9 -10 -11 -12 12 -14 14 15 16 17 -19 19 20 21 23 28 24 25 -27 -28 -29 -30 -31
leaf_value=-1.0611554593913682e-06 -0.018245883587351085 0.0033840797528745603 0.00023652502006869691 -0.0097275042755696137 -0.0032025997352422677 0.002602376794528505 -0.017173483384301864 -0.025765343924016554 0.0038321468426062754 -0.00065136440676505456 0.0019958264952816165 0.0051298112986022208 8.3765925020094128e-05 0.0021760834355771899 0.0021779041399744938 0.0007638956685851497 -0.01446341318364729 -0.00109559295205524 -0.011725151100654693 0.00063970413391957991 -0.011487440588816506 -0.0019586903061632565 -0.0014273044638355519 -0.0016359625590787873 -0.0047898181751180793 -0.00050368837444439451 -0.02310080457156001 0.00069612993425019649 -0.0089177636795200587 -0.0029841174966539086
leaf_weight=12944993 2507 30571 207809 9929 26573 43566 830 562 106470 41989 9847 37264 1793266 133123 20450 565434 6260 179717 4513 136918 13863 138045 74166 80635 4865 5321 7547 205650 11749 141350
leaf_count=12944993 2507 30571 207809 9929 26573 43566 830 562 106470 41989 9847 37264 1793266 133123 20450 565434 6260 179717 4513 136918 13863 138045 74166 80635 4865 5321 7547 205650 11749 141350
internal_value=3.69695e-13 3.8969e-05 0.00137852 -0.000142183 -0.00449949 -0.000107227 -0.00499176 -0.000808009 0.00270409 0.00104885 0.000505658 -7.85353e-05 0.000186488 -0.000352132 5.43945e-05 -0.000254894 0.000192298 -0.00154555 -0.000937354 -0.00116305 -0.00109282 -0.00153062 -0.00370706 -0.00103937 -0.00337752 -0.0112967 -0.0159236 -0.000370178 -0.00245164 -0.00233169
internal_weight=1.69858e+07 1.33318e+07 386839 3.65395e+06 29080 3.62487e+06 21168 11239 179030 72560 10677 3.6037e+06 1.83053e+06 1.77317e+06 1.04633e+06 913211 751411 185977 726838 683272 678759 541841 99778 442063 98368 17733 12412 343695 85915 161800
internal_count=16985782 13331832 386839 3653950 29080 3624870 21168 11239 179030 72560 10677 3603702 1830530 1773172 1046334 913211 751411 185977 726838 683272 678759 541841 99778 442063 98368 17733 12412 343695 85915 161800
is_linear=0
shrinkage=0.1


Tree=96
num_leaves=31
num_cat=0
split_feature=0 9 8 2 2 7 2 5 2 3 8 3 2 0 7 5 3 5 9 5 4 2 10 5 9 4 0 4 8 2
split_gain=9.53137 13.5172 13.2233 16.1193 12.2991 28.7304 40.2724 14.0968 12.6075 11.079 22.8432 55.1464 49.8883 35.1914 34.4933 30.7828 43.4794 30.1265 41.888 48.7623 49.0682 33.1165 32.6851 86.4604 78.4449 46.7347 46.1547 56.9316 39.8933 80.0908
threshold=1.0000000180025095e-35 89325.500000000015 97187.500000000015 72.500000000000014 50.500000000000007 21355827.000000004 58.500000000000007 111785.50000000001 54.500000000000007 110507.00000000001 80672.500000000015 109047.50000000001 57.500000000000007 47.500000000000007 40351506.000000007 89819.000000000015 82960.000000000015 86433.500000000015 79244.000000000015 82124.000000000015 76738.500000000015 69.500000000000014 77782.500000000015 79836.000000000015 77454.500000000015 33614.500000000007 19.500000000000004 44735.000000000007 74802.500000000015 62.500000000000007
decision_type=2 2 2 2 2 2 2 2 2 2 2 2 2 2 2 2 2 2 2 2 2 2 2 2 2 2 2 2 2 2
left_child=1 -1 9 4 -4 6 -6 -8 -7 10 17 12 13 15 -13 16 -12 18 19 22 -21 -20 -2 24 -24 -25 27 -27 29 -28
right_child=2 -3 3 -5 5 8 7 -9 -10 -11 11 14 -14 -15 -16 -17 -18 -19 21 20 -22 -23 23 25 -26 26 28 -29 -30 -31
leaf_value=-0.0015456341270918407 1.4603006248824116e-05 0.00078467800792617027 -0.0009523630365075418 0.008913534816275253 -0.019338293358461971 -0.0079677692355850475 -0.013663938622636741 0.00273924280432895 0.0014199044517914042 0.0004952140330545682 0.0039149254913309261 -0.010436167665992273 -0.0067428479282266628 0.0019039361223350756 0.00080053522553172058 -0.00026124017143679736 -0.0056404680628251288 0.001468059295531549 -0.0013793824253926813 0.0019561377699133112 -0.041779281972845882 -0.013961924246943922 -0.0094976878923812881 -0.016787704177980155 0.0021970688940534579 0.025920730044906456 1.5856480279225965e-05 -0.0040843429424525938 0.0025158707067006385 -0.013133111964099487
leaf_weight=87214 15498711 34834 34940 1410 2537 1867 719 1931 6120 459939 5867 9584 12464 55685 3821 105035 25283 140723 175302 139437 257 2117 21207 1716 7862 645 50418 32266 60770 5101
leaf_count=87214 15498711 34834 34940 1410 2537 1867 719 1931 6120 459939 5867 9584 12464 55685 3821 105035 25283 140723 175302 139437 257 2117 21207 1716 7862 645 50418 32266 60770 5101
internal_value=1.13306e-13 -0.000880534 6.3727e-06 -0.00162527 -0.00193411 -0.00453789 -0.0103328 -0.00171128 -0.00077451 1.11785e-05 -2.4343e-06 -0.00101985 -0.000612236 -0.000213987 -0.00723323 -0.00107999 -0.00384074 1.12943e-05 -1.52158e-06 1.56164e-05 0.00187568 -0.00152952 -9.56308e-07 -0.00134079 -0.00633472 -0.000378869 -0.000190145 -0.00349629 0.00074553 -0.00119225
internal_weight=1.69858e+07 122048 1.68637e+07 49524 48114 13174 5187 2650 7987 1.68142e+07 1.63543e+07 217739 204334 191870 13405 136185 31150 1.61365e+07 1.59958e+07 1.58184e+07 139694 177419 1.56787e+07 179985 29069 150916 149200 32911 116289 55519
internal_count=16985782 122048 16863734 49524 48114 13174 5187 2650 7987 16814210 16354271 217739 204334 191870 13405 136185 31150 16136532 15995809 15818390 139694 177419 15678696 179985 29069 150916 149200 32911 116289 55519
is_linear=0
shrinkage=0.1


Tree=97
num_leaves=31
num_cat=0
split_feature=3 6 0 8 2 5 2 5 1 0 2 7 7 0 7 4 8 5 10 0 9 5 1 7 8 6 5 8 8 10
split_gain=9.0941 27.5648 25.7752 23.5942 25.4441 25.2609 28.1427 38.2904 24.875 20.5536 40.0286 30.3474 32.1101 29.0666 24.3312 23.0769 22.0012 20.5124 46.9013 37.9859 34.3494 25.4154 25.5319 23.7559 20.3859 31.9335 20.1929 28.0093 24.8722 43.7914
threshold=41127.500000000007 29251.149414062504 31.500000000000004 42082.500000000007 34.500000000000007 53400.500000000007 32.500000000000007 49126.500000000007 134.50000000000003 4.5000000000000009 32.500000000000007 60924726.000000007 99021260.000000015 54.500000000000007 36324512.000000007 17996.000000000004 24864.000000000004 43544.500000000007 40740.000000000007 25.500000000000004 40811.500000000007 42254.500000000007 152.50000000000003 7897553.7500000009 27078.000000000004 27380.549804687504 57929.500000000007 53067.500000000007 47306.500000000007 48324.500000000007
decision_type=2 2 2 2 2 2 2 2 2 2 2 2 2 2 2 2 2 2 2 2 2 2 2 2 2 2 2 2 2 2
left_child=3 2 24 17 5 6 7 8 -5 14 11 13 -13 -11 -3 16 -16 18 -1 20 21 22 -20 -21 -2 -26 28 -28 29 -6
right_child=1 9 -4 4 26 -7 -8 -9 -10 10 -12 12 -14 -15 15 -17 -18 -19 19 23 -22 -23 -24 -25 25 -27 27 -29 -30 -31
leaf_value=-0.00011893920030690543 0.0035894115354711447 -0.0011030328742997577 0.00048680375117076394 -0.0044034048244415086 -0.0025438270771616913 0.0015655248200404986 0.00083498502960972505 -0.0036173463213802926 -0.027224645577152332 0.0025811288753806207 1.5848343329885045e-05 -0.0084374555836921918 -7.7059033015451357e-05 0.00018842380010842481 0.0066511148984938944 0.00031104596601974361 -0.0057523010075011694 0.0010561234105174297 -0.0005693949472537909 -0.00054272997973667399 -0.020547470583887395 -0.0024351179167675287 -0.0231682071871471 -0.007412257337008045 -0.019264739125941715 0.00048514892585357233 -0.013417286784169188 -0.00088025429525018435 0.0029553776505973849 -0.015967842797458949
leaf_weight=2582757 53353 349575 218838 763 22661 30568 10813 9704 1277 138095 12946252 5763 22647 80290 1650 285029 10730 143025 777 27110 2007 5775 1402 6182 883 11240 4424 2984 6486 2722
leaf_count=2582757 53353 349575 218838 763 22661 30568 10813 9704 1277 138095 12946252 5763 22647 80290 1650 285029 10730 143025 777 27110 2007 5775 1402 6182 883 11240 4424 2984 6486 2722
internal_value=2.42957e-13 3.2934e-05 0.00100762 -0.000162566 -0.0017345 -0.000307666 -0.00284611 -0.00623539 -0.0186891 1.29113e-05 3.9898e-05 0.00130148 -0.00177297 0.00170144 -0.000537391 0.000127465 -0.00409918 -0.000110111 -0.00017363 -0.00343934 -0.00885713 -0.00590735 -0.0151098 -0.00181833 0.00274831 -0.000953369 -0.00366439 -0.00836727 -0.0025712 -0.00398338
internal_weight=1.69858e+07 1.41243e+07 284314 2.86144e+06 92402 53125 22557 11744 2040 1.384e+07 1.3193e+07 246795 28410 218385 646984 297409 12380 2.76904e+06 2.62601e+06 43253 9961 7954 2179 33292 65476 12123 39277 7408 31869 25383
internal_count=16985782 14124345 284314 2861437 92402 53125 22557 11744 2040 13840031 13193047 246795 28410 218385 646984 297409 12380 2769035 2626010 43253 9961 7954 2179 33292 65476 12123 39277 7408 31869 25383
is_linear=0
shrinkage=0.1


Tree=98
num_leaves=31
num_cat=0
split_feature=2 2 4 7 8 7 7 2 4 4 4 3 9 8 4 3 3 3 3 0 7 1 5 2 8 3 3 3 8 4
split_gain=9.15291 8.75128 21.6166 29.3764 18.5828 24.3625 22.4485 19.3781 24.9675 30.9819 15.1705 16.3839 23.7304 19.0013 18.9412 15.9707 27.5304 12.9479 18.7374 14.2858 12.9264 12.4617 14.2729 12.1063 11.2054 10.9675 10.366 42.2103 31.3091 40.1242
threshold=12.500000000000002 74.500000000000014 75567.500000000015 11191745.000000002 78720.500000000015 7565030.2500000009 7727530.5000000009 76.500000000000014 35672.000000000007 55463.000000000007 66245.000000000015 107802.00000000001 57871.500000000007 58332.000000000007 52288.500000000007 80440.500000000015 75140.000000000015 87010.000000000015 117405.50000000001 31.500000000000004 6075102.7500000009 628.50000000000011 72944.500000000015 82.500000000000014 59413.000000000007 94696.000000000015 77969.000000000015 78286.500000000015 63987.500000000007 61633.500000000007
decision_type=2 2 2 2 2 2 2 2 2 2 2 2 2 2 2 2 2 2 2 2 2 2 2 2 2 2 2 2 2 2
left_child=-1 26 4 23 5 17 -7 8 -8 24 11 12 15 14 -14 16 -9 -3 19 20 -19 -15 -23 -4 -10 -17 -2 28 29 -28
right_child=1 2 3 -5 -6 6 7 10 9 -11 -12 -13 13 21 -16 25 -18 18 -20 -21 -22 22 -24 -25 -26 -27 27 -29 -30 -31
leaf_value=-0.0018270574864861237 -3.5254442445793881e-05 0.0021826463875254543 -0.03309589878921091 -0.0030206969266902508 0.0039364606957891747 -0.01309729291113197 0.0010190626773145751 -0.00097092389341294893 -0.011519756354852084 -0.002174917574459906 -0.005367310040273617 0.0012186501306404637 -0.0080778986915339655 -0.016424198139125611 -0.029414408032281208 0.00355131858796258 -0.012904419891883576 -0.0054167588354096744 0.0039937135781849108 -0.00092923614288845644 -0.024823345451769549 0.0004860413902487349 -0.0093146391667389746 -0.012530472448781086 -0.031401612599690758 -0.00056649529724128115 0.0017784240860067024 0.00010682392237215267 0.006258692156232766 -0.017788103853354102
leaf_weight=27375 12443754 35007 411 9423 9408 1656 5539 10279 5146 5946 6811 34910 4448 598 459 10831 2381 1613 7772 31523 436 7250 1869 943 300 16057 43363 4241297 17903 1074
leaf_count=27375 12443754 35007 411 9423 9408 1656 5539 10279 5146 5946 6811 34910 4448 598 459 10831 2381 1613 7772 31523 436 7250 1869 943 300 16057 43363 4241297 17903 1074
internal_value=2.41434e-13 2.94932e-06 -0.00063702 -0.00499978 -0.000402213 -0.00061611 -0.00153885 -0.0013692 -0.00448814 -0.00716584 -0.000818514 -0.000470724 -0.0015594 -0.00500127 -0.0100737 -0.000286675 -0.00321529 0.000767436 -0.000430858 -0.00145516 -0.00954622 -0.00243974 -0.00152267 -0.018773 -0.012615 0.00109224 1.10129e-05 0.000144793 0.00272799 0.00130552
internal_weight=1.69858e+07 1.69584e+07 211016 10777 200239 190831 114480 112824 16931 11392 95893 89082 54172 14624 4907 39548 12660 76351 41344 33572 2049 9717 9119 1354 5446 26888 1.67474e+07 4.30364e+06 62340 44437
internal_count=16985782 16958407 211016 10777 200239 190831 114480 112824 16931 11392 95893 89082 54172 14624 4907 39548 12660 76351 41344 33572 2049 9717 9119 1354 5446 26888 16747391 4303637 62340 44437
is_linear=0
shrinkage=0.1


Tree=99
num_leaves=31
num_cat=0
split_feature=9 5 1 5 3 6 3 10 5 0 8 3 2 5 10 4 10 3 3 5 4 10 0 7 7 9 4 9 3 7
split_gain=9.42247 56.7519 50.799 44.7077 100.829 67.8275 67.9994 45.3119 57.0365 86.1177 68.7039 52.2506 72.4986 47.4702 44.2304 60.7092 43.9692 42.207 166.824 82.8858 52.6196 51.614 46.5589 40.3644 39.5081 58.8964 39.539 39.139 36.7735 35.1052
threshold=54768.000000000007 56314.500000000007 382.50000000000006 57794.500000000007 67267.000000000015 53047.099609375007 66809.000000000015 56812.500000000007 59620.500000000007 20.500000000000004 52569.000000000007 77782.000000000015 50.500000000000007 58256.500000000007 56649.500000000007 51423.500000000007 58224.500000000007 59183.500000000007 59909.500000000007 66048.500000000015 52938.000000000007 64314.500000000007 54.500000000000007 6075102.7500000009 10371132.500000002 56083.500000000007 52681.500000000007 57386.500000000007 58915.500000000007 4474299.0000000009
decision_type=2 2 2 2 2 2 2 2 2 2 2 2 2 2 2 2 2 2 2 2 2 2 2 2 2 2 2 2 2 2
left_child=1 -1 -3 4 5 -2 14 -5 9 27 11 12 -11 -14 -7 -16 -15 20 19 -19 24 22 28 -4 25 -10 -26 -9 -22 -27
right_child=3 2 23 7 -6 6 -8 8 17 10 -12 -13 13 16 15 -17 -18 18 -20 -21 21 -23 -24 -25 26 29 -28 -29 -30 -31
leaf_value=-1.4952946109661752e-05 -0.012868239800781403 0.0022996842190722696 0.0025219865721040589 0.0017193177715785109 0.00097193679602058491 -0.001775475354893166 -0.03006439400485704 -0.0045142646606366422 0.0033338087097296979 -0.0039199743462174546 -8.8738566105839252e-05 0.00070488809585796358 -0.041597921565103307 -0.010047951674159259 -0.0061791358233198521 -0.031175408447082466 -0.036160720073514514 -0.012842558348006775 -4.7149922097916894e-05 -0.0016261931346261953 0.0060680981425368123 -4.7016906570308446e-05 0.0019400402785912678 0.00018928270137691909 0.00092289161628545096 0.0049567068423925073 -0.012353577330674367 -0.013392458744890283 0.016774068818891597 -0.0079324584149310252
leaf_weight=9132042 8046 181871 83167 141477 71913 61713 931 31377 9241 24186 228891 14245 623 6176 11305 1063 720 15120 5960364 11676 30394 37232 33383 686367 170887 2409 2273 5899 3587 17204
leaf_count=9132042 8046 181871 83167 141477 71913 61713 931 31377 9241 24186 228891 14245 623 6176 11305 1063 720 15120 5960364 11676 30394 37232 33383 686367 170887 2409 2273 5899 3587 17204
internal_value=-2.62396e-13 6.16216e-05 0.000796621 -9.00215e-05 -0.00176935 -0.0041428 -0.00320688 -5.14513e-05 -8.93756e-05 -0.00140887 -0.000797138 -0.00432589 -0.00658621 -0.0151626 -0.00286935 -0.00832751 -0.0127743 -2.39399e-05 -8.25429e-05 -0.00795518 0.0011204 0.00294099 0.00459246 0.000441388 0.000177755 -0.00324813 0.000748617 -0.00591926 0.00719821 -0.00634932
internal_weight=1.69858e+07 1.00834e+07 951405 6.90234e+06 154971 83058 75012 6.74736e+06 6.60589e+06 312117 274841 45950 31705 7519 74081 12368 6896 6.29377e+06 5.98716e+06 26796 306610 104596 67364 769534 202014 28854 173160 37276 33981 19613
internal_count=16985782 10083447 951405 6902335 154971 83058 75012 6747364 6605887 312117 274841 45950 31705 7519 74081 12368 6896 6293770 5987160 26796 306610 104596 67364 769534 202014 28854 173160 37276 33981 19613
is_linear=0
shrinkage=0.1


end of trees

feature_importances:
step=460
first_nn_dist=439
nn_dist=357
percentile_25=341
variance=325
inserts=310
dists=228
percentile_50=212
furthest_dist=173
percentile_75=95
avg_dist=60

parameters:
[boosting: gbdt]
[objective: regression]
[metric: l2]
[tree_learner: serial]
[device_type: cpu]
[data_sample_strategy: bagging]
[data: ]
[valid: ]
[num_iterations: 100]
[learning_rate: 0.1]
[num_leaves: 31]
[num_threads: 16]
[seed: 42]
[deterministic: 0]
[force_col_wise: 0]
[force_row_wise: 0]
[histogram_pool_size: -1]
[max_depth: -1]
[min_data_in_leaf: 20]
[min_sum_hessian_in_leaf: 0.001]
[bagging_fraction: 1]
[pos_bagging_fraction: 1]
[neg_bagging_fraction: 1]
[bagging_freq: 0]
[bagging_seed: 400]
[bagging_by_query: 0]
[feature_fraction: 1]
[feature_fraction_bynode: 1]
[feature_fraction_seed: 30056]
[extra_trees: 0]
[extra_seed: 12879]
[early_stopping_round: 0]
[early_stopping_min_delta: 0]
[first_metric_only: 0]
[max_delta_step: 0]
[lambda_l1: 0]
[lambda_l2: 0]
[linear_lambda: 0]
[min_gain_to_split: 0]
[drop_rate: 0.1]
[max_drop: 50]
[skip_drop: 0.5]
[xgboost_dart_mode: 0]
[uniform_drop: 0]
[drop_seed: 17869]
[top_rate: 0.2]
[other_rate: 0.1]
[min_data_per_group: 100]
[max_cat_threshold: 32]
[cat_l2: 10]
[cat_smooth: 10]
[max_cat_to_onehot: 4]
[top_k: 20]
[monotone_constraints: ]
[monotone_constraints_method: basic]
[monotone_penalty: 0]
[feature_contri: ]
[forcedsplits_filename: ]
[refit_decay_rate: 0.9]
[cegb_tradeoff: 1]
[cegb_penalty_split: 0]
[cegb_penalty_feature_lazy: ]
[cegb_penalty_feature_coupled: ]
[path_smooth: 0]
[interaction_constraints: ]
[verbosity: -1]
[saved_feature_importance_type: 0]
[use_quantized_grad: 0]
[num_grad_quant_bins: 4]
[quant_train_renew_leaf: 0]
[stochastic_rounding: 1]
[linear_tree: 0]
[max_bin: 255]
[max_bin_by_feature: ]
[min_data_in_bin: 3]
[bin_construct_sample_cnt: 200000]
[data_random_seed: 175]
[is_enable_sparse: 1]
[enable_bundle: 1]
[use_missing: 1]
[zero_as_missing: 0]
[feature_pre_filter: 1]
[pre_partition: 0]
[two_round: 0]
[header: 0]
[label_column: ]
[weight_column: ]
[group_column: ]
[ignore_column: ]
[categorical_feature: ]
[forcedbins_filename: ]
[precise_float_parser: 0]
[parser_config_file: ]
[objective_seed: 16083]
[num_class: 1]
[is_unbalance: 0]
[scale_pos_weight: 1]
[sigmoid: 1]
[boost_from_average: 1]
[reg_sqrt: 0]
[alpha: 0.9]
[fair_c: 1]
[poisson_max_delta_step: 0.7]
[tweedie_variance_power: 1.5]
[lambdarank_truncation_level: 30]
[lambdarank_norm: 1]
[label_gain: ]
[lambdarank_position_bias_regularization: 0]
[eval_at: ]
[multi_error_top_k: 1]
[auc_mu_weights: ]
[num_machines: 1]
[local_listen_port: 12400]
[time_out: 120]
[machine_list_filename: ]
[machines: ]
[gpu_platform_id: -1]
[gpu_device_id: -1]
[gpu_use_dp: 0]
[num_gpu: 1]

end of parameters

pandas_categorical:[]
