tree
version=v4
num_class=1
num_tree_per_iteration=1
label_index=0
max_feature_idx=10
objective=regression
feature_names=step dists inserts first_nn_dist nn_dist furthest_dist avg_dist variance percentile_25 percentile_50 percentile_75
feature_infos=[0:160] [9:3265] [10:102] [1318:192792] [484:159774] [980:233592] [821.79998779296875:200445.40625] [18320.966796875:1404974336] [775:185249] [858:197257] [875:211212]
tree_sizes=3143 3272 3277 3269 3249 3275 3281 3283 3290 3301 3285 3289 3296 3312 3312 3313 3310 3302 3282 3320 3325 3310 3354 3324 3347 3336 3350 3355 3318 3299 3310 3346 3271 3342 3349 3301 3322 3339 3306 3286 3286 3332 3258 3362 3293 3274 3308 3310 3358 3250 3268 3357 3227 3306 3327 3223 3195 3259 3233 3170 3243 3180 3248 3395 3148 3228 3257 3232 3222 3211 3230 3209 3319 3213 3173 3227 3231 3095 3188 3269 3204 3217 3153 3222 3187 3248 3137 3199 3197 3256 3187 3221 3232 3177 3115 3245 3154 3081 3220 3139

Tree=0
num_leaves=31
num_cat=0
split_feature=0 0 0 4 4 4 4 0 0 4 4 0 4 4 4 0 0 0 0 0 0 8 4 0 8 8 0 0 4 0
split_gain=535449 65033.5 56653.4 26375.2 25149.4 8251.04 7919.63 8126.66 6341.69 4016.75 3938.53 3113.46 2724.79 2467.48 2126.64 1901.1 1891.65 1782.28 1592.31 1444.79 1424.92 1391.63 1141.44 1089.99 973.056 969.268 822.252 731.19 728.651 631.56
threshold=12.500000000000002 32.500000000000007 4.5000000000000009 40991.000000000007 42985.000000000007 40991.000000000007 46842.500000000007 60.500000000000007 19.500000000000004 27401.500000000004 55727.000000000007 2.5000000000000004 32496.500000000004 57336.500000000007 54475.500000000007 8.5000000000000018 57.500000000000007 7.5000000000000009 19.500000000000004 8.5000000000000018 2.5000000000000004 69305.500000000015 23576.500000000004 7.5000000000000009 37059.500000000007 70817.000000000015 19.500000000000004 42.500000000000007 62068.500000000007 86.500000000000014
decision_type=2 2 2 2 2 2 2 2 2 2 2 2 2 2 2 2 2 2 2 2 2 2 2 2 2 2 2 2 2 2
left_child=2 4 5 9 12 11 16 21 14 23 15 -1 26 -10 -6 -5 24 -11 -14 -12 -7 27 -13 -4 -3 29 -2 -8 -22 -9
right_child=1 6 3 10 8 20 7 25 13 17 19 22 18 -15 -16 -17 -18 -19 -20 -21 28 -23 -24 -25 -26 -27 -28 -29 -30 -31
leaf_value=0.80277990335047411 0.86826776963706254 0.87880087894661607 0.8489013463873244 0.81916983937878518 0.847140028724095 0.78748312657909281 0.86528907515375797 0.87503859829580033 0.8595179656675439 0.83036508942609966 0.80463543980510754 0.83613888326376762 0.85674631402945922 0.84804359593440093 0.83357756831901897 0.83384277231808734 0.8798482449953029 0.84631161575508507 0.86743780911340285 0.81860388198863887 0.80292436959600488 0.86107204819344119 0.81692117082113247 0.86172353470204532 0.87440751902453517 0.87287439594511718 0.8744289901610095 0.87092017655109821 0.79037908314004157 0.87825117392867902
leaf_weight=148399 338192 899044 104951 178553 236359 324016 363303 913372 499804 110939 166613 48061 216715 299843 226322 174697 6133317 190338 389956 133281 124255 297934 86590 180009 1147692 640607 602495 631255 73793 1854232
leaf_count=148399 338192 899044 104951 178553 236359 324016 363303 913372 499804 110939 166613 48061 216715 299843 226322 174697 6133317 190338 389956 133281 124255 297934 86590 180009 1147692 640607 602495 631255 73793 1854232
internal_value=0.867811 0.874083 0.819675 0.833092 0.860299 0.799022 0.87709 0.873819 0.849824 0.84849 0.819271 0.81277 0.868844 0.855215 0.840506 0.826426 0.87897 0.84044 0.863619 0.810843 0.791568 0.867067 0.823781 0.857001 0.876337 0.87638 0.872214 0.868863 0.79825 0.877191
internal_weight=1.77349e+07 1.56904e+07 2.0445e+06 1.23938e+06 2.80969e+06 805114 1.28808e+07 4.7007e+06 1.26233e+06 586237 653144 283050 1.54736e+06 799647 462681 353250 8.18005e+06 301277 606671 299894 522064 1.29249e+06 134651 284960 2.04674e+06 3.40821e+06 940687 994558 198048 2.7676e+06
internal_count=17734937 15690442 2044495 1239381 2809686 805114 12880756 4700703 1262328 586237 653144 283050 1547358 799647 462681 353250 8180053 301277 606671 299894 522064 1292492 134651 284960 2046736 3408211 940687 994558 198048 2767604
is_linear=0
shrinkage=1


Tree=1
num_leaves=31
num_cat=0
split_feature=0 0 0 4 4 4 4 0 0 0 4 4 0 4 0 4 8 0 4 0 8 0 4 4 0 4 7 0 0 4
split_gain=433994 52944.8 46389.3 20404.2 19232 10041.6 5969.09 5125.84 4877.48 3423.73 3221.84 3193.38 2766.55 2355.06 1925.91 1858.21 1779.68 1691.39 1518.33 1238.97 1199.5 1185.95 994.362 769.12 763.769 708.442 650.468 537.994 515.25 509.424
threshold=13.500000000000002 5.5000000000000009 34.500000000000007 41535.000000000007 41347.500000000007 35729.500000000007 51634.000000000007 22.500000000000004 65.500000000000014 2.5000000000000004 62799.500000000007 27401.500000000004 2.5000000000000004 54475.500000000007 62.500000000000007 57336.500000000007 33597.500000000007 9.5000000000000018 54909.000000000007 21.500000000000004 44635.500000000007 9.5000000000000018 18360.000000000004 17019.500000000004 46.500000000000007 68700.500000000015 16975304.000000004 1.5000000000000002 90.500000000000014 62068.500000000007
decision_type=2 2 2 2 2 2 2 2 2 2 2 2 2 2 2 2 2 2 2 2 2 2 2 2 2 2 2 2 2 2
left_child=1 5 4 11 16 9 14 13 24 27 17 23 29 -6 20 -9 -2 26 -14 -18 -4 -13 -11 -3 -8 -15 -5 -1 -10 -7
right_child=2 3 6 10 7 12 8 15 28 22 -12 21 18 25 -16 -17 19 -19 -20 -21 -22 -23 -24 -25 -26 -27 -28 -29 -30 -31
leaf_value=-0.062259180478075486 0.0063407847737684377 -0.0011274327389990447 0.0092679246365347141 -0.046928529153272794 -0.015073192628090069 -0.068268303617433537 -0.0043285068403928545 -0.0049363207173562275 0.0052965501314843275 -0.021384716355883914 -0.052663593166174499 -0.027836857697417214 -0.052512010121362002 -0.024610578471352423 0.010698592488988579 -0.015182119446101353 -0.0053032168537159715 -0.0300720707061597 -0.065976926810821665 0.0023919123198741519 0.0049251308231340251 -0.015587328957398467 -0.038573846087732733 -0.011587505854210768 0.0012909044032878994 -0.03637899951474776 -0.03635966168474699 -0.048122710990305601 0.0084843662968219196 -0.075842071392188085
leaf_weight=63583 639903 123191 1570384 130075 342714 206078 401788 509765 764866 48381 162184 156917 175683 215280 6696626 271176 341378 224934 160027 540520 1068923 159246 110560 163712 607684 67095 105435 46690 1504075 156064
leaf_count=63583 639903 123191 1570384 130075 342714 206078 401788 509765 764866 48381 162184 156917 175683 215280 6696626 271176 341378 224934 160027 540520 1068923 159246 110560 163712 607684 67095 105435 46690 1504075 156064
internal_value=1.00894e-10 -0.0416473 0.00587579 -0.027845 -0.00546419 -0.0591409 0.00850784 -0.013896 0.00483697 -0.0427348 -0.040543 -0.014735 -0.06547 -0.0206448 0.00979691 -0.0084941 0.00232617 -0.0362738 -0.0589305 -0.000586831 0.00750909 -0.021667 -0.0333415 -0.00709614 -0.000945722 -0.0274069 -0.042197 -0.0562737 0.00740975 -0.0715322
internal_weight=1.77349e+07 2.19276e+06 1.55422e+07 1.22569e+06 2.92783e+06 967066 1.26143e+07 1.40603e+06 3.27841e+06 269214 622628 603066 697852 625089 9.33593e+06 780941 1.5218e+06 460444 335710 881898 2.63931e+06 316163 158941 286903 1.00947e+06 282375 235510 110273 2.26894e+06 362142
internal_count=17734937 2192760 15542177 1225694 2927831 967066 12614346 1406030 3278413 269214 622628 603066 697852 625089 9335933 780941 1521801 460444 335710 881898 2639307 316163 158941 286903 1009472 282375 235510 110273 2268941 362142
is_linear=0
shrinkage=0.1


Tree=2
num_leaves=31
num_cat=0
split_feature=0 0 0 4 4 0 4 4 0 4 4 4 4 0 0 0 4 0 8 8 0 4 0 8 8 8 7 0 4 0
split_gain=351910 43046.1 37431 17390.4 16130.3 6195.57 5512.07 5044.06 3121 2839.15 2794.28 2746.71 2554.98 1839.5 1651.5 1585.4 1519.4 1253.45 1215.81 1034.28 1005.76 1000.65 840.531 811.95 743.871 694.786 610.068 596.619 570.419 545.914
threshold=12.500000000000002 30.500000000000004 4.5000000000000009 40991.000000000007 46529.500000000007 52.500000000000007 33240.500000000007 46529.500000000007 18.500000000000004 33868.500000000007 62799.500000000007 19693.500000000004 57336.500000000007 7.5000000000000009 8.5000000000000018 1.5000000000000002 52642.500000000007 17.500000000000004 66731.500000000015 69305.500000000015 1.5000000000000002 62799.500000000007 82.500000000000014 43700.500000000007 35359.000000000007 28171.000000000004 8835940.5000000019 82.500000000000014 14799.000000000002 7.5000000000000009
decision_type=2 2 2 2 2 2 2 2 2 2 2 2 2 2 2 2 2 2 2 2 2 2 2 2 2 2 2 2 2 2
left_child=2 4 6 11 9 7 15 24 21 25 13 -4 23 -5 -13 -1 20 -11 -10 -9 -8 -6 -14 -7 -3 -2 -15 -25 -17 -12
right_child=1 5 3 10 8 12 16 19 18 17 29 14 22 26 -16 28 -18 -19 -20 -21 -22 -23 -24 27 -26 -27 -28 -29 -30 -31
leaf_value=-0.055000386107064259 0.0064276939137243652 0.0090029877710597252 -0.0044102295146439341 -0.043206731109404622 -0.021454295472652981 0.01020079584800543 -0.063209097737777761 -0.00053271994470887056 -0.0099122741785452051 -0.012556752513861933 -0.056448364490755888 -0.026082619395712017 0.0018790501953682599 -0.037376481783492559 -0.013642439899899854 -0.022980335713789241 -0.064613732514901018 -0.002912484458094276 -0.019455998770061544 -0.0080085886349822218 -0.050177997518750274 -0.033592793752615716 0.0065918750478003692 0.006665158896310891 0.0048403325210325671 0.00078015779162775387 -0.027479116567888713 0.0091176706432396278 -0.038435907784061453 -0.045166666818220388
leaf_weight=54697 351314 708918 159328 185457 239092 4271249 89646 813905 425043 188125 77652 211184 582874 89511 215725 31409 355190 475092 194597 239521 174561 94857 1078950 1523953 1088383 573355 204706 2841214 99611 95818
leaf_count=54697 351314 708918 159328 185457 239092 4271249 89646 813905 425043 188125 77652 211184 582874 89511 215725 31409 355190 475092 194597 239521 174561 94857 1078950 1523953 1088383 573355 204706 2841214 99611 95818
internal_value=5.70284e-11 0.00508483 -0.0390235 -0.0281179 -0.00682902 0.00738758 -0.0558114 0.00326187 -0.0171093 -0.000655268 -0.0393402 -0.0156147 0.00852965 -0.0354068 -0.0197964 -0.0407006 -0.0603421 -0.00564813 -0.0129095 -0.00223253 -0.0545995 -0.0249022 0.00493888 0.00922058 0.00648223 0.00292585 -0.0304902 0.00826146 -0.0347308 -0.0502168
internal_weight=1.77349e+07 1.56904e+07 2.0445e+06 1.23938e+06 2.54148e+06 1.3149e+07 805114 2.85073e+06 953589 1.58789e+06 653144 586237 1.02982e+07 479674 426909 185717 619397 663217 619640 1.05343e+06 264207 333949 1.66182e+06 8.63642e+06 1.7973e+06 924669 294217 4.36517e+06 131020 173470
internal_count=17734937 15690442 2044495 1239381 2541475 13148967 805114 2850727 953589 1587886 653144 586237 10298240 479674 426909 185717 619397 663217 619640 1053426 264207 333949 1661824 8636416 1797301 924669 294217 4365167 131020 173470
is_linear=0
shrinkage=0.1


Tree=3
num_leaves=31
num_cat=0
split_feature=0 0 0 4 4 0 4 4 4 4 0 8 0 0 0 0 4 4 4 4 4 4 4 0 0 7 4 4 0 4
split_gain=285669 39803 25664.5 13858.1 12777.8 5988.25 4539.69 4536.8 3553.71 2693.35 2539.17 2348.82 1890.67 1201.57 1022.37 1009.98 966.56 960.907 936.143 895.297 818.844 774.658 731.387 683.286 649.903 619.398 618.499 533.9 491.684 483.838
threshold=11.500000000000002 28.500000000000004 4.5000000000000009 47041.500000000007 33868.500000000007 49.500000000000007 44859.500000000007 46842.500000000007 51169.500000000007 33123.500000000007 17.500000000000004 58647.500000000007 2.5000000000000004 16.500000000000004 77.500000000000014 6.5000000000000009 18360.000000000004 68700.500000000015 69997.500000000015 57336.500000000007 24960.500000000004 62799.500000000007 33868.500000000007 7.5000000000000009 1.5000000000000002 20632750.000000004 17019.500000000004 39669.500000000007 17.500000000000004 23576.500000000004
decision_type=2 2 2 2 2 2 2 2 2 2 2 2 2 2 2 2 2 2 2 2 2 2 2 2 2 2 2 2 2 2
left_child=2 3 6 9 16 7 12 22 15 26 21 27 29 -11 -13 -6 -4 -12 25 -9 -14 -5 -3 -18 -8 -10 -2 -7 -28 -1
right_child=1 5 4 10 8 11 24 19 18 13 17 14 20 -15 -16 -17 23 -19 -20 -21 -22 -23 -24 -25 -26 -27 28 -29 -30 -31
leaf_value=-0.039832258654112121 0.0062586864968241967 0.0071877477317120603 -0.0041912940813154829 -0.021205191509824219 -0.03568708567154432 0.0090835246467791241 -0.061010855906419817 -0.00033309998019693344 -0.042387291867685056 -0.012615707734561729 -0.011631586460237344 0.0020678013438093007 -0.023322129682297646 -0.003553487348632511 0.0063281729865330445 -0.024119084562966721 -0.021339566490956117 -0.023840300772933847 -0.051081638984809954 -0.0063687150972769474 -0.03854372640413041 -0.031831077641349473 0.0030606669863040641 -0.010545392450260151 -0.053450909993676847 -0.032674523427012853 -0.003527321282901313 0.0074175890766439755 0.0025258031276774303 -0.051585544213752749
leaf_weight=47778 254673 999099 123208 230974 106002 4914873 195616 546783 174415 208718 480515 825379 53055 489346 1773686 262063 101159 74457 78621 446426 105851 97600 753050 139536 271592 105295 209415 3160950 373580 131222
leaf_count=47778 254673 999099 123208 230974 106002 4914873 195616 546783 174415 208718 480515 825379 53055 489346 1773686 262063 101159 74457 78621 446426 105851 97600 753050 139536 271592 105295 209415 3160950 373580 131222
internal_value=-4.10964e-11 0.00439033 -0.036689 -0.00741625 -0.0266897 0.00651871 -0.0502302 0.00235336 -0.034352 -0.00167554 -0.0173944 0.00758995 -0.0414006 -0.00626305 0.00497522 -0.0274506 -0.0113947 -0.0132696 -0.0414408 -0.00304598 -0.0334616 -0.0243615 0.00541398 -0.015082 -0.0566162 -0.038731 0.00214743 0.00843146 0.000351488 -0.0484484
internal_weight=1.77349e+07 1.58395e+07 1.89541e+06 2.41928e+06 1.0903e+06 1.34202e+07 805114 2.74536e+06 726396 1.53573e+06 883546 1.06749e+07 337906 698064 2.59906e+06 368065 363903 554972 358331 993209 158906 328574 1.75215e+06 240695 467208 279710 837668 8.07582e+06 582995 179000
internal_count=17734937 15839524 1895413 2419278 1090299 13420246 805114 2745358 726396 1535732 883546 10674888 337906 698064 2599065 368065 363903 554972 358331 993209 158906 328574 1752149 240695 467208 279710 837668 8075823 582995 179000
is_linear=0
shrinkage=0.1


Tree=4
num_leaves=31
num_cat=0
split_feature=0 0 0 4 4 4 4 0 4 0 0 0 4 8 0 0 8 4 0 4 4 4 0 7 0 7 4 7 7 8
split_gain=231737 32102.3 22130.2 12249.8 10229 5482.63 2982.05 2877.04 2569 2353.17 1838.7 1647 1431.22 1071.5 1058.3 986.461 984.467 950.052 940.9 842.959 697.946 667.734 645.331 550.348 530.075 512.161 497.846 486.225 439.569 419.014
threshold=14.500000000000002 5.5000000000000009 37.500000000000007 44665.000000000007 41347.500000000007 43186.000000000007 55165.000000000007 24.500000000000004 28534.500000000004 2.5000000000000004 67.500000000000014 9.5000000000000018 54475.500000000007 60285.000000000007 71.500000000000014 2.5000000000000004 35518.500000000007 24960.500000000004 9.5000000000000018 39669.500000000007 69997.500000000015 60350.000000000007 23.500000000000004 22840747.000000004 8.5000000000000018 7627176.2500000009 78007.500000000015 4863112.7500000009 6175830.0000000009 71337.000000000015
decision_type=2 2 2 2 2 2 2 2 2 2 2 2 2 2 2 2 2 2 2 2 2 2 2 2 2 2 2 2 2 2
left_child=1 5 4 8 16 9 14 12 24 -1 -8 20 -6 -9 19 -7 -2 -11 -10 -4 25 -13 -18 -17 -3 -5 28 -15 -14 -25
right_child=2 3 6 11 7 15 10 13 18 17 -12 21 26 27 -16 23 22 -19 -20 -21 -22 -23 -24 29 -26 -27 -28 -29 -30 -31
leaf_value=-0.043220363352742347 0.0049451249023367283 -0.010252017581613048 0.0070308352308459596 -0.042627998532619338 -0.0095724482260425691 -0.053346559555676201 -0.0010192454580084847 -0.0018948312406149742 -0.021579498401323446 -0.018927758996853918 0.005047089769439979 -0.021890703452460178 -0.025355253745470763 -0.019216576639720356 0.0079095146082157741 -0.049123964321829916 -0.0033396593242768129 -0.032406733117305228 -0.012076385273844475 0.0038416924060021723 -0.04687302476997595 -0.031532774132679679 0.0023211378241311492 -0.034937267983998176 -0.0018854501061240049 -0.031124555376801213 -0.034339817859887836 -0.0077760095169475537 -0.015722025659695989 -0.04688253827144586
leaf_weight=164912 813516 112894 2040871 48417 378977 307503 720061 483279 187271 82114 1632213 211935 59709 42206 6430091 148422 334883 143983 234835 1395570 45999 108640 505180 69021 230006 192919 19206 310019 229174 51111
leaf_count=164912 813516 112894 2040871 48417 378977 307503 720061 483279 187271 82114 1632213 211935 59709 42206 6430091 148422 334883 143983 234835 1395570 45999 108640 505180 69021 230006 192919 19206 310019 229174 51111
internal_value=-1.54293e-11 -0.0293202 0.00445657 -0.0194898 -0.00297991 -0.043276 0.0063896 -0.00889403 -0.0110695 -0.0341368 0.00319011 -0.0300862 -0.0136876 -0.0049521 0.00715239 -0.0494793 0.00246564 -0.0275114 -0.0162925 0.0057357 -0.0355841 -0.0251583 6.45157e-05 -0.0450513 -0.00464 -0.0334324 -0.0187496 -0.0091469 -0.0177131 -0.0400195
internal_weight=1.77349e+07 2.33998e+06 1.5395e+07 1.37292e+06 3.17615e+06 967066 1.22188e+07 1.52257e+06 765006 391009 2.35227e+06 607910 687066 835504 9.86653e+06 576057 1.65358e+06 226097 422106 3.43644e+06 287335 320575 840063 268554 342900 241336 308089 352225 288883 120132
internal_count=17734937 2339982 15394955 1372916 3176149 967066 12218806 1522570 765006 391009 2352274 607910 687066 835504 9866532 576057 1653579 226097 422106 3436441 287335 320575 840063 268554 342900 241336 308089 352225 288883 120132
is_linear=0
shrinkage=0.1


Tree=5
num_leaves=31
num_cat=0
split_feature=0 0 0 4 4 0 8 4 4 4 4 0 8 0 4 0 0 0 0 0 4 8 0 4 4 7 7 4 7 7
split_gain=187857 26322 17140.2 9900.98 8974.85 4380.06 3220.35 2811.2 1946.16 1815.93 1722.49 1047.09 1027.25 1016.6 992.173 963.431 952.53 938.25 859.397 666.662 605.363 557.309 495.593 488.514 472.216 464.743 464.424 448.209 418.188 402.119
threshold=11.500000000000002 27.500000000000004 3.5000000000000004 33868.500000000007 41535.000000000007 47.500000000000007 58433.000000000007 51169.500000000007 54475.500000000007 32269.500000000004 46529.500000000007 6.5000000000000009 29192.000000000004 6.5000000000000009 34523.000000000007 6.5000000000000009 85.500000000000014 16.500000000000004 16.500000000000004 17.500000000000004 63644.500000000007 71337.000000000015 1.5000000000000002 68138.000000000015 13435.500000000002 8242172.7500000009 16975304.000000004 14799.000000000002 13175538.000000002 20953496.000000004
decision_type=2 2 2 2 2 2 2 2 2 2 2 2 2 2 2 2 2 2 2 2 2 2 2 2 2 2 2 2 2 2
left_child=2 4 9 13 12 6 14 11 18 22 -7 28 -2 27 -3 29 21 -10 -6 -14 -11 -12 -1 -8 -15 -13 -17 -4 -5 -9
right_child=1 5 3 7 8 10 23 15 17 20 16 25 19 24 -16 26 -18 -19 -20 -21 -22 -23 -24 -25 -26 -27 -28 -29 -30 -31
leaf_value=-0.040269640327761293 0.0041632542419803159 0.0058845088656018585 -0.0070151700545469558 -0.035676417409109325 -0.014590645022897246 0.0070844259216432453 -0.0031935946173428688 -0.044877586529699587 -0.023599575764000996 -0.043225466708564551 0.0035268951802586964 -0.02553836839731621 -0.0058916326821344548 0.0017879773126049444 0.0014027381733099061 -0.034800740739914786 0.0057839722771676708 -0.014420466486936991 -0.0064549149919196809 -6.4946121549500145e-05 -0.05044273544359465 -0.0012017447029730496 -0.027685247706639344 -0.010116941607348906 -0.0086760683167928943 -0.016563423458328157 -0.026030490322539058 -0.01990751459867544 -0.025316219311218122 -0.035352349465040622
leaf_weight=51302 353513 957789 35350 68588 190812 6844724 522689 96723 168175 329061 1404648 85764 315732 54374 1019991 133859 2376533 329604 406312 519390 179674 303010 80240 126602 208481 176299 109995 113699 90199 81805
leaf_count=51302 353513 957789 35350 68588 190812 6844724 522689 96723 168175 329061 1404648 85764 315732 54374 1019991 133859 2376533 329604 406312 519390 179674 303010 80240 126602 208481 176299 109995 113699 90199 81805
internal_value=-6.78164e-12 0.00356025 -0.0297522 -0.0229602 -0.00637205 0.00523337 0.00156707 -0.0291677 -0.012904 -0.0430664 0.00611466 -0.0233833 -0.000355151 -0.0102525 0.00357315 -0.0349312 0.00448943 -0.0175216 -0.0090547 -0.00226782 -0.0457744 0.00268784 -0.0325932 -0.00454354 -0.00651148 -0.0195006 -0.0308448 -0.0168498 -0.0297913 -0.0405129
internal_weight=1.77349e+07 1.58395e+07 1.89541e+06 1.25514e+06 2.28354e+06 1.3556e+07 2.62707e+06 843232 1.0949e+06 640277 1.09289e+07 420850 1.18864e+06 411904 1.97778e+06 422382 4.08419e+06 497779 597124 835122 508735 1.70766e+06 131542 649291 262855 262063 243854 149049 158787 178528
internal_count=17734937 15839524 1895413 1255136 2283538 13555986 2627071 843232 1094903 640277 10928915 420850 1188635 411904 1977780 422382 4084191 497779 597124 835122 508735 1707658 131542 649291 262855 262063 243854 149049 158787 178528
is_linear=0
shrinkage=0.1


Tree=6
num_leaves=31
num_cat=0
split_feature=0 0 0 4 4 4 8 0 4 0 8 0 0 4 0 0 4 4 8 4 4 4 4 0 0 0 7 7 0 7
split_gain=152371 21099.2 14696.8 8154.12 7003.31 3719.98 2014.7 1739.76 1724.48 1714.19 1246.19 1134.26 1111.69 942.363 781.113 669.969 654.116 620.911 619.86 600.84 569.337 530.031 499.095 467.78 463.625 462.828 459.322 387.147 385.021 377.851
threshold=14.500000000000002 5.5000000000000009 38.500000000000007 44665.000000000007 46842.500000000007 44859.500000000007 60285.000000000007 23.500000000000004 33123.500000000007 1.5000000000000002 35518.500000000007 9.5000000000000018 70.500000000000014 22284.500000000004 22.500000000000004 74.500000000000014 62068.500000000007 68138.000000000015 71337.000000000015 14799.000000000002 33868.500000000007 69997.500000000015 69351.500000000015 9.5000000000000018 8.5000000000000018 1.5000000000000002 23614000.000000004 18227346.000000004 3.5000000000000004 17929366.000000004
decision_type=2 2 2 2 2 2 2 2 2 2 2 2 2 2 2 2 2 2 2 2 2 2 2 2 2 2 2 2 2 2
left_child=1 5 4 8 10 9 15 16 19 -1 -2 21 -8 -11 -12 20 -6 25 -9 -3 -4 29 27 -21 -10 -7 -27 -13 -15 -5
right_child=2 3 6 11 7 17 12 18 24 13 14 22 -14 28 -16 -17 -18 -19 -20 23 -22 -23 -24 -25 -26 26 -28 -29 -30 -31
leaf_value=-0.039103323671917968 0.0041550545031839364 0.0013784897890834495 0.006223160986160165 -0.030571110003423219 -0.010666898619240545 -0.043457278616542479 -0.00024812404530056539 -0.0038993675933902457 -0.02004183415117591 -0.015428873146368365 -0.0042714256509244963 -0.021576718065289793 0.0041941036127695428 -0.031882922710849332 0.00098791795822396051 0.0065420521886760119 -0.018785098610354541 -0.045388059284282245 -0.011290748987889707 -0.011264000038712212 0.0036705886775311122 -0.038850936648208746 -0.030348011019489168 -0.0037790025518292213 -0.011899653678308584 -0.039690077588141838 -0.031141165849147813 -0.013769962968620125 -0.023695958985286262 -0.022577462923813792
leaf_weight=104865 846711 111972 1574739 137692 331270 114878 838633 591412 105089 86157 428983 178745 1716237 112196 826381 5995386 141708 177755 140394 149038 1963101 45999 43285 189857 209050 138322 115184 98545 117709 103644
leaf_count=104865 846711 111972 1574739 137692 331270 114878 838633 591412 105089 86157 428983 178745 1716237 112196 826381 5995386 141708 177755 140394 149038 1963101 45999 43285 189857 209050 138322 115184 98545 117709 103644
internal_value=-6.38046e-11 -0.023775 0.00361371 -0.0158054 -0.00229364 -0.0350891 0.00522975 -0.00837238 -0.00893546 -0.0280244 0.00119033 -0.0244507 0.00273595 -0.0243486 -0.000809305 0.00589808 -0.0130992 -0.040534 -0.00531737 -0.00497238 0.00480677 -0.0290132 -0.0203612 -0.00707073 -0.0146235 -0.0381918 -0.0358058 -0.0188023 -0.0276913 -0.0271382
internal_weight=1.77349e+07 2.33998e+06 1.5395e+07 1.37292e+06 3.30686e+06 967066 1.20881e+07 1.20478e+06 765006 420927 2.10208e+06 607910 2.55487e+06 316062 1.25536e+06 9.53323e+06 472978 546139 731806 450867 3.53784e+06 287335 320575 338895 314139 368384 253506 277290 229905 241336
internal_count=17734937 2339982 15394955 1372916 3306859 967066 12088096 1204784 765006 420927 2102075 607910 2554870 316062 1255364 9533226 472978 546139 731806 450867 3537840 287335 320575 338895 314139 368384 253506 277290 229905 241336
is_linear=0
shrinkage=0.1


Tree=7
num_leaves=31
num_cat=0
split_feature=0 0 0 4 4 0 4 4 4 4 0 8 8 4 7 0 4 4 4 4 4 8 7 7 0 0 0 1 1 2
split_gain=123673 19868.5 9531.51 6530.64 5784.19 3192.26 2790.92 1637.68 1566.95 1264.93 1041.33 983.642 735.036 674.635 610.39 591.245 493.276 481.039 480.996 467.212 444.082 439.823 426.282 402.318 388.486 376.781 371.618 490.862 480.962 368.692
threshold=10.500000000000002 26.500000000000004 3.5000000000000004 49154.000000000007 35729.500000000007 55.500000000000007 51634.000000000007 33868.500000000007 55165.000000000007 27904.000000000004 16.500000000000004 69592.000000000015 41053.000000000007 19693.500000000004 7979648.2500000009 16.500000000000004 72549.000000000015 15236.000000000002 55165.000000000007 68700.500000000015 76457.000000000015 43700.500000000007 18227346.000000004 10805907.500000002 6.5000000000000009 6.5000000000000009 39.500000000000007 578.50000000000011 852.50000000000011 43.500000000000007
decision_type=2 2 2 2 2 2 2 2 2 2 2 2 2 2 2 2 2 2 2 2 2 2 2 2 2 2 2 2 2 2
left_child=2 3 9 7 13 6 12 17 14 -1 22 21 -3 -4 -6 -9 26 -2 -11 -12 23 -7 -5 -10 -16 -15 27 -8 -28 -14
right_child=1 5 4 10 8 11 16 15 20 18 19 -13 29 25 24 -17 -18 -19 -20 -21 -22 -23 -24 -25 -26 -27 28 -29 -30 -31
leaf_value=-0.024568211901177348 0.0050822284898865561 0.0049892743128598319 -0.0043009744297482526 -0.0210192732476473 -0.027572846293743597 0.0062096560094319492 0.0041581646981159112 -0.0092868974197475793 -0.035298647450589297 -0.033936860647631961 -0.0091421981906280834 0.0018470403121252183 0.004453626384556055 -0.017468182751876369 -0.022749480312656636 -0.0034069184158203275 -0.0096063189346827036 -0.00051114099053435125 -0.039897045915440112 -0.018086254016046837 -0.039833857512913511 0.0048123720749982573 -0.013074437766447948 -0.026451782064563192 -0.015586317000742292 -0.0097259057375479324 0.0057618858599535134 -0.0058062644944618493 -0.0019318819081134708 0.00079497542671725708
leaf_weight=98600 203595 1365454 137396 189792 107117 4113101 57746 275912 71991 273972 376460 829441 372210 108313 137388 449774 98307 628106 267705 69129 44352 4980554 104841 179746 168655 149775 104253 343589 368274 1059389
leaf_count=98600 203595 1365454 137396 189792 107117 4113101 57746 275912 71991 273972 376460 829441 372210 108313 137388 449774 98307 628106 267705 69129 44352 4980554 104841 179746 168655 149775 104253 343589 368274 1059389
internal_value=-9.96001e-12 0.00275866 -0.0252782 -0.00584652 -0.0196517 0.00420263 0.00172516 -0.00217097 -0.025055 -0.0349861 -0.0135797 0.00514368 0.0033294 -0.00996163 -0.0210759 -0.00564254 -0.00289043 0.00085808 -0.0368825 -0.0105298 -0.0306073 0.00544437 -0.0181922 -0.0289818 -0.018802 -0.0129751 -0.00213491 -0.00437253 -0.000234416 0.00174621
internal_weight=1.77349e+07 1.59899e+07 1.74501e+06 2.29761e+06 1.10473e+06 1.36923e+07 3.76922e+06 1.55739e+06 709249 640277 740222 9.9231e+06 2.79705e+06 395484 413160 725686 972169 831701 541677 445589 296089 9.09366e+06 294633 251737 306043 258088 873862 401335 472527 1.4316e+06
internal_count=17734937 15989927 1745010 2297609 1104733 13692318 3769222 1557387 709249 640277 740222 9923096 2797053 395484 413160 725686 972169 831701 541677 445589 296089 9093655 294633 251737 306043 258088 873862 401335 472527 1431599
is_linear=0
shrinkage=0.1


Tree=8
num_leaves=31
num_cat=0
split_feature=0 0 0 4 4 4 0 4 4 8 4 7 4 0 0 4 0 7 0 2 7 0 7 7 0 1 1 8 2 3
split_gain=100390 15628.9 8598.3 5070.82 4556.28 3409.16 1703.02 1349.81 1327.54 1242.05 778.436 701.83 645.526 618.894 589.379 525.152 501.461 483.461 468.356 456.935 443.378 438.477 435.543 385.931 375.413 333.481 324.669 314.714 300.194 391.491
threshold=15.500000000000002 6.5000000000000009 40.500000000000007 48044.000000000007 41347.500000000007 48044.000000000007 2.5000000000000004 29125.500000000004 57336.500000000007 60285.000000000007 27401.500000000004 5611324.7500000009 76457.000000000015 78.500000000000014 25.500000000000004 20550.000000000004 21.500000000000004 13798839.500000002 80.500000000000014 47.500000000000007 13473894.000000002 2.5000000000000004 13175538.000000002 23984008.000000004 22.500000000000004 27.500000000000004 541.50000000000011 19294.000000000004 48.500000000000007 80887.000000000015
decision_type=2 2 2 2 2 2 2 2 2 2 2 2 2 2 2 2 2 2 2 2 2 2 2 2 2 2 2 2 2 2
left_child=1 5 4 7 15 6 25 27 18 16 -8 -11 17 -10 -13 -2 -6 -5 19 -4 -9 -7 -12 -23 -17 -1 -16 -3 -18 -30
right_child=2 3 8 12 9 21 10 20 13 11 22 14 -14 -15 26 24 28 -19 -20 -21 -22 23 -24 -25 -26 -27 -28 -29 29 -31
leaf_value=-0.035527266978742096 0.0048478531916697504 0.0038341277292357292 0.0050888998890435575 -0.02180244038345467 -0.0068513286542275648 -0.035830496992240161 -0.011747998870400679 -0.012663476268527644 -0.00032728766735781809 -0.016276521063292231 -0.026106054874271367 -0.010675895990707909 -0.032316494641623734 0.0033558204593696233 0.0046484543743678637 -0.0016441838128823574 0.00085817708103776949 -0.015324874017634875 0.0053607675555000199 0.0029814635445390013 -0.0066998672728336671 -0.033292114575205249 -0.017445982314577679 -0.025839226553198515 0.0021346064582882405 -0.026647415667553437 -0.0054232339390990029 -0.0035486715255821488 -0.0052898560646587453 0.0016410584930490635
leaf_weight=59870 505707 72651 1932442 222197 230661 268498 132995 287601 754415 96727 105141 261636 36169 1154294 35733 369989 308790 239329 5785181 2200251 220058 167754 129733 118603 908408 144047 306894 281317 283464 114382
leaf_count=59870 505707 72651 1932442 222197 230661 268498 132995 287601 754415 96727 105141 261636 36169 1154294 35733 369989 308790 239329 5785181 2200251 220058 167754 129733 118603 908408 144047 306894 281317 283464 114382
internal_value=-3.27001e-11 -0.0186339 0.00303778 -0.0114153 -0.0013764 -0.0273432 -0.0219244 -0.00677339 0.00431517 -0.00518404 -0.0178611 -0.00836793 -0.0194516 0.00190008 -0.00710196 0.00212003 -0.00280286 -0.0184434 0.00477995 0.0039669 -0.0100784 -0.0329274 -0.0213227 -0.0302053 0.00104096 -0.0292545 -0.00437284 -0.00203337 -0.00148136 -0.0032972
internal_weight=1.77349e+07 2.48596e+06 1.5249e+07 1.35932e+06 3.42239e+06 1.12664e+06 571786 861627 1.18266e+07 1.63829e+06 367869 700990 497695 1.90871e+06 604263 1.7841e+06 937297 461526 9.91787e+06 4.13269e+06 507659 554855 234874 286357 1.2784e+06 203917 342627 353968 706636 397846
internal_count=17734937 2485963 15248974 1359322 3422391 1126641 571786 861627 11826583 1638287 367869 700990 497695 1908709 604263 1784104 937297 461526 9917874 4132693 507659 554855 234874 286357 1278397 203917 342627 353968 706636 397846
is_linear=0
shrinkage=0.1


Tree=9
num_leaves=31
num_cat=0
split_feature=0 0 0 8 4 4 0 4 0 4 8 4 7 7 1 0 2 8 3 0 4 8 7 8 7 3 0 4 0 0
split_gain=81950.3 13033.3 6255.88 4981.44 3984.83 1744.6 1725.35 1346.87 884.672 883.422 798.457 734.244 608.104 597.006 573.589 553.817 471.157 475.599 409.106 396.584 393.668 376.277 367.846 348.295 345.036 343.15 336.815 316.052 294.343 291.403
threshold=10.500000000000002 29.500000000000004 3.5000000000000004 54635.000000000007 40991.000000000007 46529.500000000007 57.500000000000007 33868.500000000007 19.500000000000004 27904.000000000004 62631.500000000007 22284.500000000004 7459034.2500000009 16070250.500000002 432.50000000000006 18.500000000000004 44.500000000000007 71337.000000000015 102198.50000000001 66.500000000000014 71501.000000000015 71337.000000000015 25017803.000000004 33597.500000000007 13050816.500000002 96402.000000000015 1.5000000000000002 15718.000000000002 7.5000000000000009 104.50000000000001
decision_type=2 2 2 2 2 2 2 2 2 2 2 2 2 2 2 2 2 2 2 2 2 2 2 2 2 2 2 2 2 2
left_child=2 3 9 7 11 19 16 27 13 -1 12 -4 -6 21 -10 24 -7 18 -18 23 29 -5 -12 -3 -9 -19 -11 -2 -13 -8
right_child=1 5 4 8 10 6 20 15 14 26 22 28 -14 -15 -16 -17 17 25 -20 -21 -22 -23 -24 -25 -26 -27 -28 -29 -30 -31
leaf_value=-0.019735704976352814 0.0047339963124192952 0.0050015092864875745 -0.0041561184271071147 -0.014719033675968874 -0.025988087811468216 0.0025608592702599277 0.0026597741856035362 -0.0091802959118116451 0.0021928287867142983 -0.032597136042174846 -0.028570977743711146 -0.01480720068272404 -0.015824308124218266 -0.0095816780513894029 -0.0083481079015275302 -0.0017043383493957776 -0.0016234709797823561 -0.011918706820453479 0.0065310765579962848 0.0049317831159003686 -0.00052669467099913123 -0.024670921916250102 -0.021054173918514756 0.0027149188162980359 -0.0027641991744229853 -0.0032732576874905414 -0.027607658149101849 0.00052422957632381612 -0.0088376499897748102 0.0045405594601113852
leaf_weight=98600 239505 1008586 170776 180684 77017 287123 1903363 231148 59339 262626 162527 189760 249783 228055 396992 492489 780947 72200 66784 5358885 265440 48108 108607 1962012 131496 126083 279051 698291 146263 1452397
leaf_count=98600 239505 1008586 170776 180684 77017 287123 1903363 231148 59339 262626 162527 189760 249783 228055 396992 492489 780947 72200 66784 5358885 265440 48108 108607 1962012 131496 126083 279051 698291 146263 1452397
internal_value=-9.16168e-12 0.00224562 -0.0205771 -0.00407985 -0.0160189 0.00353421 0.00204826 -0.00101787 -0.0100917 -0.028442 -0.0215481 -0.00949528 -0.0182196 -0.0132025 -0.00697742 -0.00388812 -0.00102737 -0.00201231 -0.000981058 0.00441804 0.00318055 -0.0168116 -0.02556 0.00349127 -0.0068538 -0.00642129 -0.0300268 0.00159937 -0.0122088 0.00347379
internal_weight=1.77349e+07 1.59899e+07 1.74501e+06 2.70611e+06 1.10473e+06 1.32838e+07 4.95434e+06 1.79293e+06 913178 640277 597934 506799 326800 456847 456331 855133 1.33314e+06 1.04601e+06 847731 8.32948e+06 3.6212e+06 228792 271134 2.9706e+06 362644 198283 541677 937796 336023 3.35576e+06
internal_count=17734937 15989927 1745010 2706107 1104733 13283820 4954337 1792929 913178 640277 597934 506799 326800 456847 456331 855133 1333137 1046014 847731 8329483 3621200 228792 271134 2970598 362644 198283 541677 937796 336023 3355760
is_linear=0
shrinkage=0.1


Tree=10
num_leaves=31
num_cat=0
split_feature=0 0 0 8 8 4 4 8 4 0 7 4 8 7 7 0 0 7 0 1 1 2 0 0 9 2 1 0 1 4
split_gain=66497.6 8347.15 7355.42 3479.27 3425.71 1787.44 1100.48 1097.62 954.162 747.229 697.128 634.936 622.023 553.963 523.849 522.387 477.232 508.928 435.416 396.659 381.872 355.85 413.623 354.897 333.711 326.711 325.191 323.688 398.177 322.786
threshold=13.500000000000002 5.5000000000000009 35.500000000000007 54635.000000000007 54635.000000000007 32269.500000000004 33868.500000000007 58433.000000000007 36786.500000000007 63.500000000000007 6001700.0000000009 63105.000000000007 78603.500000000015 20632750.000000004 13327316.000000002 1.5000000000000002 1.5000000000000002 17674512.000000004 21.500000000000004 741.50000000000011 468.50000000000006 43.500000000000007 69.500000000000014 20.500000000000004 72638.500000000015 45.500000000000007 312.50000000000006 43.500000000000007 960.50000000000011 13435.500000000002
decision_type=2 2 2 2 2 2 2 2 2 2 2 2 2 2 2 2 2 2 2 2 2 2 2 2 2 2 2 2 2 2
left_child=1 5 3 8 6 15 29 21 25 19 24 16 18 -6 -8 -1 -7 -18 26 -9 -20 -4 -23 -10 -5 -2 -12 -21 -29 -3
right_child=2 4 7 10 13 11 14 9 23 -11 12 -13 -14 -15 -16 -17 17 -19 20 27 -22 22 -24 -25 -26 -27 -28 28 -30 -31
leaf_value=-0.024204806011756695 0.0035072846101839163 0.0024833835329727784 0.0047986367951870943 -0.011053973106131753 -0.020642931509506694 -0.028368886998704514 -0.013818468094442815 0.0063199689150655663 -0.0053810815510320223 0.002716092095809267 0.0005542876927540272 -0.029775951359299797 -0.013972611583542616 -0.013653597650303259 -0.0060377809376071052 -0.012692756246532808 -0.025711307999840838 -0.018115697548403347 0.0054666776487201718 -0.004913656412353775 -0.0039381527971905986 0.0023541914397731041 0.0040630309058417224 -0.00092962248731554811 -0.023903522299727233 0.00022424879733673101 -0.0091466970117154971 0.0041332268875773721 -0.0017528494839371387 -0.0045473478941024641
leaf_weight=51302 679733 81998 3065392 134422 262119 146060 217217 72858 264032 2212391 39861 243954 83228 199866 143825 170151 162168 193431 48073 196320 423597 2138352 4195703 556782 23788 547083 259577 154801 446184 320669
leaf_count=51302 679733 81998 3065392 134422 262119 146060 217217 72858 264032 2212391 39861 243954 83228 199866 143825 170151 162168 193431 48073 196320 423597 2138352 4195703 556782 23788 547083 259577 154801 446184 320669
internal_value=4.9014e-11 -0.0163023 0.0023 -0.00209356 -0.0108219 -0.0232483 -0.00671008 0.00337716 0.000277553 0.00173966 -0.00688857 -0.0255913 -0.00575942 -0.0176192 -0.0107189 -0.0153596 -0.0235563 -0.0215796 -0.00487295 -0.000742912 -0.0029796 0.00391417 0.00348613 -0.00236153 -0.012986 0.00204326 -0.00785531 -0.00138832 -0.000236721 -0.00311563
internal_weight=1.77349e+07 2.19276e+06 1.55422e+07 3.06018e+06 1.22569e+06 967066 763709 1.2482e+07 2.04763e+06 3.08255e+06 1.01255e+06 745613 854336 461985 361042 221453 501659 355599 771108 870163 471670 9.39945e+06 6.33406e+06 820814 158210 1.22682e+06 299438 797305 600985 402667
internal_count=17734937 2192760 15542177 3060176 1225694 967066 763709 12482001 2047630 3082554 1012546 745613 854336 461985 361042 221453 501659 355599 771108 870163 471670 9399447 6334055 820814 158210 1226816 299438 797305 600985 402667
is_linear=0
shrinkage=0.1


Tree=11
num_leaves=31
num_cat=0
split_feature=0 0 8 4 0 0 4 0 4 2 8 7 1 4 4 8 3 3 2 8 2 4 4 3 1 0 0 3 1 7
split_gain=54283.7 8735.11 4150.51 2850.38 2355.31 1564.44 1296.77 912.82 909.323 904.928 700.588 618.526 551.243 547.437 445.637 428.343 426.856 395.66 454.612 450.359 364.35 363.167 350.711 293.946 290.718 287.851 279.419 257.109 256.533 319.732
threshold=10.500000000000002 25.500000000000004 54839.500000000007 51169.500000000007 3.5000000000000004 45.500000000000007 41347.500000000007 6.5000000000000009 24682.000000000004 43.500000000000007 69305.500000000015 13175538.000000002 559.50000000000011 78007.500000000015 32105.500000000004 66731.500000000015 80887.000000000015 109141.50000000001 46.500000000000007 67051.000000000015 51.500000000000007 18679.500000000004 71501.000000000015 75509.500000000015 550.50000000000011 94.500000000000014 7.5000000000000009 97839.500000000015 36.500000000000007 13982206.500000002
decision_type=2 2 2 2 2 2 2 2 2 2 2 2 2 2 2 2 2 2 2 2 2 2 2 2 2 2 2 2 2 2
left_child=2 3 4 9 21 6 24 22 -6 -2 20 26 -8 17 -11 -14 -16 18 -5 23 -7 -1 -4 -20 -3 -22 -10 -21 -23 -30
right_child=1 5 7 13 8 10 12 -9 11 14 -12 -13 15 -15 16 -17 -18 -19 19 27 25 28 -24 -25 -26 -27 -28 -29 29 -31
leaf_value=-0.011743725575519259 0.00093308690256775856 0.0051899766564728307 -0.022681786380312367 -0.0065642287324651971 -0.0032815933642381273 0.00401576086104852 0.0044495106353590694 -0.016768076012029964 -0.017621096426965657 -0.0010925972312216836 0.00070605809818544976 -0.0072900437747866632 -0.0013855739994658347 -0.022738868630820988 -0.0069067748257157398 -0.0059860971422283065 0.00096697764521835839 0.00034787276776595936 -0.015739544839570397 -0.020842166418978184 0.0020054363609634854 -0.026720732468834857 -0.028270201883712376 -0.0070692266963341271 0.0018431324947388477 0.0036557257916747647 -0.011079269438041826 -0.010618220391888783 -0.024544833148553755 -0.015656738934070404
leaf_weight=45077 675653 346146 414926 229945 195557 5977120 128786 233441 142010 338510 973975 205482 871357 31499 457755 263612 81042 40360 54550 75305 2186562 67967 153969 138076 1037295 2045851 120859 36528 70266 95456
leaf_count=45077 675653 346146 414926 229945 195557 5977120 128786 233441 142010 338510 973975 205482 871357 31499 457755 263612 81042 40360 54550 75305 2186562 67967 153969 138076 1037295 2045851 120859 36528 70266 95456
internal_value=2.58442e-11 0.00182766 -0.0167473 -0.00408774 -0.0122479 0.00275116 0.000565149 -0.0220336 -0.00900895 -0.0018176 0.0032686 -0.0114004 -0.00175058 -0.00990278 -0.00393602 -0.00245411 -0.00572246 -0.00919932 -0.00992035 -0.0124551 0.00351307 -0.0199619 -0.0241943 -0.00952459 0.00268053 0.00280315 -0.0146134 -0.0175027 -0.0215471 -0.0194253
internal_weight=1.77349e+07 1.59899e+07 1.74501e+06 2.15922e+06 942674 1.38307e+07 2.6472e+06 802336 663908 1.55296e+06 1.11835e+07 468351 1.26376e+06 606263 877307 1.13497e+06 538797 574764 534404 304459 1.02095e+07 278766 568895 192626 1.38344e+06 4.23241e+06 262869 111833 233689 165722
internal_count=17734937 15989927 1745010 2159223 942674 13830704 2647196 802336 663908 1552960 11183508 468351 1263755 606263 877307 1134969 538797 574764 534404 304459 10209533 278766 568895 192626 1383441 4232413 262869 111833 233689 165722
is_linear=0
shrinkage=0.1


Tree=12
num_leaves=31
num_cat=0
split_feature=0 0 0 8 8 8 4 8 4 0 7 7 0 7 8 2 3 8 7 4 9 7 8 1 0 7 1 7 0 4
split_gain=44273.6 6859.31 3716.21 2472.32 2177.72 1627.69 768.809 725.749 684.439 596.154 580.951 548.652 538.672 523.407 459.509 449.834 514.767 491.581 446.416 423.663 402.405 390.627 353.897 337.194 345.706 315.292 420.461 288.848 280.741 279.202
threshold=15.500000000000002 6.5000000000000009 41.500000000000007 45491.000000000007 58647.500000000007 45491.000000000007 36943.500000000007 69592.000000000015 40170.500000000007 1.5000000000000002 7627176.2500000009 13982206.500000002 96.500000000000014 38386876.000000007 78603.500000000015 47.500000000000007 96897.500000000015 67051.000000000015 10377078.000000002 68138.000000000015 79665.000000000015 4932801.0000000009 28905.500000000004 870.50000000000011 50.500000000000007 10271202.000000002 45.500000000000007 25017803.000000004 23.500000000000004 10582.000000000002
decision_type=2 2 2 2 2 2 2 2 2 2 2 2 2 2 2 2 2 2 2 2 2 2 2 2 2 2 2 2 2 2
left_child=1 5 4 18 6 9 -2 10 -4 -1 -5 28 14 29 23 -6 17 -17 22 25 -18 -16 -3 -10 -25 -7 -27 -9 -8 -11
right_child=2 3 8 7 15 19 11 27 12 13 -12 -13 -14 -15 21 16 20 -19 -20 -21 -22 -23 -24 24 -26 26 -28 -29 -30 -31
leaf_value=-0.021080745326693486 0.0021474183315974738 -0.0011742787706345873 0.0036606867182706416 -0.01569573635134652 -0.0021352919709803696 -0.025243559572878899 -0.0054782031548256064 -0.02063178725220631 0.005389093634270932 -0.00029994557597701183 -0.0081100106975166356 0.0019233627144147791 0.0032110856516970074 -0.00098457623627342685 -0.024677120396213059 -0.0064050312818292017 0.00040685745622972332 -0.014202287272753248 0.00022133666825786209 -0.024872288575586349 -0.0088471681529174329 -0.0028454737897317603 -0.0078638409500515864 -0.0015210213037961488 0.0016866784137472832 -0.023093153878996488 -0.016559077495222448 -0.012059551089808449 -0.001482116921783601 -0.013471653486253125
leaf_weight=70323 1462610 129575 5711048 129047 319253 80081 251589 100032 213555 17233 463847 373853 2605219 45581 8700 229961 133142 124702 269123 193155 72619 141410 202945 385139 2632513 138966 338051 64753 583661 243251
leaf_count=70323 1462610 129575 5711048 129047 319253 80081 251589 100032 213555 17233 463847 373853 2605219 45581 8700 229961 133142 124702 269123 193155 72619 141410 202945 385139 2632513 138966 338051 64753 583661 243251
internal_value=1.9736e-11 -0.0123746 0.00201737 -0.00759242 -0.000815844 -0.0181444 0.000605073 -0.0113927 0.00287753 -0.012778 -0.00976109 -0.00126065 0.00213041 -0.0108704 0.00129778 -0.00513139 -0.00683815 -0.0091466 -0.00280651 -0.0208366 -0.00285916 -0.00411078 -0.00525708 0.00154904 0.00127728 -0.0194373 -0.0184626 -0.0172633 -0.00268579 -0.0126002
internal_weight=1.77349e+07 2.48596e+06 1.5249e+07 1.35932e+06 3.55139e+06 1.12664e+06 2.67171e+06 757679 1.16976e+07 376388 592894 1.2091e+06 5.98654e+06 306065 3.38132e+06 879677 560424 354663 601643 750253 205761 150110 332520 3.23121e+06 3.01765e+06 557098 477017 164785 835250 260484
internal_count=17734937 2485963 15248974 1359322 3551390 1126641 2671713 757679 11697584 376388 592894 1209103 5986536 306065 3381317 879677 560424 354663 601643 750253 205761 150110 332520 3231207 3017652 557098 477017 164785 835250 260484
is_linear=0
shrinkage=0.1


Tree=13
num_leaves=31
num_cat=0
split_feature=0 0 0 8 8 2 4 0 4 7 1 4 7 0 8 0 3 2 1 8 3 8 1 8 0 1 7 4 7 8
split_gain=35992.6 5134.28 3399.73 2276.08 1912.08 810.629 791.654 738.569 696.302 525.581 495.404 452.663 430.197 421.154 416.971 394.092 390.311 541.985 313.917 299.473 291.113 385.273 277.159 268.812 265.353 343.645 262.9 252.932 252.104 251.461
threshold=11.500000000000002 31.500000000000004 4.5000000000000009 58647.500000000007 45491.000000000007 43.500000000000007 40170.500000000007 66.500000000000014 30759.500000000004 12293029.500000002 669.50000000000011 78007.500000000015 10148308.500000002 20.500000000000004 69592.000000000015 37.500000000000007 109141.50000000001 47.500000000000007 797.50000000000011 78603.500000000015 78648.000000000015 44986.500000000007 459.50000000000006 28905.500000000004 44.500000000000007 1006.5000000000001 13982206.500000002 58454.500000000007 4932801.0000000009 38644.500000000007
decision_type=2 2 2 2 2 2 2 2 2 2 2 2 2 2 2 2 2 2 2 2 2 2 2 2 2 2 2 2 2 2
left_child=2 3 8 5 12 26 -3 10 -1 -6 -8 16 23 20 -11 -12 17 -5 -17 24 21 -7 -15 -4 -20 -26 29 -10 -21 -2
right_child=1 6 4 11 9 13 7 -9 27 14 15 -13 -14 22 -16 18 -18 -19 19 28 -22 -23 -24 -25 25 -27 -28 -29 -30 -31
leaf_value=-0.012001863133478051 0.0021560420945906586 0.0031946677621739299 -0.0034168372947548358 -0.0040898243164312386 -0.017065053255726003 -0.0029941700698827918 0.005682009923143736 0.0023877638583911535 -0.017707538742368717 -0.0089660547181594271 -0.0036988538154710498 -0.017939212913733571 -0.0012915034060522162 0.0033158270945408633 -0.016028407907054922 0.004330579421225683 0.0012058951995967439 -0.010011418821124562 -0.0025808207761960091 -0.027444305754198581 0.00096474186297305713 -0.0089344600634265591 -0.0016447846558881878 -0.010150747283566361 0.0032942330279823249 -0.00028648555878767445 0.0039756643396054196 -0.021707882866321613 -0.00473479288128573 -0.0022877569642227786
leaf_weight=158083 314590 6362540 100404 283833 210049 271686 151555 4401931 372459 300665 284458 36980 218647 140167 115798 174981 58840 339376 286876 5265 85964 182540 573330 144736 382392 896120 323830 274572 68334 213936
leaf_count=158083 314590 6362540 100404 283833 210049 271686 151555 4401931 372459 300665 284458 36980 218647 140167 115798 174981 58840 339376 286876 5265 85964 182540 573330 144736 382392 896120 323830 274572 68334 213936
internal_value=2.55368e-11 0.00155838 -0.013023 -0.00230589 -0.00938363 -0.000647374 0.0023972 0.00163443 -0.0179515 -0.0129867 0.000160572 -0.00716369 -0.00451635 -0.00226506 -0.0109297 -0.000238204 -0.00657945 -0.0073145 0.000304479 -0.000125354 -0.00437149 -0.0053814 -0.000670269 -0.00739268 0.000167746 0.000784477 0.00173199 -0.0194051 -0.00635935 0.000357287
internal_weight=1.77349e+07 1.58395e+07 1.89541e+06 2.82507e+06 1.0903e+06 2.10604e+06 1.30145e+07 6.65191e+06 805114 626512 2.24998e+06 719029 463787 1.25369e+06 416463 2.09843e+06 682049 623209 1.81397e+06 1.63899e+06 540190 454226 713497 245140 1.56539e+06 1.27851e+06 852356 647031 73599 528526
internal_count=17734937 15839524 1895413 2825072 1090299 2106043 13014452 6651912 805114 626512 2249981 719029 463787 1253687 416463 2098426 682049 623209 1813968 1638987 540190 454226 713497 245140 1565388 1278512 852356 647031 73599 528526
is_linear=0
shrinkage=0.1


Tree=14
num_leaves=31
num_cat=0
split_feature=0 0 0 8 8 8 2 4 8 3 1 4 3 7 8 7 2 7 0 7 0 7 8 8 7 4 7 4 6 3
split_gain=29346.9 5080.3 2134.95 1563.89 1436.89 1411.7 611.951 513.075 504.501 609.701 483.688 445.512 441.12 427.039 416.892 399.596 356.112 333.86 431.255 327.314 287.872 283.223 274.23 272.548 270.859 270.763 249.851 234.818 233.799 260.026
threshold=16.500000000000004 7.5000000000000009 42.500000000000007 52024.500000000007 45491.000000000007 42992.500000000007 45.500000000000007 68700.500000000015 66731.500000000015 80887.000000000015 45.500000000000007 19693.500000000004 96897.500000000015 21260667.000000004 65268.500000000007 19787686.000000004 51.500000000000007 14758521.000000002 1.5000000000000002 13798839.500000002 92.500000000000014 13982206.500000002 71337.000000000015 82020.000000000015 6603081.2500000009 23856.500000000004 11807023.500000002 70588.000000000015 46020.949218750007 109141.50000000001
decision_type=2 2 2 2 2 2 2 2 2 2 2 2 2 2 2 2 2 2 2 2 2 2 2 2 2 2 2 2 2 2
left_child=1 5 4 11 25 10 21 16 9 -8 -1 -3 27 -12 17 22 -4 -7 -19 -13 28 -6 -5 -14 -9 -2 -27 -10 -18 -30
right_child=2 3 7 15 6 14 8 24 12 -11 13 19 23 -15 -16 -17 20 18 -20 -21 -22 -23 -24 -25 -26 26 -28 -29 29 -31
leaf_value=-0.016961362519587582 0.0033797025646554405 0.0018957086914856468 0.0029786152667222506 -0.010292369345289612 -0.0019294207170988287 -0.018206357859721252 -0.0043246618105303352 -0.0052332620314761089 -0.0091788538976304759 0.00080007588969013398 -0.0097660819695496344 -0.0054949981905910786 -0.00096569006940903685 -0.0014658333416012026 -0.018838980399664834 -0.0063360892282442807 0.0025460287013825498 -0.018575461413333026 -0.010499339596569703 -0.000608336338361024 0.0026326205992720638 0.0024728100957053514 -0.017510527726036371 -0.01030962127308728 0.00043967645890351367 -0.000269174867622303 0.0031759168598575944 -0.020018488753546847 8.2813283227519422e-05 0.0053144527534658721
leaf_weight=66632 612539 173470 6407546 260933 280891 163208 624508 108489 130281 369515 237478 405868 120966 83878 398381 234125 735713 90722 243814 206965 2287722 304652 65933 42074 375370 730925 295668 23606 1551866 101199
leaf_count=66632 612539 173470 6407546 260933 280891 163208 624508 108489 130281 369515 237478 405868 120966 83878 398381 234125 735713 90722 243814 206965 2287722 304652 65933 42074 375370 730925 295668 23606 1551866 101199
internal_value=1.16622e-11 -0.00974567 0.00169794 -0.00545603 -0.000452609 -0.0142464 -0.00232678 0.00235523 -0.0035273 -0.00241961 -0.00920737 -0.00257827 -0.00700152 -0.00759961 -0.0164281 -0.00948959 0.00249438 -0.0144984 -0.0126895 -0.00384468 0.0018309 0.000361015 -0.0117484 -0.00337698 -0.000832288 0.00171583 0.000723042 -0.0108416 0.00106309 0.000403089
internal_weight=1.77349e+07 2.63141e+06 1.51035e+07 1.34729e+06 3.53562e+06 1.28411e+06 1.89649e+06 1.15679e+07 1.31095e+06 994023 387988 786303 316927 321356 896125 560991 1.1084e+07 497744 334536 612833 4.6765e+06 585543 326866 163040 483859 1.63913e+06 1.02659e+06 153887 2.38878e+06 1.65306e+06
internal_count=17734937 2631407 15103530 1347294 3535625 1284113 1896493 11567905 1310950 994023 387988 786303 316927 321356 896125 560991 11084046 497744 334536 612833 4676500 585543 326866 163040 483859 1639132 1026593 153887 2388778 1653065
is_linear=0
shrinkage=0.1


Tree=15
num_leaves=31
num_cat=0
split_feature=0 0 8 8 0 8 0 2 7 8 7 2 3 8 3 3 8 2 8 4 9 8 7 7 0 4 2 3 1 0
split_gain=23928.5 4566.49 1692.39 1579.98 1061.62 812.798 738.031 532.993 482.765 458.974 437.496 357.775 360.892 343.968 370.75 336.782 365.461 328.964 320.716 267.853 260.04 259.095 254.021 247.376 241.864 239.354 239.092 334.871 238.684 328.719
threshold=9.5000000000000018 24.500000000000004 59065.000000000007 54635.000000000007 3.5000000000000004 54839.500000000007 54.500000000000007 43.500000000000007 6001700.0000000009 35518.500000000007 6892174.0000000009 51.500000000000007 96897.500000000015 73139.500000000015 105291.00000000001 73144.000000000015 44986.500000000007 52.500000000000007 75298.000000000015 78007.500000000015 80948.500000000015 35359.000000000007 7979648.2500000009 10148308.500000002 59.500000000000007 18679.500000000004 43.500000000000007 73371.000000000015 1117.5000000000002 100.50000000000001
decision_type=2 2 2 2 2 2 2 2 2 2 2 2 2 2 2 2 2 2 2 2 2 2 2 2 2 2 2 2 2 2
left_child=2 3 4 7 25 21 11 22 -5 23 -11 -7 18 14 17 16 -9 -10 -13 -4 -14 -3 -2 -6 26 -1 -23 -28 -8 -30
right_child=1 5 19 8 9 6 28 15 13 10 -12 12 20 -15 -16 -17 -18 -19 -20 -21 -22 24 -24 -25 -26 -27 27 -29 29 -31
leaf_value=-0.007022565897289567 -0.0012800053270814933 0.0030436665193362142 -0.014811446694481749 -0.013220384656853046 -0.0058699022102798211 0.00039913832758871012 0.0050472121654406643 -0.0023342173451301163 -0.0036582804515691973 -0.014812172114669099 -0.0069693001776439433 -0.0041342637789917253 0.002179161730062724 -0.010192780923518784 0.0059352055584303313 0.0013863431931733588 -0.0075580862175772595 -0.0095504522683028323 -0.018381898226221535 -0.02031370987283863 -0.0059034025601819688 0.0028081148355264562 0.0027080366198160284 0.00092488094953341359 0.0023874447349320179 -0.014823722570855064 -0.00051311797945240818 0.0031014458906899545 0.00028680125625941635 0.0023586215411253398
leaf_weight=45760 284872 3388788 517654 102367 127472 605042 179854 438613 339575 90458 332795 410247 170110 140915 31310 146928 192788 131427 16432 106712 51965 549348 363540 92433 4121702 279893 1074476 336605 1567638 1497218
leaf_count=45760 284872 3388788 517654 102367 127472 605042 179854 438613 339575 90458 332795 410247 170110 140915 31310 146928 192788 131427 16432 106712 51965 549348 363540 92433 4121702 279893 1074476 336605 1567638 1497218
internal_value=1.85278e-11 0.00115398 -0.0116919 -0.00311124 -0.00907545 0.00181725 0.000710466 -0.00116166 -0.00684188 -0.00671994 -0.00864549 -0.00135006 -0.0029814 -0.00582676 -0.00460195 -0.0029258 -0.00392924 -0.00530241 -0.00468296 -0.0157519 0.000287862 0.00234296 0.000955938 -0.00301384 0.00195254 -0.0137275 0.00103817 0.000349115 0.00150668 0.00129891
internal_weight=1.77349e+07 1.61418e+07 1.59318e+06 2.17234e+06 968811 1.39694e+07 4.49851e+06 1.42674e+06 745594 643158 423253 1.2538e+06 648754 643227 502312 778329 631401 471002 426679 624366 222075 9.47092e+06 648412 219905 6.08213e+06 325653 1.96043e+06 1.41108e+06 3.24471e+06 3.06486e+06
internal_count=17734937 16141760 1593177 2172335 968811 13969425 4498506 1426741 745594 643158 423253 1253796 648754 643227 502312 778329 631401 471002 426679 624366 222075 9470919 648412 219905 6082131 325653 1960429 1411081 3244710 3064856
is_linear=0
shrinkage=0.1


Tree=16
num_leaves=31
num_cat=0
split_feature=0 0 0 8 8 4 2 8 1 0 1 1 7 4 7 2 3 2 8 7 3 0 6 0 1 0 9 4 7 4
split_gain=19526.6 3051.84 1645.12 1215.41 977.118 750.41 514.152 509.9 460.526 498.102 562.228 417.79 378.231 366.498 322.446 304.278 312.339 291.337 278.56 273.914 265.228 292.633 261.822 256.13 419.401 235.574 223.19 208.779 196.129 186.937
threshold=15.500000000000002 6.5000000000000009 33.500000000000007 58822.500000000007 44986.500000000007 46842.500000000007 35.500000000000007 70817.000000000015 349.50000000000006 20.500000000000004 477.50000000000006 36.500000000000007 21584096.000000004 12138.500000000002 7052642.5000000009 45.500000000000007 96402.000000000015 54.500000000000007 35518.500000000007 11065047.500000002 102198.50000000001 68.500000000000014 94227.750000000015 24.500000000000004 596.50000000000011 27.500000000000004 51967.500000000007 71501.000000000015 4081048.1250000005 23856.500000000004
decision_type=2 2 2 2 2 2 2 2 2 2 2 2 2 2 2 2 2 2 2 2 2 2 2 2 2 2 2 2 2 2
left_child=1 5 4 6 29 11 -3 17 -6 -10 -11 -1 18 -13 -15 -9 27 -4 -8 -5 21 26 -18 -12 25 -25 -19 -17 -20 -2
right_child=2 3 7 19 8 -7 12 15 9 10 23 13 -14 14 -16 16 22 20 28 -21 -22 -23 -24 24 -26 -27 -28 -29 -30 -31
leaf_value=-0.015752916721912518 0.0028087053674281624 0.0016393147505574656 0.0023108054618208723 -0.014018903255211105 0.0042539815823963469 -0.014575343594012267 -0.0024543253414759155 0.0032746161098980483 -0.0067113761511389293 0.0029639067316715234 -0.0067856072266899636 0.00086503754129290452 -0.00071592273596899269 -0.014179141985823132 -0.0075766145616509963 -0.0025036335113802254 0.00076255091825033717 0.0011900820759373197 -0.012222537125563614 -0.0081051402403254473 0.004202116989536109 0.0016380139895821083 -0.0093561890486245306 -0.0019968057409126476 -0.0046205763851287444 0.0039310484808528735 -0.0016612883588690498 -0.0090233642325830542 -0.006140894944306253 0.00016098150429947992
leaf_weight=87322 432456 182219 8136451 109524 86807 579291 188746 176234 317170 176188 165121 40593 218977 95888 323547 204431 451097 510914 63504 274930 279256 2303907 27108 153482 355864 119032 593293 64649 321422 695514
leaf_count=87322 432456 182219 8136451 109524 86807 579291 188746 176234 317170 176188 165121 40593 218977 95888 323547 204431 451097 510914 63504 274930 279256 2303907 27108 153482 355864 119032 593293 64649 321422 695514
internal_value=1.07413e-11 -0.00821809 0.00133975 -0.00502828 -0.00100489 -0.0120667 -0.00315048 0.00179988 -0.00279578 -0.00327133 -0.00214615 -0.00941164 -0.00425158 -0.00820795 -0.00908603 -0.000463137 -0.00134462 0.00197664 -0.00560118 -0.00978986 0.00123928 0.000996513 0.00018895 -0.00328078 -0.00235981 0.000592435 -0.000341966 -0.00407006 -0.00714423 0.0011761
internal_weight=1.77349e+07 2.48596e+06 1.5249e+07 1.35932e+06 2.50163e+06 1.12664e+06 974868 1.27473e+07 1.37366e+06 1.28686e+06 969687 547350 792649 460028 419435 923519 747285 1.18238e+07 573672 384454 3.68737e+06 3.40811e+06 478205 793499 628378 272514 1.10421e+06 269080 384926 1.12797e+06
internal_count=17734937 2485963 15248974 1359322 2501634 1126641 974868 12747340 1373664 1286857 969687 547350 792649 460028 419435 923519 747285 11823821 573672 384454 3687370 3408114 478205 793499 628378 272514 1104207 269080 384926 1127970
is_linear=0
shrinkage=0.1


Tree=17
num_leaves=31
num_cat=0
split_feature=0 0 0 8 2 8 8 2 3 3 4 4 7 0 8 3 2 7 1 3 1 0 8 7 7 8 2 8 3 9
split_gain=15903.5 2973.81 1016.64 972.928 863.773 826.023 553.966 465.029 344.605 336.392 315.288 292.118 285.86 482.228 285.59 354.945 290.816 319.45 275.076 274.359 270.46 366.871 252.571 243.891 242.595 201.384 199.953 191.931 247.633 184.669
threshold=17.500000000000004 7.5000000000000009 46.500000000000007 58822.500000000007 48.500000000000007 42426.000000000007 66731.500000000015 40.500000000000007 98695.000000000015 96897.500000000015 9434.0000000000018 64036.500000000007 23614000.000000004 1.5000000000000002 44635.500000000007 64882.000000000007 59.500000000000007 780555.21875000012 54.500000000000007 80887.000000000015 386.50000000000006 21.500000000000004 29192.000000000004 25480563.000000004 9375867.0000000019 73139.500000000015 58.500000000000007 91203.500000000015 120532.00000000001 87007.000000000015
decision_type=2 2 2 2 2 2 2 2 2 2 2 2 2 2 2 2 2 2 2 2 2 2 2 2 2 2 2 2 2 2
left_child=1 5 4 7 20 10 8 -3 14 -8 -1 26 -7 -14 -6 -16 17 -17 -12 22 -2 -22 -9 29 -20 -15 -4 28 -11 -5
right_child=2 3 11 23 6 12 9 19 -10 27 18 -13 13 25 15 16 -18 -19 24 -21 21 -23 -24 -25 -26 -27 -28 -29 -30 -31
leaf_value=0.0027989428102482726 0.0044707738037811588 0.00038746610359780481 0.0021530711456201504 -0.0091100464219671419 0.00039801356485696937 -0.014121832464272444 -0.0093101830567717241 -0.00023710289806185182 0.0050304149109580377 -0.0036781306918265999 -0.012756144780798083 4.4194203122568182e-06 -0.014287260293915423 -0.0063469489582189051 -0.0067063307908714247 -0.071595487677840505 -0.0042844043837420888 5.8831826780622229e-05 -0.0091026145061526131 0.001787902030630112 -0.0032943303276057722 0.0013990450656405223 -0.0055564328935325145 -0.0045678143848413462 -0.0030708359909199213 -0.011971380555888209 0.0010552128391316216 -0.017403494854138488 0.006554235725719045 -0.019853727177660842
leaf_weight=32987 242219 395163 8115516 257891 610269 397662 134053 108445 92405 127364 75752 855074 205626 214035 158262 623 243618 474627 126765 75108 185948 1596459 504629 133562 140676 90610 2085210 8277 29045 17057
leaf_count=32987 242219 395163 8115516 257891 610269 397662 134053 108445 92405 127364 75752 855074 205626 214035 158262 623 243618 474627 126765 75108 185948 1596459 504629 133562 140676 90610 2085210 8277 29045 17057
internal_value=4.7932e-12 -0.00695144 0.00128999 -0.00391485 -9.74632e-05 -0.0104793 -0.00164184 -0.00234667 -0.000895089 -0.00559083 -0.00653905 0.00177983 -0.0121118 -0.0105454 -0.00126321 -0.00241902 -0.00147515 -3.5099e-05 -0.0074366 -0.00391664 0.00133548 0.000909413 -0.00461551 -0.00807356 -0.00592985 -0.00801981 0.00192865 -0.00256332 -0.00177799 -0.00977655
internal_weight=1.77349e+07 2.77597e+06 1.4959e+07 1.49186e+06 3.90317e+06 1.28411e+06 1.87854e+06 1.08334e+06 1.5798e+06 298739 376180 1.10558e+07 907933 510271 1.4874e+06 877130 718868 475250 343193 688182 2.02463e+06 1.78241e+06 613074 408510 267441 304645 1.02007e+07 164686 156409 274948
internal_count=17734937 2775968 14958969 1491855 3903169 1284113 1878543 1083345 1579804 298739 376180 11055800 907933 510271 1487399 877130 718868 475250 343193 688182 2024626 1782407 613074 408510 267441 304645 10200726 164686 156409 274948
is_linear=0
shrinkage=0.1


Tree=18
num_leaves=31
num_cat=0
split_feature=0 0 0 8 8 2 0 8 7 7 3 1 7 2 8 3 8 7 7 4 3 9 9 2 3 8 8 7 4 7
split_gain=12978.7 2484.94 981.413 924.836 656.072 554.149 613.187 533.798 360.058 354.886 349.861 323.136 279.987 279.447 270.189 250.88 381.29 222.99 221.35 220.09 218.097 323.912 320.814 191.113 186.955 186.837 185.496 271.562 181.299 177.174
threshold=9.5000000000000018 23.500000000000004 3.5000000000000004 52182.500000000007 43355.500000000007 45.500000000000007 64.500000000000014 66731.500000000015 3886141.1250000005 23984008.000000004 96897.500000000015 222.50000000000003 10148308.500000002 45.500000000000007 96925.500000000015 80887.000000000015 44635.500000000007 8597531.5000000019 17674512.000000004 21426.500000000004 96897.500000000015 79665.000000000015 69746.000000000015 60.500000000000007 75509.500000000015 71741.500000000015 77763.500000000015 16446753.500000002 78007.500000000015 3669979.1250000005
decision_type=2 2 2 2 2 2 2 2 2 2 2 2 2 2 2 2 2 2 2 2 2 2 2 2 2 2 2 2 2 2
left_child=2 3 19 11 17 -3 7 15 -5 29 26 -2 -13 28 -12 16 -7 -4 -16 -1 22 -22 24 -17 -15 -8 -9 -28 -10 -6
right_child=1 5 4 8 9 6 25 10 13 -11 14 12 -14 20 18 23 -18 -19 -20 -21 21 -23 -24 -25 -26 -27 27 -29 -30 -31
leaf_value=-0.0058470825057352219 0.0040047511345608086 0.0021588075839907785 -0.0058177494712068623 -0.013072372416890441 -0.019053659126836042 0.0010821804691098864 0.0016409212431123103 -0.0052478458909970644 -0.0016685546539227901 -0.0054773152551730354 -0.00023693223845302428 -0.0027840429678823485 0.00041945461693512152 -0.009226481461303367 -0.055943754381292947 0.003601260057100146 -0.0015753995453845399 -0.0007819622589993855 -0.010046351541480108 -0.01223219013693419 0.0013108761284117785 -0.0092098772850716555 -0.013082297964155191 0.00014359313808840111 -0.0035605967942054445 -0.00045333967745629698 -0.026488395662313053 -0.0035921089511559293 -0.014531529410912708 -0.0099342253560976493
leaf_weight=59516 131119 5060565 166296 52262 22686 1092869 5305991 209063 293170 227558 241045 569314 523887 93314 1492 349151 1066890 186604 3553 580761 79958 46157 76903 294845 154928 463178 10476 10247 11383 349756
leaf_count=59516 131119 5060565 166296 52262 22686 1092869 5305991 209063 293170 227558 241045 569314 523887 93314 1492 349151 1066890 186604 3553 580761 79958 46157 76903 294845 154928 463178 10476 10247 11383 349756
internal_value=5.58251e-12 0.000849881 -0.00861083 -0.00241925 -0.00657634 0.00132079 0.000852119 -0.000239686 -0.00504498 -0.00858869 -0.00333638 -0.000686217 -0.00124885 -0.00448991 -0.000716299 0.000285911 -0.000230626 -0.00315496 -0.02362 -0.0116387 -0.00606956 -0.00253963 -0.00743872 0.00201821 -0.0056904 0.00147278 -0.00614237 -0.0151668 -0.00214932 -0.0104897
internal_weight=1.77349e+07 1.61418e+07 1.59318e+06 2.0324e+06 952900 1.41094e+07 9.0488e+06 3.27963e+06 808075 600000 475876 1.22432e+06 1.0932e+06 755813 246090 2.80376e+06 2.15976e+06 352900 5045 640277 451260 126115 325145 643996 248242 5.76917e+06 229786 20723 304553 372442
internal_count=17734937 16141760 1593177 2032395 952900 14109365 9048800 3279631 808075 600000 475876 1224320 1093201 755813 246090 2803755 2159759 352900 5045 640277 451260 126115 325145 643996 248242 5769169 229786 20723 304553 372442
is_linear=0
shrinkage=0.1


Tree=19
num_leaves=31
num_cat=0
split_feature=0 0 8 8 0 2 8 7 8 7 2 3 8 3 3 7 8 8 3 0 7 4 2 3 8 3 9 3 8 0
split_gain=10581 1771.08 995.062 890.059 567.164 398.859 392.026 339.555 330.629 313.127 305.856 309.98 359.636 304.811 288.041 277.675 263.027 244.281 282.274 238.473 237.201 235.171 223.307 213.732 184.137 179.23 210.478 175.91 241.56 188.24
threshold=10.500000000000002 28.500000000000004 56632.000000000007 58647.500000000007 3.5000000000000004 45.500000000000007 78603.500000000015 4932801.0000000009 28905.500000000004 7979648.2500000009 48.500000000000007 109141.50000000001 60514.000000000007 77304.500000000015 96897.500000000015 24697440.000000004 44986.500000000007 71741.500000000015 105291.00000000001 88.500000000000014 13982206.500000002 79871.500000000015 61.500000000000007 96402.000000000015 38644.500000000007 55457.000000000007 36568.000000000007 78281.000000000015 44635.500000000007 78.500000000000014
decision_type=2 2 2 2 2 2 2 2 2 2 2 2 2 2 2 2 2 2 2 2 2 2 2 2 2 2 2 2 2 2
left_child=2 3 4 5 -1 20 10 14 -6 -10 -3 12 27 16 -8 17 25 18 -5 22 24 -4 23 -14 -2 26 -7 28 -12 -30
right_child=1 6 21 15 8 13 7 -9 9 -11 11 -13 19 -15 -16 -17 -18 -19 -20 -21 -22 -23 -24 -25 -26 -27 -28 -29 29 -31
leaf_value=-0.0089857666047873531 0.0012515874029607949 0.001863983436466447 -0.0094961066782801376 -0.0053443078579497004 0.00027206639766389292 -0.00060739822853174115 -0.040672520812941315 -0.0014987295577807399 -0.0086267818366415044 -0.0033932369344092956 0.0015642466039181081 0.0041729587225426308 -0.001699200722653754 0.0016305427915690421 -0.0088241140654664561 -0.0017286531597406844 -0.0051644260246407371 -0.0098791292402561903 0.0087130416169772535 0.00076142105060402344 0.0029467513279435396 -0.014868549867324438 -0.0044474788572556245 0.0029992256773216392 -0.0022809423650105389 0.0013383592616989866 -0.0060445631754039416 0.0022378232994496729 -0.0011160145180324069 0.00091598661572345858
leaf_weight=299441 337902 6156837 648581 313231 155990 175646 3812 296183 162561 385253 2143469 277179 473975 188916 11134 207820 299235 126265 14967 701868 363301 93184 223294 121675 261954 160716 119728 1168367 827979 1014474
leaf_count=299441 337902 6156837 648581 313231 155990 175646 3812 296183 162561 385253 2143469 277179 473975 188916 11134 207820 299235 126265 14967 701868 363301 93184 223294 121675 261954 160716 119728 1168367 827979 1014474
internal_value=5.75811e-12 0.000806908 -0.00739389 -0.00159821 -0.00534057 -0.000501556 0.00126744 -0.00224084 -0.00378968 -0.00494626 0.0013507 0.000896145 0.000760078 -0.00196204 -0.0169471 -0.00475662 -0.00286059 -0.00614128 -0.00470324 -0.000591215 0.000930243 -0.010171 -0.00175048 -0.000739441 -0.00029105 -0.00134906 -0.00281132 0.00115879 0.000842496 2.82668e-06
internal_weight=1.77349e+07 1.59899e+07 1.74501e+06 2.56968e+06 1.00324e+06 1.9074e+06 1.34202e+07 311129 703804 547814 1.31091e+07 6.95228e+06 6.6751e+06 944241 14946 662283 755325 454463 328198 1.52081e+06 963157 741765 818944 595650 599856 456090 295374 5.15429e+06 3.98592e+06 1.84245e+06
internal_count=17734937 15989927 1745010 2569681 1003245 1907398 13420246 311129 703804 547814 13109117 6952280 6675101 944241 14946 662283 755325 454463 328198 1520812 963157 741765 818944 595650 599856 456090 295374 5154289 3985922 1842453
is_linear=0
shrinkage=0.1


Tree=20
num_leaves=31
num_cat=0
split_feature=0 0 8 0 1 8 7 8 2 3 7 4 4 2 3 0 1 0 9 1 0 7 0 7 8 9 0 1 1 1
split_gain=8720.88 1630.54 876.224 573.04 573.251 519.06 418.354 316.394 305.201 377.562 303.331 268.813 260.817 256.326 257.778 254.978 233.943 231.506 221.978 220.936 383.259 215.078 186.853 330.778 196.726 184.328 178.34 197.888 177.219 177.151
threshold=17.500000000000004 4.5000000000000009 43527.000000000007 43.500000000000007 395.50000000000006 60285.000000000007 7135006.0000000009 79513.500000000015 33.500000000000007 55457.000000000007 4863112.7500000009 18360.000000000004 14799.000000000002 45.500000000000007 96897.500000000015 21.500000000000004 505.50000000000006 21.500000000000004 69746.000000000015 915.50000000000011 58.500000000000007 23984008.000000004 1.0000000180025095e-35 29628218.000000004 63703.500000000007 72638.500000000015 26.500000000000004 632.50000000000011 496.50000000000006 1135.5000000000002
decision_type=2 2 2 2 2 2 2 2 2 2 2 2 2 2 2 2 2 2 2 2 2 2 2 2 2 2 2 2 2 2
left_child=1 12 8 4 -2 15 25 13 -3 11 -7 -10 -1 21 18 -6 -17 -12 -15 -5 29 -8 -14 -24 -25 -4 -18 -28 -19 -21
right_child=3 2 6 19 5 10 7 -9 9 -11 17 -13 22 14 -16 16 26 28 -20 20 -22 -23 23 24 -26 -27 27 -29 -30 -31
leaf_value=-0.0013583281231886995 0.003606841719185969 0.0033677629761652977 -0.0083511514815211695 0.0027030938424031491 -0.0029273093487440331 -0.0087783596189449486 -0.0040007247424994324 -0.010523649422330862 0.00084545987352507455 0.0027281897153962967 -0.0071978486433882929 -0.0044485692871401158 -0.012998131799233842 -0.0059480918016143408 -0.00064493468734115979 0.0026378737877285749 -0.0027222383469663958 0.003564961809310885 -0.013202359385659954 5.5863441062818677e-05 0.001378996502834514 0.00026774416509595014 -0.010595201281285219 -0.0030609903404587345 -0.0085193593809043955 -0.018194737688470335 0.0019804834818423493 -0.00043137997761338935 -0.0021289059790427192 -0.0030785952816248532
leaf_weight=42958 362319 132252 192691 1020116 249308 79559 319175 78462 127287 138975 81802 389126 119488 257662 76349 398917 217740 61443 50439 969904 9227681 187329 377160 123143 142365 21107 497504 1075788 495403 221485
leaf_count=42958 362319 132252 192691 1020116 249308 79559 319175 78462 127287 138975 81802 389126 119488 257662 76349 398917 217740 61443 50439 969904 9227681 187329 377160 123143 142365 21107 497504 1075788 495403 221485
internal_value=6.91909e-12 -0.00514765 -0.00359862 0.00095526 -0.000160526 -0.000592832 -0.00531895 -0.0044359 -0.00101429 -0.00189855 -0.00295572 -0.00314368 -0.00893955 -0.00389978 -0.00584667 0.00010289 0.000447854 -0.00223037 -0.00713568 0.00129858 0.00116107 -0.00242204 -0.00936686 -0.00869171 -0.00598776 -0.00932295 -3.99296e-05 0.000331296 -0.00150064 -0.000526848
internal_weight=1.77349e+07 2.77597e+06 1.97085e+06 1.4959e+07 3.51978e+06 3.15746e+06 1.18321e+06 969416 787640 655388 718207 516413 805114 890954 384450 2.43926e+06 2.18995e+06 638648 308101 1.14392e+07 1.04191e+07 506504 762156 642668 265508 213798 1.79103e+06 1.57329e+06 556846 1.19139e+06
internal_count=17734937 2775968 1970854 14958969 3519783 3157464 1183214 969416 787640 655388 718207 516413 805114 890954 384450 2439257 2189949 638648 308101 11439186 10419070 506504 762156 642668 265508 213798 1791032 1573292 556846 1191389
is_linear=0
shrinkage=0.1


Tree=21
num_leaves=31
num_cat=0
split_feature=0 0 2 8 8 2 8 0 7 1 7 0 3 9 3 4 7 8 3 4 4 3 1 0 8 7 1 8 2 3
split_gain=7209.14 1473.32 585.701 531.76 394.314 317.979 310.692 295.604 291.019 290.818 262.594 342.371 260.065 292.737 233.473 217.71 217.346 234.504 203.803 268.646 186.137 182.572 178.578 241.24 177.064 162.763 164.949 162.491 157.695 142.598
threshold=8.5000000000000018 22.500000000000004 45.500000000000007 36605.000000000007 78603.500000000015 55.500000000000007 67051.000000000015 51.500000000000007 5006913.2500000009 194.50000000000003 14941116.000000002 2.5000000000000004 84901.500000000015 59456.500000000007 91698.000000000015 64036.500000000007 13798839.500000002 45491.000000000007 109141.50000000001 53465.000000000007 9434.0000000000018 96897.500000000015 487.50000000000006 31.500000000000004 96925.500000000015 6727579.0000000009 27.500000000000004 69592.000000000015 48.500000000000007 69761.000000000015
decision_type=2 2 2 2 2 2 2 2 2 2 2 2 2 2 2 2 2 2 2 2 2 2 2 2 2 2 2 2 2 2
left_child=3 2 9 20 5 14 12 18 -6 -2 -5 -12 13 29 15 22 17 -11 19 -7 -1 -8 -3 -24 -10 -22 -27 -13 -17 -4
right_child=1 4 6 10 8 7 21 -9 24 16 11 27 -14 -15 -16 28 -18 -19 -20 -21 25 -23 23 -25 -26 26 -28 -29 -30 -31
leaf_value=0.0036583720896288226 0.0050191935912188082 0.0034934060641547112 -0.0037101505591479811 -0.01007700090611138 -0.01459336356169208 -0.00060728216954552649 -0.011063633990384963 0.00075753551682575053 -0.0011702408726187122 -0.00041570108646716869 -0.0091142851438922607 -0.0037103093722874918 0.00095822824904222878 -0.0085382759381500677 0.0036180945504519987 0.00023963120065789167 0.0009667251500610649 -0.0046724099939771538 0.0041590057624639942 -0.0045790464845213803 -0.0072565588623304707 -0.004444590801454722 -0.0007179585434200559 0.0013709366967598466 -0.011945519745525697 -0.01180643207053185 -0.0011426852479476785 -0.007972314502036091 -0.0047117547100975279 -0.00012527299131767026
leaf_weight=36166 95117 363532 433527 345844 18594 617645 78987 2997176 299271 328735 348423 315468 147689 104592 430565 183343 406688 213457 63756 235131 97066 88209 592148 8332726 16069 15993 155946 124860 99085 149129
leaf_count=36166 95117 363532 433527 345844 18594 617645 78987 2997176 299271 328735 348423 315468 147689 104592 430565 183343 406688 213457 63756 235131 97066 88209 592148 8332726 16069 15993 155946 124860 99085 149129
internal_value=5.82719e-12 0.000599299 -0.00190996 -0.00678282 0.000959623 0.00104112 -0.00363683 0.000276942 -0.00243617 -0.000252346 -0.00777952 -0.00677214 -0.0028489 -0.00366704 0.00134015 0.00123767 -0.000780772 -0.00209154 -0.00129466 -0.00170239 -0.00307721 -0.00757157 0.00132084 0.00123234 -0.00171932 -0.00398276 -0.00213458 -0.00491885 -0.00149748 -0.00279261
internal_weight=1.77349e+07 1.62952e+07 2.04613e+06 1.43977e+06 1.4249e+07 1.39151e+07 1.00213e+06 3.91371e+06 333934 1.044e+06 1.1346e+06 788751 834937 687248 1.00014e+07 9.57083e+06 948880 542192 916532 852776 305171 167196 9.28841e+06 8.92487e+06 315340 269005 171939 440328 282428 582656
internal_count=17734937 16295171 2046130 1439766 14249041 13915107 1002133 3913708 333934 1043997 1134595 788751 834937 687248 10001399 9570834 948880 542192 916532 852776 305171 167196 9288406 8924874 315340 269005 171939 440328 282428 582656
is_linear=0
shrinkage=0.1


Tree=22
num_leaves=31
num_cat=0
split_feature=0 8 0 1 0 0 1 8 8 7 1 0 4 3 0 1 0 7 1 0 1 5 8 1 1 0 7 0 2 3
split_gain=5852.85 915.009 586.847 516.401 506.159 485.124 453.7 327.987 327.846 303.571 246.9 366.201 213.426 223.64 196.39 261.941 237.792 194.058 190.327 223.769 182.758 178.846 172.387 166.719 165.734 165.284 163.022 215.993 160.352 174.338
threshold=14.500000000000002 58822.500000000007 36.500000000000007 330.50000000000006 3.5000000000000004 18.500000000000004 432.50000000000006 28905.500000000004 55154.500000000007 4223065.0000000009 770.50000000000011 48.500000000000007 79871.500000000015 96897.500000000015 107.50000000000001 1060.5000000000002 59.500000000000007 3100419.6250000005 1284.5000000000002 72.500000000000014 932.50000000000011 66129.500000000015 82020.000000000015 376.50000000000006 1551.5000000000002 41.500000000000007 22840747.000000004 1.0000000180025095e-35 61.500000000000007 93717.000000000015
decision_type=2 2 2 2 2 2 2 2 2 2 2 2 2 2 2 2 2 2 2 2 2 2 2 2 2 2 2 2 2 2
left_child=1 4 3 -2 26 23 -7 -6 -8 -9 -4 20 13 -3 15 -13 -17 -10 -18 -20 25 -11 28 -5 -21 -12 -1 -28 -19 -30
right_child=2 12 10 5 7 6 8 9 17 21 11 14 -14 -15 -16 16 18 22 19 24 -22 -23 -24 -25 -26 -27 27 -29 29 -31
leaf_value=-0.0088285911439899643 0.0035310652849344978 -0.0074388527320877673 0.0027267347505341172 -0.0023213505546160382 0.0010272455643744475 0.0027352395290813846 -9.4128466331420613e-05 -0.0078350697847305341 -0.010004795644234137 -0.0028015936812803297 -0.0018720910491377607 0.0021138660865733703 -0.011623984900608604 -0.0024848346723913613 0.0016478022281499324 -0.0015170297383037851 0.0018571185905840865 -0.0012944784371685413 -0.0014717511043283997 0.0016290269083796553 -0.0031335137139393804 0.0030097961616717293 -0.009052778995233773 -0.0065111744947598457 0.00015859154085495655 0.0011541649449737716 -0.011068601159834967 -0.0022438784286719742 -0.011240526655127467 -0.0025459090362625427
leaf_weight=169664 283289 628213 788701 205246 245484 382263 1307456 117396 35350 761202 308916 1163440 100949 106585 3798662 546379 1078396 518104 571526 1172062 272055 56916 36746 176763 2215259 434069 36330 117243 35952 64321
leaf_count=169664 283289 628213 788701 205246 245484 382263 1307456 117396 35350 761202 308916 1163440 100949 106585 3798662 546379 1078396 518104 571526 1172062 272055 56916 36746 176763 2215259 434069 36330 117243 35952 64321
internal_value=-8.15203e-13 -0.00465963 0.000708249 -0.000535031 -0.00318567 -0.000952046 -0.000421126 -0.002226 -0.00102503 -0.00307967 0.00101485 0.000898065 -0.00731257 -0.00672026 0.00107267 0.000748873 0.000464454 -0.00278776 0.000679381 0.000358563 -0.000916042 -0.0023973 -0.00239833 -0.00426006 0.000667383 -0.000104082 -0.00669198 -0.0043315 -0.0020029 -0.00566329
internal_weight=1.77349e+07 2.33998e+06 1.5395e+07 3.04549e+06 1.50424e+06 2.7622e+06 2.38019e+06 1.181e+06 1.99793e+06 935514 1.23495e+07 1.15608e+07 835747 734798 1.05457e+07 6.74706e+06 5.58362e+06 690473 5.03724e+06 3.95885e+06 1.01504e+06 818118 655123 382009 3.38732e+06 742985 323237 153573 618377 100273
internal_count=17734937 2339982 15394955 3045490 1504235 2762201 2380192 1180998 1997929 935514 12349465 11560764 835747 734798 10545724 6747062 5583622 690473 5037243 3958847 1015040 818118 655123 382009 3387321 742985 323237 153573 618377 100273
is_linear=0
shrinkage=0.1


Tree=23
num_leaves=31
num_cat=0
split_feature=0 0 2 8 4 8 1 0 7 3 9 7 1 0 1 0 2 1 3 2 8 1 0 8 5 1 7 8 1 3
split_gain=4858.76 982.264 475.545 378.662 298.163 296.338 279.789 474.777 273.357 233.666 269.375 229.819 288.392 194.134 255.671 279.345 184.809 181.176 165.964 230.792 198.934 163.105 259.468 159.756 155.891 154.712 149.338 147.72 145.413 144.181
threshold=8.5000000000000018 23.500000000000004 42.500000000000007 36605.000000000007 72549.000000000015 68551.000000000015 523.50000000000011 30.500000000000004 6603081.2500000009 84901.500000000015 57769.000000000007 23614000.000000004 36.500000000000007 99.500000000000014 660.50000000000011 36.500000000000007 53.500000000000007 203.50000000000003 68928.000000000015 54.500000000000007 35359.000000000007 815.50000000000011 44.500000000000007 96925.500000000015 73184.500000000015 614.50000000000011 10021824.500000002 63703.500000000007 27.500000000000004 96897.500000000015
decision_type=2 2 2 2 2 2 2 2 2 2 2 2 2 2 2 2 2 2 2 2 2 2 2 2 2 2 2 2 2 2
left_child=3 2 17 26 6 9 -3 25 -6 10 18 -5 -13 14 -9 -16 -11 -2 20 -20 -4 -17 -23 -10 -12 -8 -1 -14 -28 -7
right_child=1 4 5 11 8 29 7 13 23 16 24 12 27 -15 15 21 -18 -19 19 -21 -22 22 -24 -25 -26 -27 28 -29 -30 -31
leaf_value=-0.0046026171227182165 0.0042291503832136111 0.0031188941617254205 -0.00029526993712058878 -0.00788370891751374 -0.007559319283359546 -0.0091543066404955863 -0.00094702365086996206 0.00278959480759305 -0.00010142335305274445 0.0052409692059544131 -0.0067186764863363807 -0.0085097549552118346 -0.0018491284126364066 0.0014265772780473448 -0.002054567396596593 0.0020187468515015343 -0.0012405935826782736 -0.00015670874895210834 0.0045083077829275202 -0.0030537063167861505 -0.0039636765704205599 -0.001971076635724751 0.00061800806292261706 -0.011021483092420764 0.0031841839462316418 -0.0045170992133794835 -0.0091964569248006237 -0.005618055472799385 0.00090467664675508469 -0.0036279865130221969
leaf_weight=156139 108580 532220 240986 547330 72374 91327 397854 505414 263027 70703 187156 169830 221074 4594887 415369 739947 116438 710545 88050 74515 382403 413833 5985642 14116 17372 174682 15961 196361 133071 97731
leaf_count=156139 108580 532220 240986 547330 72374 91327 397854 505414 263027 70703 187156 169830 221074 4594887 415369 739947 116438 710545 88050 74515 382403 413833 5985642 14116 17372 174682 15961 196361 133071 97731
internal_value=4.55941e-13 0.000491999 -0.00148057 -0.00556841 0.000797587 -0.00262248 0.000870853 0.000780402 -0.00208675 -0.00203248 -0.00264477 -0.00640948 -0.0050355 0.000907832 0.000612111 0.000466438 0.00120818 0.000424664 -0.0018035 0.0010421 -0.00254557 0.000613109 0.00045058 -0.000657626 -0.00587756 -0.00203626 -0.00244141 -0.00362203 -0.000177133 -0.00629755
internal_weight=1.77349e+07 1.62952e+07 2.18581e+06 1.43977e+06 1.41094e+07 1.36668e+06 1.37598e+07 1.32276e+07 349517 1.17762e+06 990482 1.1346e+06 587265 1.26551e+07 8.0602e+06 7.55479e+06 187141 819125 785954 162565 623389 7.13942e+06 6.39948e+06 277143 204528 572536 305171 417435 149032 189058
internal_count=17734937 16295171 2185806 1439766 14109365 1366681 13759848 13227628 349517 1177623 990482 1134595 587265 12655092 8060205 7554791 187141 819125 785954 162565 623389 7139422 6399475 277143 204528 572536 305171 417435 149032 189058
is_linear=0
shrinkage=0.1


Tree=24
num_leaves=31
num_cat=0
split_feature=0 0 1 8 0 1 0 0 1 7 1 0 8 0 8 2 4 7 8 9 2 3 9 7 8 7 1 7 3 8
split_gain=3956.04 548.942 524.275 500.467 350.02 405.829 271.213 256.154 403.689 255.211 237.376 390.751 195.785 182.704 216.276 179.121 175.425 160.028 158.791 156.946 151.774 235.17 196.458 159.774 150.316 148.752 145.901 143.102 136.398 153.31
threshold=11.500000000000002 27.500000000000004 276.50000000000006 35518.500000000007 15.500000000000002 367.50000000000006 3.5000000000000004 19.500000000000004 459.50000000000006 4151546.2500000005 605.50000000000011 34.500000000000007 79513.500000000015 95.500000000000014 69305.500000000015 38.500000000000007 9434.0000000000018 13050816.500000002 60285.000000000007 38916.500000000007 45.500000000000007 96402.000000000015 81930.000000000015 11305400.000000002 79513.500000000015 6727579.0000000009 696.50000000000011 26906340.000000004 83386.000000000015 55326.500000000007
decision_type=2 2 2 2 2 2 2 2 2 2 2 2 2 2 2 2 2 2 2 2 2 2 2 2 2 2 2 2 2 2
left_child=3 2 -2 16 -4 -6 27 -7 -9 -8 -3 26 15 14 17 -11 -1 19 -10 -13 -16 -22 -23 24 -24 -18 -12 -5 29 -21
right_child=1 10 4 6 5 7 9 8 18 12 11 13 -14 -15 20 -17 25 -19 -20 28 21 22 23 -25 -26 -27 -28 -29 -30 -31
leaf_value=0.0043541353787236057 0.0032043753257777054 0.0026319717059296831 -0.0042139798150803561 -0.0090527405019029186 0.0023757335413926422 -0.004156861775915211 -0.0099602465528533593 0.001980797901258984 -0.0013493227916306976 -0.0013782053577411197 -0.00086501764713385577 0.0011265788985850625 -0.0087300087630586016 0.0012339312394323847 0.0017598658287238387 -0.0044185720513207965 -0.0045043348385525438 0.0012255937086190329 -0.0048453842284623544 -4.8188593254291931e-05 -0.0046256726283078866 0.0018043262696254216 -0.042932653363807735 -0.0015996162223825628 -0.0087581682051888089 -0.00026695381897746452 -0.0044168062800586669 -0.0056875183593269058 0.0016046889806193843 -0.0019762183513454003
leaf_weight=50440 271823 644017 378657 201801 316489 304227 69939 336732 500096 314689 372540 1281978 70844 5162011 130170 504305 137929 2654657 175514 1732503 211199 181761 1365 98883 22543 207444 167725 338022 353360 541274
leaf_count=50440 271823 644017 378657 201801 316489 304227 69939 336732 500096 314689 372540 1281978 70844 5162011 130170 504305 137929 2654657 175514 1732503 211199 181761 1365 98883 22543 207444 167725 338022 353360 541274
internal_value=2.86858e-12 0.00051665 -0.000917695 -0.00431752 -0.00147467 -0.000839506 -0.00515234 -0.00161241 -0.000847763 -0.00414377 0.000758268 0.000664813 -0.00368661 0.000779772 0.000454602 -0.00325035 -0.00115467 0.000626416 -0.00225755 0.000219518 -0.00129135 -0.00206145 -0.000283226 -0.00337332 -0.0107093 -0.0019592 -0.00196767 -0.00694553 -0.000223106 -0.000507157
internal_weight=1.77349e+07 1.58395e+07 2.28354e+06 1.89541e+06 2.01172e+06 1.63306e+06 1.4996e+06 1.31657e+06 1.01234e+06 959777 1.3556e+07 1.2912e+07 889838 1.23717e+07 7.20969e+06 818994 395813 6.56377e+06 675610 3.90912e+06 645921 515751 304552 122791 23908 345373 540265 539823 2.62714e+06 2.27378e+06
internal_count=17734937 15839524 2283538 1895413 2011715 1633058 1499600 1316569 1012342 959777 13555986 12911969 889838 12371704 7209693 818994 395813 6563772 675610 3909115 645921 515751 304552 122791 23908 345373 540265 539823 2627137 2273777
is_linear=0
shrinkage=0.1


Tree=25
num_leaves=31
num_cat=0
split_feature=0 0 2 8 7 2 8 3 8 8 4 1 7 3 8 3 2 3 2 8 6 7 3 2 3 0 7 3 9 5
split_gain=3261.27 645.871 404.566 284.729 277.089 242.631 264.414 239.87 285.659 224.978 203.922 199.354 237.691 198.862 192.123 235.222 177.707 177.448 227.769 245.646 175.183 204.719 162.332 157.095 156.242 151.318 145.062 143.813 182.3 158.013
threshold=8.5000000000000018 24.500000000000004 47.500000000000007 56632.000000000007 24319655.000000004 43.500000000000007 78603.500000000015 96897.500000000015 71741.500000000015 72138.500000000015 36186.000000000007 45.500000000000007 29628218.000000004 107588.00000000001 67051.000000000015 98695.000000000015 37.500000000000007 61798.000000000007 57.500000000000007 58201.500000000007 94227.750000000015 14261947.500000002 112286.00000000001 58.500000000000007 74957.000000000015 43.500000000000007 30259644.000000004 80887.000000000015 58151.500000000007 58981.500000000007
decision_type=2 2 2 2 2 2 2 2 2 2 2 2 2 2 2 2 2 2 2 2 2 2 2 2 2 2 2 2 2 2
left_child=3 2 4 11 9 -3 7 8 10 16 -7 -1 -13 -8 15 23 -2 25 27 -20 -15 -22 -16 -4 -21 -12 -5 28 -19 -30
right_child=1 5 14 26 -6 6 13 -9 -10 -11 17 12 -14 20 22 -17 -18 18 19 24 21 -23 -24 -25 -26 -27 -28 -29 29 -31
leaf_value=-0.0069965583467276873 0.0015029997764802799 0.0013157199087632761 -0.001755553393529603 -0.0076677429221360871 0.0024912384462052709 0.0010600767376569048 -0.0057669079993284888 0.0020430534382465879 -0.0031184421932314785 -0.0070674522342559836 -0.0032950875810684845 -0.0036280386185532408 0.00088824250298158696 0.0011435107938047677 -0.0074623504966436676 0.004661168336518846 -0.0014040179680374163 0.0013604839578842528 0.00036663780584377859 -0.0076578407079803835 -0.031245534819831368 -0.0044663277218072615 0.00027004083961626468 -0.0052862338535225612 -0.0017343499137111086 -0.0004697690079718011 -0.0046590182367390069 0.0021723006061560835 -0.047531368839392574 -0.0006300092633315128
leaf_weight=123456 307396 4019074 595433 313798 330611 3134872 117563 894246 234631 54862 228502 525273 149758 134082 128747 48793 665644 1029665 997635 48776 3220 25164 34406 159854 511402 1112409 327481 708299 719 769166
leaf_count=123456 307396 4019074 595433 313798 330611 3134872 117563 894246 234631 54862 228502 525273 149758 134082 128747 48793 665644 1029665 997635 48776 3220 25164 34406 159854 511402 1112409 327481 708299 719 769166
internal_value=1.4873e-12 0.000403084 -0.00113986 -0.00456207 -2.69881e-05 0.000659967 0.0003951 0.000482821 0.000323839 -0.000836942 0.000418398 -0.00330182 -0.00262609 -0.0026342 -0.00270294 -0.00206809 -0.000485653 4.63356e-05 0.000375345 -0.00057433 -0.00036732 -0.00750427 -0.00583173 -0.00250281 -0.00225012 -0.000951226 -0.00613128 0.000965259 0.00049017 -0.000673811
internal_weight=1.77349e+07 1.62952e+07 2.32575e+06 1.43977e+06 1.35851e+06 1.39694e+07 9.95035e+06 9.67032e+06 8.77608e+06 1.0279e+06 8.54144e+06 798487 675031 280029 967233 804080 973040 5.40657e+06 4.06566e+06 1.55781e+06 162466 28384 163153 755287 560178 1.34091e+06 641279 2.50785e+06 1.79955e+06 769885
internal_count=17734937 16295171 2325746 1439766 1358513 13969425 9950351 9670322 8776076 1027902 8541445 798487 675031 280029 967233 804080 973040 5406573 4065662 1557813 162466 28384 163153 755287 560178 1340911 641279 2507849 1799550 769885
is_linear=0
shrinkage=0.1


Tree=26
num_leaves=31
num_cat=0
split_feature=0 8 0 2 8 3 3 8 2 3 7 10 0 3 8 0 2 7 1 6 8 3 7 4 3 3 8 1 0 3
split_gain=2652.42 555.109 307.704 270.942 265.19 383.853 291.859 284.662 261.579 222.211 220.583 242.983 202.596 194.712 188.118 220.201 216.045 179.614 171.924 170.541 168.478 168.427 159.433 154.836 195.847 139.564 153.349 138.454 138.363 130.827
threshold=16.500000000000004 60285.000000000007 5.5000000000000009 56.500000000000007 80653.500000000015 104177.00000000001 109141.50000000001 58201.500000000007 40.500000000000007 74957.000000000015 14117416.500000002 73602.500000000015 33.500000000000007 80460.000000000015 38644.500000000007 51.500000000000007 37.500000000000007 13050816.500000002 27.500000000000004 71606.250000000015 49943.000000000007 32975.500000000007 7979648.2500000009 79871.500000000015 96897.500000000015 81190.500000000015 44635.500000000007 376.50000000000006 76.500000000000014 55457.000000000007
decision_type=2 2 2 2 2 2 2 2 2 2 2 2 2 2 2 2 2 2 2 2 2 2 2 2 2 2 2 2 2 2
left_child=1 2 17 10 6 -6 7 25 22 20 11 13 -9 14 -2 16 -16 -1 -19 -13 29 -20 -4 24 -3 26 -5 -12 -21 -10
right_child=3 23 8 4 5 -7 -8 12 9 -11 27 19 -14 -15 15 -17 -18 18 21 28 -22 -23 -24 -25 -26 -27 -28 -29 -30 -31
leaf_value=-0.0062011214977704607 0.0010049691003660985 -0.0052611942252934318 -0.0014441774983239817 0.00081284413024546118 -0.025609457249530905 -0.0034689331248972661 0.0029148017323898509 -0.0056107337791127853 -0.0035513749649454074 0.0011907266353453141 0.0045437098001258978 -0.025772215296394115 -0.0012133848541083098 0.0028558510581744067 0.0026162491788331091 0.00045622606100809908 -0.0017657234685182722 -0.0074818100032115102 0.00598339959141766 -0.0040164718276499336 -0.0063031223522813764 -0.0022753451855382577 0.0021919759016144698 -0.0086528640972783413 -0.00086467833323069132 0.0016848461782840104 -0.001056082855872973 0.0012116595418315234 0.00028050748326908809 -6.0531494713799156e-05
leaf_weight=209351 2850743 615779 203450 846621 8711 77468 296256 117339 282606 149211 128458 3077 978362 341645 127209 2332491 973965 57521 27273 168970 130278 261087 296063 104385 121276 537554 911936 4268071 134654 173127
leaf_count=209351 2850743 615779 203450 846621 8711 77468 296256 117339 282606 149211 128458 3077 978362 341645 127209 2332491 973965 57521 27273 168970 130278 261087 296063 104385 121276 537554 911936 4268071 134654 173127
internal_value=1.10334e-12 -0.00292989 -0.00193407 0.000510459 -0.000223353 -0.0057069 -9.52188e-05 -0.000358127 -0.00105485 -0.00225457 0.000754922 0.000403534 -0.0016843 0.000530904 0.000404511 -9.40101e-05 -0.00125951 -0.00388928 -0.00248999 -0.00234819 -0.00313181 -0.00149424 0.000710983 -0.00504828 -0.00453779 0.00027472 -0.000156327 0.00130902 -0.00211081 -0.00222525
internal_weight=1.77349e+07 2.63141e+06 1.78997e+06 1.51035e+07 3.77425e+06 86179 3.68807e+06 3.39181e+06 1.23474e+06 735222 1.13293e+07 6.93275e+06 1.0957e+06 6.62605e+06 6.28441e+06 3.43366e+06 1.10117e+06 555232 345881 306701 586011 288360 499513 841440 737055 2.29611e+06 1.75856e+06 4.39653e+06 303624 455733
internal_count=17734937 2631407 1789967 15103530 3774247 86179 3688068 3391812 1234735 735222 11329283 6932754 1095701 6626053 6284408 3433665 1101174 555232 345881 306701 586011 288360 499513 841440 737055 2296111 1758557 4396529 303624 455733
is_linear=0
shrinkage=0.1


Tree=27
num_leaves=31
num_cat=0
split_feature=0 0 1 8 8 1 0 1 0 7 1 0 1 0 0 7 2 3 3 7 9 0 1 0 1 0 3 8 1 8
split_gain=2188.54 449.924 386.344 237.376 228.818 226.699 307.792 208.138 207.651 186.571 183.365 282.179 168.126 167.068 159.698 156.427 142.44 215.727 148.704 141.048 134.509 127.315 175.452 228.086 139.571 201.289 118.07 117.677 115.544 112.426
threshold=8.5000000000000018 20.500000000000004 222.50000000000003 28905.500000000004 62631.500000000007 450.50000000000006 29.500000000000004 550.50000000000011 24.500000000000004 3750952.1250000005 641.50000000000011 39.500000000000007 760.50000000000011 2.5000000000000004 33.500000000000007 30259644.000000004 53.500000000000007 74957.000000000015 98695.000000000015 11065047.500000002 60979.500000000007 110.50000000000001 879.50000000000011 48.500000000000007 1080.5000000000002 56.500000000000007 65907.500000000015 58433.000000000007 1987.5000000000002 42640.500000000007
decision_type=2 2 2 2 2 2 2 2 2 2 2 2 2 2 2 2 2 2 2 2 2 2 2 2 2 2 2 2 2 2
left_child=3 2 -2 -1 16 -3 7 8 -7 -5 26 12 14 -11 -12 20 17 29 -18 -6 -15 22 -13 -24 -25 -26 -8 -9 -27 -4
right_child=1 5 4 9 19 6 10 27 -10 13 11 21 -14 15 -16 -17 18 -19 -20 -21 -22 -23 23 24 25 28 -28 -29 -30 -31
leaf_value=-0.0002421245031803325 0.0022449073236996925 0.0028689615597558274 -6.2948395146100026e-05 -0.010329895749132963 -0.0074494020451285978 -0.0018406581948930138 0.0014299999929907334 -0.0019114761970004054 0.002047615021118371 -0.0055593222743678837 -0.0022867687903014608 0.0016571697751302007 -0.0032539266658332651 -0.0027867989451785162 0.0011036101018585169 -0.00093195525484534832 -0.0041312203824739498 0.0038067975031719397 0.0055564923241909914 -0.0028209112601100504 -0.0059736508700314467 0.0011269749982013753 -0.001892886291882597 0.0014381658617103922 -0.0025160082665786174 0.00045271355525589935 0.0046153766940553549 -0.0056984525220747442 -0.0012435157800372348 -0.0023700287360430288
leaf_weight=171214 277885 397365 448375 47916 94644 302556 425932 257167 251532 428495 234448 986636 283202 343483 341015 233099 212997 97956 17118 216335 215559 3471152 470645 1059368 262501 5070252 160103 120506 436129 399352
leaf_count=171214 277885 397365 448375 47916 94644 302556 425932 257167 251532 428495 234448 986636 283202 343483 341015 233099 212997 97956 17118 216335 215559 3471152 470645 1059368 262501 5070252 160103 120506 436129 399352
internal_value=9.85148e-13 0.000330202 -0.00117762 -0.0037372 -0.0018173 0.00051332 0.000447089 -0.00130949 -7.55502e-05 -0.00420892 0.000571069 0.000490742 -0.00125928 -0.00396865 -0.000277656 -0.0031082 -0.0011793 -0.000636367 -0.00341056 -0.00422956 -0.00401561 0.000618557 0.00040556 0.000236372 0.000383133 0.000189393 0.00230024 -0.00311981 0.000318365 -0.00114978
internal_weight=1.77349e+07 1.62952e+07 1.76466e+06 1.43977e+06 1.48678e+06 1.45305e+07 1.41331e+07 931761 554088 1.26855e+06 1.32014e+07 1.26153e+07 858665 1.22064e+06 575463 792141 1.1758e+06 945683 230115 310979 559042 1.17567e+07 8.28553e+06 7.2989e+06 6.82825e+06 5.76888e+06 586035 377673 5.50638e+06 847727
internal_count=17734937 16295171 1764662 1439766 1486777 14530509 14133144 931761 554088 1268552 13201383 12615348 858665 1220636 575463 792141 1175798 945683 230115 310979 559042 11756683 8285531 7298895 6828250 5768882 586035 377673 5506381 847727
is_linear=0
shrinkage=0.1


Tree=28
num_leaves=31
num_cat=0
split_feature=0 8 8 1 0 7 3 7 1 1 0 1 7 0 3 8 2 0 8 3 0 8 4 7 7 4 3 7 3 2
split_gain=1810.52 341.745 258.545 232.969 405.078 224.333 221.082 201.743 184.048 182.419 283.181 160.07 158.842 157.832 157.285 213.756 273.128 162.658 141.814 187.246 173.359 133.555 131.657 135.056 115.873 183.176 113.216 112.543 130.529 111.759
threshold=12.500000000000002 35761.000000000007 78603.500000000015 285.50000000000006 18.500000000000004 4932801.0000000009 96897.500000000015 5365495.7500000009 63.500000000000007 414.50000000000006 22.500000000000004 340.50000000000006 28591103.000000004 14.500000000000002 96897.500000000015 54635.000000000007 53.500000000000007 107.50000000000001 96925.500000000015 112286.00000000001 44.500000000000007 69592.000000000015 9434.0000000000018 2090565.6875000002 12713539.000000002 46842.500000000007 55214.500000000007 49126662.000000007 128820.50000000001 64.500000000000014
decision_type=2 2 2 2 2 2 2 2 2 2 2 2 2 2 2 2 2 2 2 2 2 2 2 2 2 2 2 2 2 2
left_child=1 22 3 -2 11 6 -4 -3 -9 26 -11 13 21 -5 15 -12 24 -18 19 20 -7 -10 -1 -24 25 -17 -6 28 -20 -16
right_child=2 7 5 4 9 18 -8 8 12 10 14 -13 -14 -15 29 16 17 -19 27 -21 -22 -23 23 -25 -26 -27 -28 -29 -30 -31
leaf_value=0.0042415550279827586 0.0036383671715946083 -0.0071065739824758938 -0.030605184761021399 -0.0028111593935540979 0.0013480318474370951 -0.0068631253404640939 -0.0060709717674508924 -0.0050856515517710699 -0.002675396335430283 -0.0024768528897261941 0.00066440711889014339 -0.0034837689193972492 -0.00076032200560710865 0.0017806095451845909 0.0026477057210617912 -0.027807798570419179 -0.0019855263483278172 0.0003502026090359453 -0.0074229968341393204 0.0018739605416922438 -0.00093741379252654244 -0.0061018015908959099 -0.0067918322278151992 -0.00038063333804886902 0.001205627803718823 -0.00023277140249529729 0.0051090867017627899 0.0089746190620864814 -0.027015420422423438 0.00039594767800999906
leaf_weight=55099 222869 139737 5155 139680 209639 75083 12775 362163 603229 325852 9348213 355693 359104 161304 562446 2415 1023939 420622 11650 125738 144164 140197 36276 348690 1075284 968529 129463 2675 4802 362452
leaf_count=55099 222869 139737 5155 139680 209639 75083 12775 362163 603229 325852 9348213 355693 359104 161304 562446 2415 1023939 420622 11650 125738 144164 140197 36276 348690 1075284 968529 129463 2675 4802 362452
internal_value=1.55285e-12 -0.00279905 0.000364722 0.000428849 0.000381433 -0.00220484 -0.0131247 -0.00347616 -0.0031298 0.00049198 0.000436819 -0.00204758 -0.00248734 -0.000350329 0.000505798 0.000415068 -0.000252655 -0.00130542 -0.00166711 -0.00120242 -0.00296672 -0.00332156 -0.000330401 -0.000984771 0.000490557 -0.000301358 0.00278393 -0.0100486 -0.0131416 0.00176528
internal_weight=1.77349e+07 2.0445e+06 1.56904e+07 1.53084e+07 1.50855e+07 382042 17930 1.60443e+06 1.46469e+06 1.44289e+07 1.40898e+07 656677 1.10253e+06 300984 1.37639e+07 1.2839e+07 3.49079e+06 1.44456e+06 364112 344985 219247 743426 440065 384966 2.04623e+06 970944 339102 19127 16452 924898
internal_count=17734937 2044495 15690442 15308400 15085531 382042 17930 1604430 1464693 14428854 14089752 656677 1102530 300984 13763900 12839002 3490789 1444561 364112 344985 219247 743426 440065 384966 2046228 970944 339102 19127 16452 924898
is_linear=0
shrinkage=0.1


Tree=29
num_leaves=31
num_cat=0
split_feature=0 0 2 7 8 8 3 9 7 1 0 8 3 8 6 0 2 3 9 9 2 3 1 7 2 9 3 0 1 0
split_gain=1485.97 262.067 331.588 229.118 188.404 174.27 240.168 207.031 163.703 157.36 257.932 157.096 154.971 171.092 154.8 145.484 163.666 141.216 186.916 137.327 150.207 148.73 132.014 128.73 127.676 141.51 117.819 112.134 171.303 113.707
threshold=9.5000000000000018 31.500000000000004 48.500000000000007 12713539.000000002 25970.000000000004 67051.000000000015 84901.500000000015 57769.000000000007 3669979.1250000005 696.50000000000011 39.500000000000007 62216.000000000007 112286.00000000001 91203.500000000015 100679.25000000001 2.5000000000000004 44.500000000000007 69761.000000000015 48329.000000000007 79665.000000000015 62.500000000000007 96897.500000000015 222.50000000000003 38386876.000000007 54.500000000000007 49333.000000000007 54503.500000000007 89.500000000000014 1491.5000000000002 69.500000000000014
decision_type=2 2 2 2 2 2 2 2 2 2 2 2 2 2 2 2 2 2 2 2 2 2 2 2 2 2 2 2 2 2
left_child=4 2 3 11 -1 6 7 17 -6 26 -11 -2 19 -14 22 -10 23 18 -4 20 21 -7 -5 -17 -19 -26 -3 28 29 -12
right_child=1 9 5 14 8 12 -8 -9 15 10 27 -13 13 -15 -16 16 -18 24 -20 -21 -22 -23 -24 -25 25 -27 -28 -29 -30 -31
leaf_value=0.00047797435071664229 -0.00025531136516842949 0.0008585425391652526 -0.0010925525215299927 0.0060424096985331891 -0.0082747693581393996 -0.0055578204525462849 0.0016474915198389601 -0.0053147670071360667 -0.004543978285301847 -0.001713398432393853 0.00012130618352055724 -0.0043336595411717135 0.0030806215603809126 -0.01499328500339488 -0.022283523001320527 -0.0022781121190163216 -0.00471883092228308 0.0045194139564481359 -0.0056282975958200886 -0.011050426978062383 -0.013965243655520827 0.0021733985754807707 0.0012783827438798557 0.0010542190626149244 0.0039765224000300912 -0.0033144870051764921 0.0033126312277058098 0.00080450789335128811 -0.0010271415728255301 0.0011964986577744365
leaf_weight=148519 903834 495730 391573 62983 62344 75609 226433 155567 437448 553886 3451344 105470 40250 6021 2713 578718 221182 68091 118305 38488 14089 37089 760600 144966 39798 80395 323157 5842364 972348 1375623
leaf_count=148519 903834 495730 391573 62983 62344 75609 226433 155567 437448 553886 3451344 105470 40250 6021 2713 578718 221182 68091 118305 38488 14089 37089 760600 144966 39798 80395 323157 5842364 972348 1375623
internal_value=1.50433e-12 0.000287573 -0.000534402 0.000329386 -0.00291363 -0.0017619 -0.00124787 -0.00201581 -0.00326231 0.000485089 0.000394985 -0.00068149 -0.00438655 0.00072876 0.00156415 -0.00303624 -0.00233819 -0.00128072 -0.00214496 -0.00581865 -0.00423047 -0.00301347 0.00164271 -0.00161059 0.00105968 -0.000900307 0.001827 0.000495297 0.000183791 0.000427722
internal_weight=1.77349e+07 1.61418e+07 3.12731e+06 1.8356e+06 1.59318e+06 1.29171e+06 1.08016e+06 853729 1.44466e+06 1.30145e+07 1.21956e+07 1.0093e+06 211546 46271 826296 1.38231e+06 944866 698162 509878 165275 126787 112698 823583 723684 188284 120193 818887 1.16417e+07 5.79932e+06 4.82697e+06
internal_count=17734937 16141760 3127308 1835600 1593177 1291708 1080162 853729 1444658 13014452 12195565 1009304 211546 46271 826296 1382314 944866 698162 509878 165275 126787 112698 823583 723684 188284 120193 818887 11641679 5799315 4826967
is_linear=0
shrinkage=0.1


Tree=30
num_leaves=31
num_cat=0
split_feature=0 8 3 1 0 4 1 0 7 1 0 2 1 2 2 1 9 3 7 10 4 3 4 7 4 8 3 8 5 3
split_gain=1223.04 292.829 230.938 211.778 340.506 169.822 165.725 254.696 156.157 148.127 176.075 137.263 131.423 135.841 125.477 123.358 120.665 127.275 121.085 179.241 315.687 211.806 120.462 119.381 124.46 116.618 149.464 161.782 192.082 144.988
threshold=13.500000000000002 45491.000000000007 55457.000000000007 303.50000000000006 20.500000000000004 12138.500000000002 468.50000000000006 26.500000000000004 3669979.1250000005 423.50000000000006 16.500000000000004 43.500000000000007 63.500000000000007 32.500000000000007 58.500000000000007 541.50000000000011 101476.00000000001 128820.50000000001 11460288.000000002 73602.500000000015 66243.000000000015 98695.000000000015 76457.000000000015 4774049.0000000009 69997.500000000015 80653.500000000015 109141.50000000001 68941.000000000015 73184.500000000015 104177.00000000001
decision_type=2 2 2 2 2 2 2 2 2 2 2 2 2 2 2 2 2 2 2 2 2 2 2 2 2 2 2 2 2 2
left_child=1 2 5 -2 9 -1 -6 15 -3 10 -5 12 -7 -14 16 -8 18 -18 19 -9 21 -21 -10 24 -22 26 27 -16 -29 -27
right_child=3 8 -4 4 6 11 7 14 22 -11 -12 -13 13 -15 25 -17 17 -19 -20 20 23 -23 -24 -25 -26 29 -28 28 -30 -31
leaf_value=0.0025854039534953933 0.0033059020346745357 -0.0090969011131801832 0.0030178491787310573 -0.0029180592001396967 0.0022186138172743935 -0.0044805372498768481 -0.00081967393513049294 0.00036476945353589295 -0.0026058321836453222 -0.0045559797607664463 0.00036618846333466625 -0.0050913485515109626 0.0023907458388934925 -0.0016924429023885874 -9.2364635757378544e-05 -0.0042056101632757135 -0.0026787372861274902 -0.026575333483669923 0.00092688926896989309 -0.031934523590711132 0.0040694421347102104 0.0069590311626464259 -0.0057638044243465527 -0.00080530814836245765 -0.010489711376957454 -0.020490750053841478 0.0022211401263589926 -0.019777782479857509 -0.0024855667527481262 -0.0029568457640635876
leaf_weight=89872 232718 42416 136349 291911 473249 104725 329446 5550757 1171100 150605 370336 120744 115336 277536 2287996 159787 7009 3268 4937247 5778 7548 1848 134682 184066 26437 5087 252897 6645 192874 64668
leaf_count=89872 232718 42416 136349 291911 473249 104725 329446 5550757 1171100 150605 370336 120744 115336 277536 2287996 159787 7009 3268 4937247 5778 7548 1848 134682 184066 26437 5087 252897 6645 192874 64668
internal_value=2.70714e-12 -0.00221088 -0.000750818 0.000311921 0.00026641 -0.00147638 0.000378085 0.000315972 -0.00312552 -0.00172523 -0.00108147 -0.00206674 -0.0013328 -0.000493735 0.000396999 -0.00192554 0.000552866 -0.0102777 0.000563256 0.00025245 -0.00251017 -0.0225095 -0.00293155 -0.00181072 -0.00725615 -0.000197812 -9.50349e-05 -0.000330512 -0.00306149 -0.00423554
internal_weight=1.77349e+07 2.19276e+06 844562 1.55422e+07 1.53095e+07 708213 1.44966e+07 1.40234e+07 1.3482e+06 812852 662247 618341 497597 392872 1.35341e+07 489233 1.0724e+07 10277 1.07137e+07 5.77643e+06 225677 7626 1.30578e+06 218051 33985 2.81017e+06 2.74041e+06 2.48752e+06 199519 69755
internal_count=17734937 2192760 844562 15542177 15309459 708213 14496607 14023358 1348198 812852 662247 618341 497597 392872 13534125 489233 10723958 10277 10713681 5776434 225677 7626 1305782 218051 33985 2810167 2740412 2487515 199519 69755
is_linear=0
shrinkage=0.1


Tree=31
num_leaves=31
num_cat=0
split_feature=0 8 3 8 2 0 3 2 8 3 7 0 2 2 0 7 0 9 3 6 3 0 6 3 7 2 2 3 3 9
split_gain=1033.68 224.622 200.593 274.584 246.459 340.733 184.947 186.096 180.872 180.85 174.227 172.226 145.595 144.95 193.754 143.666 176.006 143.061 232.886 169.293 164.586 127.872 152.427 197.678 122.816 118.107 117.369 112.925 111.384 111.554
threshold=7.5000000000000009 78603.500000000015 96897.500000000015 54635.000000000007 53.500000000000007 32.500000000000007 83755.000000000015 37.500000000000007 74849.500000000015 73144.000000000015 5006913.2500000009 20.500000000000004 64.500000000000014 43.500000000000007 40.500000000000007 34853286.000000007 1.0000000180025095e-35 48666.500000000007 58757.500000000007 40475.201171875007 64882.000000000007 76.500000000000014 100679.25000000001 112286.00000000001 3100419.6250000005 60.500000000000007 43.500000000000007 32975.500000000007 82247.000000000015 68141.000000000015
decision_type=2 2 2 2 2 2 2 2 2 2 2 2 2 2 2 2 2 2 2 2 2 2 2 2 2 2 2 2 2 2
left_child=15 2 3 9 6 28 7 -5 -8 13 -3 -9 -4 -2 17 -1 -17 18 19 -15 24 22 23 26 -19 -22 -12 -18 -6 -30
right_child=1 10 12 4 5 -7 8 11 -10 -11 21 -13 -14 14 -16 16 27 20 -20 -21 25 -23 -24 -25 -26 -27 -28 -29 29 -31
leaf_value=-0.0034969559007696736 0.00075823828059796777 -0.010751805849119733 0.0025183548633465462 0.0019010776273924012 -0.008267969857126212 -0.0009238453446426243 0.0022785793112502402 -0.0032851899199253147 -0.0029852195021606047 0.0015527809591818365 -0.0003101970946250475 -0.00038264256950852361 7.3896537756289543e-05 -0.00037989373794525619 0.00030737655219764351 -0.0048969063538706666 0.0083343339392450821 -0.013045377815251655 0.0022804100880999298 -0.0036550202878479227 0.00035588528494071795 0.00059677621647959568 -0.014185129822820625 0.0017270039937093838 -0.0039733495505459805 -0.007562030818503037 -0.0063963665498437058 -0.00056071903067326536 -0.0013228377367708558 -0.0073156229361832836
leaf_weight=843564 3939766 21926 657680 300040 77266 1338178 524360 239585 74561 1290933 45274 1393105 387055 590797 4248634 102583 14932 16285 242362 215360 162692 159286 11721 74472 178378 21306 105572 323034 85418 48812
leaf_count=843564 3939766 21926 657680 300040 77266 1338178 524360 239585 74561 1290933 45274 1393105 387055 590797 4248634 102583 14932 16285 242362 215360 162692 159286 11721 74472 178378 21306 105572 323034 85418 48812
internal_value=1.16595e-12 0.000213298 0.000272981 0.000179593 -0.000520105 -0.00151334 8.78757e-05 -0.00038792 0.00162328 0.000441427 -0.00207449 -0.00080857 0.00161273 0.000292223 -3.12535e-05 -0.00273257 -0.00126892 -0.00103934 -0.000437665 -0.00125482 -0.00270537 -0.00159443 -0.00306689 -0.00248852 -0.00473229 -0.000560968 -0.0045697 -0.000167718 -0.00524321 -0.00350208
internal_weight=1.77349e+07 1.64508e+07 1.60326e+07 1.49878e+07 4.08132e+06 1.54967e+06 2.53165e+06 1.93273e+06 598921 1.09065e+07 418251 1.63269e+06 1.04474e+06 9.61558e+06 5.67581e+06 1.28411e+06 440549 1.42718e+06 1.04852e+06 806157 378661 396325 237039 225318 194663 183998 150846 337966 211496 134230
internal_count=17734937 16450824 16032573 14987838 4081325 1549674 2531651 1932730 598921 10906513 418251 1632690 1044735 9615580 5675814 1284113 440549 1427180 1048519 806157 378661 396325 237039 225318 194663 183998 150846 337966 211496 134230
is_linear=0
shrinkage=0.1


Tree=32
num_leaves=31
num_cat=0
split_feature=0 8 3 2 0 3 8 7 0 5 9 3 4 0 5 8 3 6 9 3 2 7 0 9 4 4 5 2 5 8
split_gain=837.284 201.778 207.984 186.689 273.625 200.873 173.581 172.981 160.926 263.449 157.174 151.273 153.058 139.629 136.594 137.623 151.429 129.673 123.45 178.133 118.419 118.237 145.248 112.516 110.807 191.612 110.657 108.46 113.993 108.093
threshold=7.5000000000000009 71337.000000000015 102198.50000000001 58.500000000000007 28.500000000000004 80887.000000000015 60285.000000000007 11460288.000000002 53.500000000000007 70848.000000000015 69746.000000000015 61023.500000000007 64936.500000000007 51.500000000000007 76558.000000000015 91203.500000000015 123088.00000000001 67549.101562500015 51967.500000000007 77924.000000000015 70.500000000000014 38386876.000000007 1.0000000180025095e-35 79665.000000000015 66243.000000000015 65802.000000000015 72864.500000000015 72.500000000000014 83268.500000000015 61710.500000000007
decision_type=2 2 2 2 2 2 2 2 2 2 2 2 2 2 2 2 2 2 2 2 2 2 2 2 2 2 2 2 2 2
left_child=21 2 3 5 17 6 -2 13 9 11 26 -8 -13 23 -9 16 -16 -5 -6 29 -18 -1 -23 27 25 -15 -11 28 -3 -20
right_child=1 7 -4 4 18 -7 8 14 -10 10 -12 12 -14 24 15 -17 20 -19 19 -21 -22 22 -24 -25 -26 -27 -28 -29 -30 -31
leaf_value=-0.0031068718675521163 0.00036388672355800301 -0.0035036365967646096 0.0025071902730407943 -0.0030888053874558994 0.00065045345125426405 0.001578633769260153 -0.017072586744082182 -0.0082885132073312676 9.8853078758775526e-05 0.00036588337437204504 -0.0029900389497309271 -0.0041139015962011619 -0.028126471324376307 -0.0064449266589194079 -0.00013336100653127444 -0.0052537441315766353 0.0069897631844908509 -0.011830102111420864 -0.0022368605812585133 -0.00010950628688148401 -0.0044165332853320109 -0.004352910405917506 5.2867288908079379e-05 -0.0091279887742505266 -0.00095321570138277097 -0.049428268590874402 0.0075760041957039547 -0.027114387019656502 0.01353080915081132 -0.008735461353932902
leaf_weight=882299 10280174 82057 411548 225906 939405 1267362 9955 20560 478707 55658 78847 195575 2691 7187 680322 47451 51957 18349 335499 901305 11035 99435 302379 50407 229495 1212 34468 1857 4126 27709
leaf_count=882299 10280174 82057 411548 225906 939405 1267362 9955 20560 478707 55658 78847 195575 2691 7187 680322 47451 51957 18349 335499 901305 11035 99435 302379 50407 229495 1212 34468 1857 4126 27709
internal_value=7.79913e-13 0.000191968 0.000289662 0.000228213 -0.000569823 0.000385728 0.000249967 -0.00106354 -0.00111831 -0.00266304 0.000270685 -0.00504379 -0.00443982 -0.00283552 -0.000241586 -3.23651e-05 0.000300953 -0.00374547 -0.000217873 -0.000862952 0.0049916 -0.00245931 -0.00103741 -0.00536043 -0.00136609 -0.0126475 0.00312334 -0.00320333 -0.00268811 -0.00273264
internal_weight=1.77349e+07 1.64508e+07 1.52632e+07 1.48516e+07 2.44817e+06 1.24034e+07 1.11361e+07 1.18767e+06 855901 377194 168973 208221 198266 376341 811325 790765 743314 244255 2.20392e+06 1.26451e+06 62992 1.28411e+06 401814 138447 237894 8399 90126 88040 86183 363208
internal_count=17734937 16450824 15263158 14851610 2448173 12403437 11136075 1187666 855901 377194 168973 208221 198266 376341 811325 790765 743314 244255 2203918 1264513 62992 1284113 401814 138447 237894 8399 90126 88040 86183 363208
is_linear=0
shrinkage=0.1


Tree=33
num_leaves=31
num_cat=0
split_feature=0 8 3 7 8 1 0 1 0 8 3 2 2 7 3 1 0 1 2 3 2 1 0 1 0 2 0 1 0 0
split_gain=704.363 243.086 222.878 182.039 157.664 153.579 224.698 137.034 213.149 132.712 153.011 125.511 121.296 120.447 106.132 103.7 191.925 102.886 98.7437 98.5385 93.8438 93.4127 182.095 94.8475 87.6318 100.121 87.2938 85.7151 209.747 86.0944
threshold=17.500000000000004 43355.500000000007 55457.000000000007 7135006.0000000009 20523.000000000004 404.50000000000006 22.500000000000004 514.50000000000011 28.500000000000004 74131.500000000015 88930.000000000015 47.500000000000007 51.500000000000007 2090565.6875000002 55214.500000000007 623.50000000000011 35.500000000000007 723.50000000000011 49.500000000000007 109141.50000000001 43.500000000000007 779.50000000000011 45.500000000000007 897.50000000000011 4.5000000000000009 33.500000000000007 5.5000000000000009 987.50000000000011 53.500000000000007 84.500000000000014
decision_type=2 2 2 2 2 2 2 2 2 2 2 2 2 2 2 2 2 2 2 2 2 2 2 2 2 2 2 2 2 2
left_child=1 2 4 -3 -1 14 -7 -8 -9 10 12 26 -5 -6 -2 -10 17 -17 -4 -13 24 -18 23 -23 -15 -26 -12 -24 -29 -30
right_child=5 3 18 9 13 6 7 8 15 -11 11 19 -14 20 -16 16 21 -19 -20 -21 -22 22 27 -25 25 -27 -28 28 29 -31
leaf_value=0.0021054051379846097 0.00087848819859384609 -0.0046907716059003063 0.0054799729031816133 -0.0013429582256275824 -0.0065156364277538133 -0.002069270411163531 0.0019861540967502918 -0.0019290829736892522 0.0017867271882509726 -0.0035389978213502767 0.00042607521121205212 -0.0017865313728638007 -0.0049727549081783999 -0.0023501196563603787 0.0041215301485826496 -0.00076177586127666079 0.001456073714538204 -0.0038790208702769989 0.00029563366052415784 0.0061981488743488872 -0.0032085677736634166 -0.00056333046409235397 0.0012674741787643397 -0.0031416056383514364 0.0033896766131737109 -0.00055645581097815472 0.0093088431528023322 -0.0020165970560491217 -5.6059690628404786e-05 0.00058082065916165756
leaf_weight=149183 257675 245806 88260 952966 44406 417605 457846 443476 452914 328910 17655 80863 101907 161552 165871 392870 692821 144943 62936 19108 163518 491985 951595 200963 87603 241663 29632 384298 3199956 6304151
leaf_count=149183 257675 245806 88260 952966 44406 417605 457846 443476 452914 328910 17655 80863 101907 161552 165871 392870 692821 144943 62936 19108 163518 491985 951595 200963 87603 241663 29632 384298 3199956 6304151
internal_value=3.08837e-13 -0.00146294 -0.000215017 -0.00216465 -0.000845708 0.000271481 0.000216786 0.000284407 0.000227369 -0.00175909 -0.00127209 0.00174749 -0.00169362 -0.00147578 0.00214854 0.000299728 0.000246963 -0.00160189 0.00332197 -0.000260376 -0.00113375 0.000328294 0.000260544 -0.00131106 -0.000442517 0.000493434 0.00599239 0.000361009 0.000273777 0.000366388
internal_weight=1.77349e+07 2.77597e+06 999121 1.77685e+06 847925 1.4959e+07 1.45354e+07 1.41178e+07 1.366e+07 1.53104e+06 1.20213e+06 147258 1.05487e+06 698742 423546 1.32165e+07 1.27636e+07 537813 151196 99971 654336 1.22258e+07 1.15329e+07 692948 490818 329266 47287 1.084e+07 9.8884e+06 9.50411e+06
internal_count=17734937 2775968 999121 1776847 847925 14958969 14535423 14117818 13659972 1531041 1202131 147258 1054873 698742 423546 13216496 12763582 537813 151196 99971 654336 12225769 11532948 692948 490818 329266 47287 10840000 9888405 9504107
is_linear=0
shrinkage=0.1


Tree=34
num_leaves=31
num_cat=0
split_feature=0 1 0 8 1 0 7 1 0 1 0 7 1 1 0 1 0 3 2 0 1 2 1 3 0 1 3 3 0 0
split_gain=592.56 203.917 260.745 142.436 138.466 194.112 122.881 119.639 164.806 127.823 184.898 118.393 109.497 106.552 105.165 99.5667 169.639 96.8744 95.5141 166.327 95.0844 91.4028 89.5864 83.2469 81.696 129.131 78.4334 78.0722 76.3232 73.9777
threshold=10.500000000000002 249.50000000000003 14.500000000000002 28658.000000000004 321.50000000000006 19.500000000000004 9167775.5000000019 441.50000000000006 25.500000000000004 569.50000000000011 32.500000000000007 6603081.2500000009 376.50000000000006 303.50000000000006 12.500000000000002 714.50000000000011 38.500000000000007 55214.500000000007 45.500000000000007 3.5000000000000004 532.50000000000011 30.500000000000004 650.50000000000011 64172.000000000007 102.50000000000001 1837.5000000000002 54722.500000000007 54722.500000000007 22.500000000000004 4.5000000000000009
decision_type=2 2 2 2 2 2 2 2 2 2 2 2 2 2 2 2 2 2 2 2 2 2 2 2 2 2 2 2 2 2
left_child=3 -2 13 11 17 12 29 27 20 26 22 -1 -6 14 -3 23 -17 -4 19 -8 28 -21 -11 -12 25 -18 -10 -7 -9 -5
right_child=1 2 4 6 5 7 18 8 9 10 15 -13 -14 -15 -16 16 24 -19 -20 21 -22 -23 -24 -25 -26 -27 -28 -29 -30 -31
leaf_value=-0.0017811120622295451 0.003213558329148119 -0.0029601697506600796 0.0010862890378980758 -0.0064194829109883896 -0.000236335971012393 0.00077555116895085859 -0.002495484146108071 -0.002222378117363409 0.00072829400606269396 -0.00064745455622075272 0.0007142869238010237 0.0029589979364435626 -0.0030764676193876231 -0.0045402458503319212 0.00094576002197963049 -0.0019010508499826995 0.00019869917499279658 0.005666379076743131 -0.0036924481987316371 0.0037873455317806561 -0.0039622504543191097 -0.0004377125692281924 -0.0033345672722150188 0.0031868646464495057 0.00063492356919285509 -0.0015087724728143407 0.0032709361027180427 0.0036674105066951922 0.00051895639289985457 -0.0029328247897951092
leaf_weight=101260 220126 150544 118658 82491 268087 221276 525494 194341 274004 352500 412997 109861 274982 141876 127155 363567 6848263 75606 189687 57837 123024 446389 191460 203142 4362830 473545 217717 161487 212740 231991
leaf_count=101260 220126 150544 118658 82491 268087 221276 525494 194341 274004 352500 412997 109861 274982 141876 127155 363567 6848263 75606 189687 57837 123024 446389 191460 203142 4362830 473545 217717 161487 212740 231991
internal_value=1.87442e-12 0.000190953 0.000148762 -0.00174975 0.000215988 0.000181985 -0.00208493 0.000250977 0.000204049 0.000270992 0.000212056 0.000685498 -0.00167443 -0.00231074 -0.00117169 0.000289597 0.000226189 0.00286882 -0.00163039 -0.00125054 -0.00152602 4.69207e-05 -0.00159325 0.0015295 0.000292378 8.82668e-05 0.00185409 0.00199562 -0.00078976 -0.0038474
internal_weight=1.77349e+07 1.59899e+07 1.57698e+07 1.74501e+06 1.53502e+07 1.5156e+07 1.53389e+06 1.46129e+07 1.42301e+07 1.37e+07 1.32083e+07 211121 543069 419575 277699 1.26643e+07 1.20482e+07 194264 1.21941e+06 1.02972e+06 530105 504226 543960 616139 1.16846e+07 7.32181e+06 491721 382763 407081 314482
internal_count=17734937 15989927 15769801 1745010 15350226 15155962 1533889 14612893 14230130 13700025 13208304 211121 543069 419575 277699 12664344 12048205 194264 1219407 1029720 530105 504226 543960 616139 11684638 7321808 491721 382763 407081 314482
is_linear=0
shrinkage=0.1


Tree=35
num_leaves=31
num_cat=0
split_feature=0 2 0 4 2 7 4 3 9 1 0 9 3 4 7 0 1 2 8 1 9 7 1 0 7 0 4 3 1 3
split_gain=489.077 160.915 177.439 142.101 136.046 138.442 112.925 109.952 132.092 102.493 149.299 100.073 216.042 108.859 98.9167 110.429 104.887 108.147 89.4534 88.2831 85.658 101.669 82.2195 136.43 81.5622 80.9515 79.8708 79.0661 78.5148 77.4551
threshold=7.5000000000000009 37.500000000000007 21.500000000000004 53083.000000000007 54.500000000000007 23984008.000000004 51169.500000000007 112286.00000000001 71816.500000000015 496.50000000000006 29.500000000000004 62415.000000000007 74957.000000000015 51828.500000000007 50594124.000000007 1.0000000180025095e-35 54.500000000000007 42.500000000000007 47315.500000000007 587.50000000000011 63281.500000000007 10021824.500000002 650.50000000000011 36.500000000000007 3361533.1250000005 24.500000000000004 78007.500000000015 63738.500000000007 176.50000000000003 61023.500000000007
decision_type=2 2 2 2 2 2 2 2 2 2 2 2 2 2 2 2 2 2 2 2 2 2 2 2 2 2 2 2 2 2
left_child=14 3 4 6 5 11 28 8 24 -4 19 12 -3 -13 16 -16 -1 18 27 25 21 -8 -12 -24 -6 -11 -5 -18 -2 -15
right_child=1 2 9 26 7 -7 20 -9 -10 10 22 13 -14 29 15 -17 17 -19 -20 -21 -22 -23 23 -25 -26 -27 -28 -29 -30 -31
leaf_value=-0.0044096890407472394 0.0046323730398761817 -0.0010148618508534553 0.0017204368990431042 0.0037003360890978266 -0.0078576372170027706 0.0012390005824367064 -0.011489840442084282 0.0031570367961823473 -0.0095788822661203449 -0.0025425753838167159 0.0015338467640788403 -0.023241265558076117 0.0056453976086094267 -0.020720081872410902 -0.0032442447440683142 0.00095523233490920744 -0.00013946050257506422 -0.0042173874819255519 -0.0022941868240117071 -0.0031588102095648617 -0.017801111198724063 0.0013224168151906408 -0.0015408215894490824 0.00020254427470847754 -0.0020504348038827007 0.00040313023679395356 -0.009403004402767659 0.011683610243781761 0.00067777658451229788 -0.0025417772490008992
leaf_weight=199805 51626 712586 404118 208474 26856 341429 9434 28602 30418 140913 433161 2622 52276 2370 89023 211103 264225 154143 360034 197525 4616 18031 468433 10756219 243223 276059 4758 5780 1824047 213028
leaf_count=199805 51626 712586 404118 208474 26856 341429 9434 28602 30418 140913 433161 2622 52276 2370 89023 211103 264225 154143 360034 197525 4616 18031 468433 10756219 243223 276059 4758 5780 1824047 213028
internal_value=1.80895e-12 0.000146717 2.63932e-05 0.000959653 -0.000947951 -0.000495761 0.000686004 -0.00276759 -0.00333151 0.000153479 0.00010188 -0.00109837 -0.000559653 -0.00298833 -0.0018796 -0.000290411 -0.00236432 -0.00184317 -0.00126231 -0.00141732 -0.00519686 -0.00307849 0.000181959 0.000129789 -0.00262789 -0.000592352 0.00340795 0.000113636 0.000786623 -0.00274179
internal_weight=1.77349e+07 1.64508e+07 1.43298e+07 2.12099e+06 1.65341e+06 1.32431e+06 1.90775e+06 329099 300497 1.26764e+07 1.22723e+07 982882 764862 218020 1.28411e+06 300126 983987 784182 630039 614497 32081 27465 1.16578e+07 1.12247e+07 270079 416972 213232 270005 1.87567e+06 215398
internal_count=17734937 16450824 14329838 2120986 1653410 1324311 1907754 329099 300497 12676428 12272310 982882 764862 218020 1284113 300126 983987 784182 630039 614497 32081 27465 11657813 11224652 270079 416972 213232 270005 1875673 215398
is_linear=0
shrinkage=0.1


Tree=36
num_leaves=31
num_cat=0
split_feature=0 1 0 8 1 0 7 1 0 7 1 0 1 2 9 3 0 10 3 3 6 3 5 7 7 3 10 3 8 6
split_gain=400.504 169.704 190.273 130.003 114.619 115.227 114.032 113.808 129.819 101.635 96.999 133.384 117.442 92.7843 130.45 115.621 104.502 144.086 234.807 159.946 115.285 143.337 141.554 110.09 103.118 130.177 216.752 138.545 138.98 368.4
threshold=11.500000000000002 267.50000000000006 16.500000000000004 28658.000000000004 321.50000000000006 13.500000000000002 2465328.7500000005 367.50000000000006 20.500000000000004 6603081.2500000009 240.50000000000003 8.5000000000000018 194.50000000000003 61.500000000000007 101476.00000000001 128820.50000000001 77.500000000000014 66992.500000000015 109141.50000000001 87260.000000000015 47426.298828125007 56027.500000000007 50588.000000000007 8597531.5000000019 21260667.000000004 104177.00000000001 73602.500000000015 79203.500000000015 61710.500000000007 61907.548828125007
decision_type=2 2 2 2 2 2 2 2 2 2 2 2 2 2 2 2 2 2 2 2 2 2 2 2 2 2 2 2 2 2
left_child=3 -2 4 9 5 -3 -5 -4 -9 -1 11 -8 -13 14 24 -16 17 19 -19 20 -15 -22 23 -23 25 26 27 28 -10 -30
right_child=1 2 7 6 -6 -7 10 8 13 -11 -12 12 -14 16 15 -17 -18 18 -20 -21 21 22 -24 -25 -26 -27 -28 -29 29 -31
leaf_value=-0.0013209069140849604 0.002905592708767266 -0.0023521350886882269 0.0022439653079926701 -0.0076043494849503696 -0.0032598885651564631 0.0015732033611664067 -0.0017538335270043171 -0.0016754031651002592 0.00017437652433305428 0.0028562951090346494 -0.0041551631322718505 0.0047137468701985395 -0.00043029203296487441 0.00030539047143303649 -0.0021077113869674108 -0.021687316584572833 0.0002241678536059629 -0.0054881018947314309 0.00063032126322498541 0.0020471132337105879 -0.044165644067405092 -0.013098596749190609 -0.0023501148721860078 -0.058784554267509115 0.00079076224220571097 0.0033513507645795966 -0.002040335062524701 0.0014552412679605942 -0.032649692124255857 -0.0014865623894124702
leaf_weight=112748 222670 148138 265572 31909 253763 151019 1253927 377448 7298903 120497 133097 58409 184826 207144 7617 4993 1109804 165936 100842 187435 839 6258 235882 576 3339753 124542 450996 807702 3833 367859
leaf_count=112748 222670 148138 265572 31909 253763 151019 1253927 377448 7298903 120497 133097 58409 184826 207144 7617 4993 1109804 165936 100842 187435 839 6258 235882 576 3339753 124542 450996 807702 3833 367859
internal_value=3.99647e-13 0.000164388 0.000125303 -0.00137375 -0.00169662 -0.000370565 -0.00168399 0.000192176 0.000155355 0.000837083 -0.00156811 -0.00133812 0.000804967 0.000203273 0.000305491 -0.00986037 -0.000426166 -0.00122375 -0.00317534 -0.000407869 -0.00142884 -0.0029038 -0.00276117 -0.0169492 0.000315834 0.000140644 9.58625e-05 0.000209496 7.83206e-05 -0.00180793
internal_weight=1.77349e+07 1.58395e+07 1.56169e+07 1.89541e+06 552920 299157 1.66217e+06 1.50639e+07 1.47984e+07 233245 1.63026e+06 1.49716e+06 243235 1.44209e+07 1.24062e+07 12610 2.01472e+06 904912 266778 638134 450699 243555 242716 6834 1.23936e+07 9.05384e+06 8.92929e+06 8.4783e+06 7.6706e+06 371692
internal_count=17734937 15839524 15616854 1895413 552920 299157 1662168 15063934 14798362 233245 1630259 1497162 243235 14420914 12406198 12610 2014716 904912 266778 638134 450699 243555 242716 6834 12393588 9053835 8929293 8478297 7670595 371692
is_linear=0
shrinkage=0.1


Tree=37
num_leaves=31
num_cat=0
split_feature=0 9 3 8 5 2 8 3 5 9 4 0 6 3 7 10 5 0 3 8 3 2 3 2 0 2 5 5 3 6
split_gain=340.34 171.538 193.822 185.919 155.527 153.667 152.377 168.878 149.413 185.422 160.135 175.383 169.017 147.985 179.14 163.831 136.815 134.046 130.67 125.465 154.059 127.93 164.031 125.315 124.222 123.094 120.438 114.025 113.123 105.418
threshold=5.5000000000000009 80948.500000000015 96897.500000000015 66731.500000000015 72267.500000000015 46.500000000000007 58433.000000000007 77304.500000000015 62841.500000000007 61167.500000000007 54290.500000000007 37.500000000000007 65486.800781250007 86380.500000000015 10934171.000000002 82030.500000000015 84649.500000000015 77.500000000000014 83386.000000000015 43700.500000000007 54722.500000000007 53.500000000000007 60762.500000000007 64.500000000000014 74.500000000000014 41.500000000000007 48977.000000000007 54696.500000000007 90674.000000000015 56270.800781250007
decision_type=2 2 2 2 2 2 2 2 2 2 2 2 2 2 2 2 2 2 2 2 2 2 2 2 2 2 2 2 2 2
left_child=-1 2 3 4 6 28 7 19 29 -10 11 12 -11 16 17 -16 -3 -15 25 20 -2 26 -23 -4 -7 -12 -21 -24 -5 -8
right_child=1 13 23 5 -6 24 8 -9 9 10 18 -13 -14 14 15 -17 -18 -19 -20 21 -22 22 27 -25 -26 -27 -28 -29 -30 -31
leaf_value=-0.0018241161792298234 0.00013157496387055948 -0.020979908165334047 0.002374413493184931 -0.0003108185928541832 0.0023355914109521514 -0.0035654327838509237 -0.024903105657110874 0.0013436114748581534 0.0025892778965605659 -0.0051483112004248504 0.0012912357748430441 -0.0012873904761849886 -0.023607308032243306 -0.0095228399140517353 -0.022985107101741502 -0.001093795872915666 0.0052977095207466657 -0.0013421658674311573 0.0012481206790558646 -0.0027480851983240329 0.0012976187841113385 -0.0038574905608880989 0.00057862280257195582 8.3076724319603823e-05 -0.00074700932530078227 -0.0019450231745927944 0.00017245917769619369 -0.0015676147240211002 0.0048834249223424723 -0.0039402355347213066
leaf_weight=967066 5336320 2086 626298 329795 322547 323752 2456 1236663 168598 105961 156872 267789 5204 52417 3451 364423 39493 32417 364718 148376 1438516 192743 423324 385663 302498 468652 2919482 596123 48035 103199
leaf_count=967066 5336320 2086 626298 329795 322547 323752 2456 1236663 168598 105961 156872 267789 5204 52417 3451 364423 39493 32417 364718 148376 1438516 192743 423324 385663 302498 468652 2919482 596123 48035 103199
internal_value=7.20403e-13 0.000105204 0.000160946 7.20792e-05 0.000164703 -0.00124314 0.000114455 0.00023537 -0.000789883 -0.000539957 -0.00092528 -0.00267347 -0.00601244 -0.00173004 -0.00225442 -0.00129916 0.00397937 -0.00639682 -0.000256269 0.000111395 0.000379164 -0.000312452 -0.0011822 0.00150117 -0.00220405 -0.00113342 3.1208e-05 -0.000676392 0.000349546 -0.00442753
internal_weight=1.77349e+07 1.67679e+07 1.62736e+07 1.52616e+07 1.42575e+07 1.00408e+06 1.3935e+07 1.22915e+07 1.64345e+06 1.53779e+06 1.3692e+06 378954 111165 494287 452708 367874 41579 84834 990242 1.10549e+07 6.77484e+06 4.28005e+06 1.21219e+06 1.01196e+06 626250 625524 3.06786e+06 1.01945e+06 377830 105655
internal_count=17734937 16767871 16273584 15261623 14257543 1004080 13934996 12291547 1643449 1537794 1369196 378954 111165 494287 452708 367874 41579 84834 990242 11054884 6774836 4280048 1212190 1011961 626250 625524 3067858 1019447 377830 105655
is_linear=0
shrinkage=0.1


Tree=38
num_leaves=31
num_cat=0
split_feature=0 1 0 4 7 8 2 7 4 8 3 1 0 9 3 3 3 7 5 8 3 9 7 0 8 5 9 3 2 7
split_gain=282.618 146.177 169.204 107.514 117.433 114.197 100.566 110.292 234.219 99.1595 130.077 102.178 98.0684 103.581 154.318 135.891 117.373 197.66 121.064 93.93 137.633 208.152 91.5714 92.2986 87.6171 110.261 85.8923 135.373 100.999 98.2278
threshold=10.500000000000002 249.50000000000003 13.500000000000002 4382.5000000000009 2033521.6875000002 21429.500000000004 58.500000000000007 4863112.7500000009 69997.500000000015 96925.500000000015 128820.50000000001 312.50000000000006 51.500000000000007 56677.000000000007 68522.000000000015 76304.000000000015 74023.000000000015 1056262.2500000002 58460.500000000007 85788.000000000015 109141.50000000001 74323.000000000015 1939083.5000000002 98.500000000000014 80653.500000000015 86983.500000000015 51967.500000000007 77924.000000000015 74.500000000000014 7309182.0000000009
decision_type=2 2 2 2 2 2 2 2 2 2 2 2 2 2 2 2 2 2 2 2 2 2 2 2 2 2 2 2 2 2
left_child=3 -2 -3 -1 -5 -6 7 8 12 11 -11 -9 13 14 -4 16 18 -18 -15 20 21 26 -23 24 -24 -26 -8 29 -29 -28
right_child=1 2 6 4 5 -7 19 9 -10 10 -12 -13 -14 15 -16 -17 17 -19 -20 -21 -22 22 23 -25 25 -27 27 28 -30 -31
leaf_value=0.0080288341098653324 0.0026910097726378854 -0.0022972379952400099 -0.00087005425392382141 -0.0062308766574467114 0.0027631878450400747 -0.001311931014186508 0.00036121979407214937 0.0030143036984203167 -0.0083468440563032407 -0.0040356432348086493 -0.031581205563030505 0.00040755243084647291 0.00023645871904192612 -0.028041434192012955 0.0059043574320708529 0.00071300712698086526 -0.068669110508635653 -0.011845627412168229 -0.0035277973511814633 -0.0056948526899479194 0.0016731808312745991 0.014107333402131451 -0.0056181534888139839 -0.0011298953493900487 -0.035397226024278299 -0.0089706448737778468 -0.00065404187698622827 3.7534034185061686e-05 -0.0032107693054986004 -0.0038462759715337854
leaf_weight=12510 220126 289951 835486 46531 71826 1614143 1036107 152868 35341 11967 2001 9198783 2046841 2086 35036 43508 640 14071 58901 32824 311702 2649 81353 47981 2256 5260 173733 1026359 105565 216532
leaf_count=12510 220126 289951 835486 46531 71826 1614143 1036107 152868 35341 11967 2001 9198783 2046841 2086 35036 43508 640 14071 58901 32824 311702 2649 81353 47981 2256 5260 173733 1026359 105565 216532
internal_value=-4.74917e-13 0.000131875 9.61523e-05 -0.0012084 -0.0012751 -0.00113832 0.000140983 0.000267043 -0.000252917 0.000437589 -0.00798171 0.000450164 -0.000158716 -0.00097597 -0.000597404 -0.00374051 -0.00630021 -0.0143177 -0.00436626 -0.000374373 -0.000316343 -0.000546212 -0.00430783 -0.0046643 -0.00657254 -0.0169028 -0.000341098 -0.000819144 -0.000265408 -0.0024252
internal_weight=1.77349e+07 1.59899e+07 1.57698e+07 1.74501e+06 1.7325e+06 1.68597e+06 1.54798e+07 1.24375e+07 3.07191e+06 9.36562e+06 13968 9.35165e+06 3.03657e+06 989728 870522 119206 75698 14711 60987 3.04232e+06 3.0095e+06 2.6978e+06 139499 136850 88869 7516 2.5583e+06 1.52219e+06 1.13192e+06 390265
internal_count=17734937 15989927 15769801 1745010 1732500 1685969 15479850 12437529 3071910 9365619 13968 9351651 3036569 989728 870522 119206 75698 14711 60987 3042321 3009497 2697795 139499 136850 88869 7516 2558296 1522189 1131924 390265
is_linear=0
shrinkage=0.1


Tree=39
num_leaves=31
num_cat=0
split_feature=0 8 3 2 7 8 2 1 0 1 0 5 3 10 1 2 8 3 3 10 4 1 3 4 3 2 3 9 5 3
split_gain=240.297 154.373 186.954 137.575 115.033 108.856 108.684 106.432 125.146 94.2402 123.922 90.7269 89.9117 85.2933 81.7213 86.2241 81.3897 101.653 80.5065 75.5788 72.353 90.0434 68.4723 66.763 70.0756 113.469 64.224 185.043 80.0411 74.513
threshold=18.500000000000004 62631.500000000007 74957.000000000015 49.500000000000007 6658207.0000000009 22495.500000000004 50.500000000000007 423.50000000000006 23.500000000000004 532.50000000000011 29.500000000000004 69591.500000000015 99437.000000000015 54689.500000000007 36.500000000000007 38.500000000000007 49943.000000000007 56027.500000000007 54722.500000000007 46744.500000000007 12138.500000000002 93.500000000000014 66595.000000000015 79871.500000000015 109141.50000000001 58.500000000000007 54284.500000000007 50055.500000000007 54254.000000000007 61575.500000000007
decision_type=2 2 2 2 2 2 2 2 2 2 2 2 2 2 2 2 2 2 2 2 2 2 2 2 2 2 2 2 2 2
left_child=1 2 3 4 16 -6 -4 18 -9 22 -11 -3 13 -8 -7 -16 17 20 -2 -5 -1 -22 -10 24 25 -13 -17 29 -29 -28
right_child=7 11 6 19 5 14 12 8 9 10 -12 23 -14 -15 15 26 -18 -19 -20 -21 21 -23 -24 -25 -26 -27 27 28 -30 -31
leaf_value=0.0019139927422352481 0.0006112711279375768 -0.0069251552323701601 0.0041418638817639578 -0.0014141077866668191 0.00369315956337207 -0.0029324460360095526 0.0038032448636635833 -0.0015963736392505955 0.00076904423048779831 -0.0015235876924229971 0.00017570665001866203 -0.0014517863660407741 0.0062857350807546302 -0.0025268695618126825 0.00097771972174873407 -0.0024242443191881658 -0.0049648155180340714 0.004539718901146992 0.00339414380279493 -0.0049984510461898741 -0.0066578686382503059 -0.0015614631367137863 0.0034340069353287726 -0.0040987852088136415 0.0023659930269972177 -0.0095234058990456335 0.0013761696298907377 -0.012055749839441066 -0.0014209918103909413 0.0071223303133418157
leaf_weight=49656 265136 36050 131193 134621 79542 95532 28196 414159 314964 443723 13067895 581549 20020 86855 540946 170762 66886 28682 171001 104487 39518 282451 138944 107358 45769 17954 58072 7387 168718 36911
leaf_count=49656 265136 36050 131193 134621 79542 95532 28196 414159 314964 443723 13067895 581549 20020 86855 540946 170762 66886 28682 171001 104487 39518 282451 138944 107358 45769 17954 58072 7387 168718 36911
internal_value=5.98908e-14 -0.000829272 -0.000386809 -0.000740845 -0.000411319 0.000123114 0.00209187 0.000163389 0.000116711 0.000167514 0.000119902 -0.00202448 0.000100728 -0.000975524 -0.000140227 0.000131188 -0.00173583 -0.00119631 0.00170238 -0.00298042 -0.00163902 -0.00218699 0.00158481 -0.00178975 -0.00140558 -0.00169352 -0.000905199 5.16679e-05 -0.00186708 0.00360916
internal_weight=1.77349e+07 2.91912e+06 2.13044e+06 1.86417e+06 1.62506e+06 1.15787e+06 266264 1.48158e+07 1.43797e+07 1.39655e+07 1.35116e+07 788680 135071 115051 1.07833e+06 982796 467193 400307 436137 239108 371625 321969 453908 752630 645272 599503 441850 271088 176105 94983
internal_count=17734937 2919115 2130435 1864171 1625063 1157870 266264 14815822 14379685 13965526 13511618 788680 135071 115051 1078328 982796 467193 400307 436137 239108 371625 321969 453908 752630 645272 599503 441850 271088 176105 94983
is_linear=0
shrinkage=0.1


Tree=40
num_leaves=31
num_cat=0
split_feature=0 2 0 7 8 3 10 3 9 3 9 9 2 3 2 2 9 5 3 2 5 3 4 3 2 7 4 2 4 1
split_gain=208.428 138.097 129.978 181.461 200.171 285.315 211.328 229.997 223.508 165.228 200.975 160.72 151.416 144.991 139.106 136.294 146.15 250.919 165.477 136.149 131.456 127.655 118.157 106.854 105.472 102.352 90.1233 140.286 88.8994 91.2035
threshold=5.5000000000000009 37.500000000000007 81.500000000000014 21260667.000000004 66731.500000000015 78281.000000000015 56337.000000000007 61798.000000000007 40572.000000000007 96897.500000000015 85185.000000000015 79665.000000000015 51.500000000000007 117767.50000000001 47.500000000000007 64.500000000000014 63720.500000000007 68629.500000000015 104177.00000000001 67.500000000000014 82623.000000000015 109141.50000000001 53083.000000000007 107588.00000000001 60.500000000000007 34853286.000000007 60350.000000000007 65.500000000000014 51169.500000000007 156.50000000000003
decision_type=2 2 2 2 2 2 2 2 2 2 2 2 2 2 2 2 2 2 2 2 2 2 2 2 2 2 2 2 2 2
left_child=25 22 3 4 5 6 7 8 -3 11 13 20 -7 19 -13 -5 -17 18 -18 -11 26 -19 28 -21 -9 -1 27 -6 29 -2
right_child=1 2 -4 15 9 12 -8 24 -10 10 -12 14 -14 -15 -16 16 17 21 -20 23 -22 -23 -24 -25 -26 -27 -28 -29 -30 -31
leaf_value=-0.0022494392815914726 0.0038023351184456955 -2.073992379000244e-05 0.00032524641160028783 0.00069651686870099514 -0.0066455102938880982 0.0039623067083845226 -0.0020293313211864408 0.0017670580022154929 -0.0018032033202407538 0.0012638490232730281 -0.0052592504598407107 -0.003940051746952368 0.00064631399548904615 0.0074480070623211304 -0.013743936107905731 0.00013244772115042993 -0.035176971914600057 -0.007748781760208991 0.0041342672768468819 -0.015449496522621495 0.0067208501943248102 0.00043226215112336706 0.0028898695186423766 -0.0017965384359327919 -0.0010615257533864873 -0.00013984783602874864 -0.0025333884326916483 -0.036057152286610945 -0.004341254714172408 0.00050242570526973489
leaf_weight=590274 87678 1735604 6019857 2164866 25688 176135 914409 629230 1182962 150628 61196 32961 631111 32039 25802 129110 4317 39003 1424 8971 14494 37326 244128 15879 166762 376792 326643 1731 36345 1871572
leaf_count=590274 87678 1735604 6019857 2164866 25688 176135 914409 629230 1182962 150628 61196 32961 631111 32039 25802 129110 4317 39003 1424 8971 14494 37326 244128 15879 166762 376792 326643 1731 36345 1871572
internal_value=3.64538e-13 8.23288e-05 -3.0351e-05 -0.000281946 -0.000569414 -0.000364978 -0.000667512 -0.000332275 -0.000743213 -0.00216612 -0.000223182 -0.0033879 0.00136984 0.00126194 -0.0082448 0.000459967 -0.00196497 -0.00526457 -0.0254262 0.000132475 -0.00261351 -0.00374813 0.000813235 -0.00672534 0.00117446 -0.00142749 -0.00299563 -0.00850231 0.000559194 0.000650099
internal_weight=1.77349e+07 1.67679e+07 1.45281e+07 8.50829e+06 6.13224e+06 5.43621e+06 4.62897e+06 3.71456e+06 2.91857e+06 696032 268713 427319 807246 207517 58763 2.37605e+06 211180 82070 5741 175478 368556 76329 2.23972e+06 24850 795992 967066 354062 27419 1.9956e+06 1.95925e+06
internal_count=17734937 16767871 14528148 8508291 6132245 5436213 4628967 3714558 2918566 696032 268713 427319 807246 207517 58763 2376046 211180 82070 5741 175478 368556 76329 2239723 24850 795992 967066 354062 27419 1995595 1959250
is_linear=0
shrinkage=0.1


Tree=41
num_leaves=31
num_cat=0
split_feature=0 8 7 8 3 2 3 1 0 5 2 7 0 2 9 3 9 2 3 8 9 5 8 5 6 3 2 7 2 4
split_gain=177.087 117.959 129.812 103.53 100.454 96.8849 99.8289 87.2209 105.476 77.107 76.3326 84.5974 82.9843 75.9091 79.4401 85.1267 73.5768 69.3062 77.2413 137.424 74.4111 160.294 126.532 97.8199 114.02 97.3104 90.2876 84.8019 86.2233 94.9922
threshold=17.500000000000004 71337.000000000015 3750952.1250000005 19294.000000000004 107588.00000000001 53.500000000000007 81446.500000000015 404.50000000000006 21.500000000000004 42024.500000000007 17.500000000000004 23247274.000000004 2.5000000000000004 36.500000000000007 61167.500000000007 64882.000000000007 63887.500000000007 70.500000000000014 120532.00000000001 91203.500000000015 79665.000000000015 82623.000000000015 78603.500000000015 81363.500000000015 72313.500000000015 77924.000000000015 33.500000000000007 6603081.2500000009 52.500000000000007 75391.000000000015
decision_type=2 2 2 2 2 2 2 2 2 2 2 2 2 2 2 2 2 2 2 2 2 2 2 2 2 2 2 2 2 2
left_child=1 2 -1 -4 5 6 10 9 -9 -2 -5 12 -12 -14 15 -15 -8 18 20 -20 23 22 -22 24 25 -10 -26 28 29 -23
right_child=7 -3 3 4 -6 -7 16 8 17 -11 11 -13 13 14 -16 -17 -18 -19 19 -21 21 27 -24 -25 26 -27 -28 -29 -30 -31
leaf_value=-0.0024888548436461785 0.00022329344278973582 -0.0022600970498517477 0.0035266129698559353 -0.0042246781804291421 0.0065155751639002545 -0.0025459408697776713 0.0055946842919019531 -0.0017431686277924316 7.5572441310066128e-05 0.0029221804075547815 -0.0034870601785315092 0.00076188954071292384 0.00078139279279614178 -0.001296487025731012 -0.0037316203880065364 0.0017692137122541662 0.00084017433896939439 -0.0010235018612569109 0.0038744715781763501 -0.0040397157475824319 -0.023969422245124376 -0.019695519932020615 4.0681986100149275e-05 0.0025144959733405222 -0.035232923136700199 0.00078053093848469077 -0.0014764046058620257 -0.00045223095495771189 -0.01085464442813811 0.0033131680061398759
leaf_weight=276860 215233 428115 72584 50435 21282 188817 46340 305633 10226046 208313 102921 526994 311864 426802 98617 114974 109363 498819 121561 26773 5463 2115 3669 178763 794 2421818 379466 336163 16505 11835
leaf_count=276860 215233 428115 72584 50435 21282 188817 46340 305633 10226046 208313 102921 526994 311864 426802 98617 114974 109363 498819 121561 26773 5463 2115 3669 178763 794 2421818 379466 336163 16505 11835
internal_value=6.68861e-13 -0.000733537 -0.000455179 -0.000183308 -0.000318056 -0.000391614 -0.000164151 0.000136124 9.49052e-05 0.00155069 -0.000394887 -0.000272804 -0.000789568 -0.00049802 -0.00112108 -0.000645894 0.0022552 0.000134384 0.000176448 0.00244603 0.000151662 -0.00123598 -0.0143228 0.000191142 0.000159262 0.000210558 -0.00154689 -0.000910004 -0.00596292 -0.000175246
internal_weight=1.77349e+07 2.77597e+06 2.34785e+06 2.07099e+06 1.99841e+06 1.97713e+06 1.78831e+06 1.4959e+07 1.45354e+07 423546 1.63261e+06 1.58217e+06 1.05518e+06 952257 640393 541776 155703 1.42298e+07 1.3731e+07 148334 1.35826e+07 375750 9132 1.32069e+07 1.30281e+07 1.26479e+07 380260 366618 30455 13950
internal_count=17734937 2775968 2347853 2070993 1998409 1977127 1788310 14958969 14535423 423546 1632607 1582172 1055178 952257 640393 541776 155703 14229790 13730971 148334 13582637 375750 9132 13206887 13028124 12647864 380260 366618 30455 13950
is_linear=0
shrinkage=0.1


Tree=42
num_leaves=31
num_cat=0
split_feature=0 1 0 2 0 2 7 1 0 3 2 3 9 5 3 8 7 4 3 8 3 3 3 7 2 7 7 6 3 0
split_gain=150.762 121.666 133.586 112.615 101.498 121.852 91.7448 84.1969 123 77.1178 72.7448 82.2761 78.8124 130.717 100.482 110.024 114.652 114.778 99.9139 99.1708 169.905 91.0939 253.294 106.3 91.1763 119.091 79.031 78.0313 108.201 68.1482
threshold=10.500000000000002 258.50000000000006 14.500000000000002 44.500000000000007 4.5000000000000009 30.500000000000004 13050816.500000002 340.50000000000006 18.500000000000004 55214.500000000007 48.500000000000007 80887.000000000015 80948.500000000015 83268.500000000015 107588.00000000001 85788.000000000015 5365495.7500000009 74641.500000000015 102198.50000000001 66731.500000000015 71221.500000000015 77924.000000000015 75671.000000000015 2821957.5000000005 64.500000000000014 11065047.500000002 16829281.000000004 81050.500000000015 91698.000000000015 107.50000000000001
decision_type=2 2 2 2 2 2 2 2 2 2 2 2 2 2 2 2 2 2 2 2 2 2 2 2 2 2 2 2 2 2
left_child=3 -2 -3 4 6 -6 -1 9 -9 -4 11 -10 18 -14 15 16 -15 27 19 -12 -21 22 -22 -24 -23 -26 -25 28 -18 -27
right_child=1 2 7 -5 5 -7 -8 8 10 -11 12 -13 13 14 -16 -17 17 -19 -20 20 21 24 23 26 25 29 -28 -29 -30 -31
leaf_value=-0.003196870674414317 0.0021794521220182572 -0.001803279550571504 0.00035384677268358476 -0.0025846012544140547 0.0042645785330664735 -6.6035977703822878e-05 -0.00066078093040688654 -0.0018064378490531424 0.00025214080949316719 0.0036398155909679042 -1.5370473153739418e-05 0.0015368765941800781 -0.027237680890930361 -0.022831118427282276 -0.00012082535393719393 0.002567441875309948 -0.026160094429154526 -0.0015455881722892572 0.0012791070729814334 -0.051416220886844659 0.0027376637280758292 -0.00054161330298674423 0.0073944923819333945 -0.020815360323285889 -0.0006685714833749197 -0.013361885639995042 -0.007021246982234124 -0.014683897925557514 -0.0023368657676740233 -0.0029986192130438722
leaf_weight=187456 275541 375658 163112 317923 73339 569596 596696 340381 6365679 127054 6362893 540829 1994 3710 180426 20283 2148 45216 540340 677 17733 512768 2162 12018 33902 17229 6347 14827 16955 10045
leaf_count=187456 275541 375658 163112 317923 73339 569596 596696 340381 6365679 127054 6362893 540829 1994 3710 180426 20283 2148 45216 540340 677 17733 512768 2162 12018 33902 17229 6347 14827 16955 10045
internal_value=2.00118e-13 9.63179e-05 5.97916e-05 -0.000882583 -0.000503411 0.000427953 -0.00126705 0.00010542 7.28863e-05 0.00179266 0.000116378 0.000352745 -9.28677e-05 -0.00172349 -0.00154407 -0.00403383 -0.00564981 -0.00484443 -3.09158e-05 -0.00013239 -0.00134727 -0.00129191 -0.00601644 -0.013579 -0.000976961 -0.00462598 -0.0160481 -0.00924054 -0.00501562 -0.0095451
internal_weight=1.77349e+07 1.59899e+07 1.57144e+07 1.74501e+06 1.42709e+06 642935 784152 1.53387e+07 1.50486e+07 290166 1.47082e+07 6.90651e+06 7.80167e+06 285559 283565 103139 82856 79146 7.51611e+06 6.97577e+06 612881 612204 38260 20527 573944 61176 18365 33930 19103 27274
internal_count=17734937 15989927 15714386 1745010 1427087 642935 784152 15338728 15048562 290166 14708181 6906508 7801673 285559 283565 103139 82856 79146 7516114 6975774 612881 612204 38260 20527 573944 61176 18365 33930 19103 27274
is_linear=0
shrinkage=0.1


Tree=43
num_leaves=31
num_cat=0
split_feature=8 1 5 9 6 5 3 9 5 8 3 4 7 2 3 8 2 10 8 5 9 4 0 5 8 5 1 3 5 4
split_gain=135.635 110.848 103.718 254.27 124.126 133.846 108.215 180.242 159.183 153.923 114.051 100.846 155.649 98.81 91.8609 174.68 146.819 142.054 137.321 103.553 143.61 153.955 101.189 161.537 100.238 152.025 99.4837 93.3881 91.1025 171.913
threshold=78603.500000000015 36.500000000000007 82623.000000000015 79665.000000000015 72313.500000000015 76558.000000000015 98695.000000000015 69746.000000000015 72267.500000000015 61048.500000000007 59976.500000000007 60350.000000000007 19133796.000000004 49.500000000000007 64882.000000000007 43700.500000000007 51.500000000000007 56337.000000000007 59843.500000000007 63246.500000000007 58314.000000000007 31682.500000000004 25.500000000000004 60222.500000000007 50136.000000000007 49591.500000000007 842.50000000000011 54722.500000000007 77753.000000000015 61462.500000000007
decision_type=2 2 2 2 2 2 2 2 2 2 2 2 2 2 2 2 2 2 2 2 2 2 2 2 2 2 2 2 2 2
left_child=1 -1 3 4 5 6 7 8 9 14 -11 12 -9 -4 15 27 19 26 -18 20 22 -22 23 24 25 -17 -16 -3 29 -6
right_child=-2 2 13 -5 28 -7 -8 11 -10 10 -12 -13 -14 -15 17 16 18 -19 -20 -21 21 -23 -24 -25 -26 -27 -28 -29 -30 -31
leaf_value=-0.0025514183423917427 -0.001484051268576684 6.081244599082664e-05 0.0032030355129132868 -0.016956850043522063 -0.017902579738276542 0.0024867336812509412 0.0015184590455654913 -0.013213559205013098 0.0023437067892039978 -0.0082200201562384889 -0.00097393814285488519 -0.00079140813237167651 -0.0029930447652691044 -2.3031000764450749e-05 0.0022894301936037293 -0.0068791323794767838 -0.0021209572485077761 -1.6632528059193817e-05 -0.029339588574103771 0.0016829309924762397 -0.020427505378648996 -0.0032065640487102436 5.6148708231705485e-05 0.0034743479921691836 -0.004651355691962354 -0.000336978644987548 0.00068834154563071636 0.0011063209729912037 -0.00057983352882075507 -0.002589326877767023
leaf_weight=162058 595180 5545197 204605 8798 7664 232020 497582 16718 302968 22179 1053525 228341 137062 177136 545620 41530 534513 2325797 1860 221247 5448 110198 1349655 54408 127724 245447 1344063 1009955 457620 168819
leaf_count=162058 595180 5545197 204605 8798 7664 232020 497582 16718 302968 22179 1053525 228341 137062 177136 545620 41530 534513 2325797 1860 221247 5448 110198 1349655 54408 127724 245447 1344063 1009955 457620 168819
internal_value=3.7362e-13 5.15338e-05 7.63799e-05 3.88937e-05 4.79084e-05 0.000102447 6.72582e-05 1.98254e-05 7.50376e-05 2.77604e-05 -0.00112334 -0.00212458 -0.00410416 0.00170607 0.000119736 -5.66312e-05 -0.000734847 0.000506621 -0.00221534 -0.000366468 -0.000600867 -0.00401783 -0.000383599 -0.00164878 -0.00232093 -0.00128373 0.00115063 0.000221894 -0.0013242 -0.00325432
internal_weight=1.77349e+07 1.71398e+07 1.69777e+07 1.6596e+07 1.65872e+07 1.59531e+07 1.5721e+07 1.52235e+07 1.48413e+07 1.45384e+07 1.0757e+06 382121 153780 381741 1.34627e+07 9.24718e+06 2.69203e+06 4.21548e+06 536373 2.15566e+06 1.93441e+06 115646 1.81876e+06 469109 414701 286977 1.88968e+06 6.55515e+06 634103 176483
internal_count=17734937 17139757 16977699 16595958 16587160 15953057 15721037 15223455 14841334 14538366 1075704 382121 153780 381741 13462662 9247182 2692030 4215480 536373 2155657 1934410 115646 1818764 469109 414701 286977 1889683 6555152 634103 176483
is_linear=0
shrinkage=0.1


Tree=44
num_leaves=31
num_cat=0
split_feature=0 1 2 0 3 10 9 3 9 3 9 3 3 8 7 2 5 10 1 0 1 0 1 0 1 4 2 7 8 4
split_gain=116.163 106.94 83.204 129.909 81.7667 92.1087 81.4585 185.951 105.874 111.067 115.692 108.169 104.284 95.2893 76.6469 70.434 67.412 73.9915 67.2458 78.8643 66.4807 119.613 68.4836 127.651 65.0213 63.447 63.4361 79.6287 72.6317 62.255
threshold=6.5000000000000009 156.50000000000003 48.500000000000007 33.500000000000007 80887.000000000015 106251.00000000001 68387.500000000015 84901.500000000015 57769.000000000007 69987.500000000015 46207.500000000007 61798.000000000007 123088.00000000001 91203.500000000015 40647240.000000007 70.500000000000014 64126.000000000007 62600.000000000007 732.50000000000011 42.500000000000007 941.50000000000011 51.500000000000007 1126.5000000000002 63.500000000000007 842.50000000000011 54475.500000000007 53.500000000000007 7052642.5000000009 45491.000000000007 54475.500000000007
decision_type=2 2 2 2 2 2 2 2 2 2 2 2 2 2 2 2 2 2 2 2 2 2 2 2 2 2 2 2 2 2
left_child=14 -2 4 6 -3 -6 7 8 9 10 -4 -12 15 -14 -1 -8 29 -18 -5 24 -21 -22 -23 -24 -20 -13 27 -11 -28 -10
right_child=1 2 3 18 5 -7 12 -9 16 26 11 25 13 -15 -16 -17 17 -19 19 20 21 22 23 -25 -26 -27 28 -29 -30 -31
leaf_value=-0.0015415630229883006 0.003238313726755758 0.00017687271295319484 -0.00052423970147612027 0.0016108720982442395 0.0014477188555281615 -0.0081479182649108299 -0.0028285072669193352 0.0018813042191995512 -0.0039921187931276992 0.010592124230289553 -0.0065390517417106449 -0.0014596805996872793 0.0064896579199112958 -0.0099955275112824319 0.00023453062889674254 -0.012792714445439543 0.0049933152121385202 -0.0029276480096146222 -0.00051254905029298609 0.0013188302406973319 -0.0020312423954750784 0.0012770338279313499 -0.0018005075120470252 9.6897625198872915e-05 -0.0032259118039076615 -0.031850596095735879 0.0036550489187146284 0.0019842447679672497 -0.001302369021611189 -0.010637508219904744
leaf_weight=772087 105632 7438311 405318 252657 688571 10151 257589 233385 47493 13558 72885 117137 20567 4227 354554 7295 13489 93797 264897 379276 288892 424128 383301 4730761 132487 691 40488 51829 109436 20048
leaf_count=772087 105632 7438311 405318 252657 688571 10151 257589 233385 47493 13558 72885 117137 20567 4227 354554 7295 13489 93797 264897 379276 288892 424128 383301 4730761 132487 691 40488 51829 109436 20048
internal_value=4.69162e-14 6.66575e-05 4.6356e-05 -0.000175096 0.000274029 0.00130831 -0.00101502 -0.000656966 -0.00125767 -0.000776695 -0.00147991 -0.00351098 -0.00252243 0.00367918 -0.000982626 -0.00310293 -0.00348978 -0.00193175 9.78852e-06 -5.14684e-05 3.5976e-05 -4.7523e-05 5.59549e-05 -4.53137e-05 -0.00141718 -0.00163791 0.00116998 0.00376909 3.64155e-05 -0.00596465
internal_weight=1.77349e+07 1.66083e+07 1.65027e+07 8.36563e+06 8.13703e+06 698722 1.50923e+06 1.21955e+06 986169 811342 596031 190713 289678 24794 1.12664e+06 264884 174827 107286 6.8564e+06 6.60374e+06 6.20636e+06 5.82708e+06 5.53819e+06 5.11406e+06 397384 117828 215311 65387 149924 67541
internal_count=17734937 16608296 16502664 8365631 8137033 698722 1509232 1219554 986169 811342 596031 190713 289678 24794 1126641 264884 174827 107286 6856399 6603742 6206358 5827082 5538190 5114062 397384 117828 215311 65387 149924 67541
is_linear=0
shrinkage=0.1


Tree=45
num_leaves=31
num_cat=0
split_feature=8 3 8 2 3 10 9 8 3 3 3 0 10 5 9 4 7 0 7 2 5 4 2 3 3 3 2 9 5 6
split_gain=111.547 112.468 108.073 111.553 158.647 118.071 289.245 110.979 142.94 119.842 103.654 93.7097 147.394 90.3784 226.465 107.534 93.4975 90.2688 108.441 89.2254 84.8256 81.0736 76.4029 75.4597 192.056 74.8708 78.6233 74.3178 116.948 80.6507
threshold=83493.500000000015 109141.50000000001 60285.000000000007 61.500000000000007 81752.500000000015 63228.500000000007 63078.500000000007 74131.500000000015 96402.000000000015 88507.500000000015 76943.000000000015 61.500000000000007 66992.500000000015 63246.500000000007 58314.000000000007 57087.500000000007 127980664.00000001 59.500000000000007 3027312.5000000005 68.500000000000014 90935.000000000015 59742.000000000007 76.500000000000014 66292.000000000015 71221.500000000015 123088.00000000001 37.500000000000007 80948.500000000015 83268.500000000015 72711.902343750015
decision_type=2 2 2 2 2 2 2 2 2 2 2 2 2 2 2 2 2 2 2 2 2 2 2 2 2 2 2 2 2 2
left_child=1 2 10 4 5 6 -4 -6 9 21 13 12 -5 14 15 -1 -16 18 23 -12 25 -9 -14 -7 -25 26 -2 29 -29 -10
right_child=20 -3 3 11 7 17 -8 8 27 -11 19 -13 22 -15 16 -17 -18 -19 -20 -21 -22 -23 -24 24 -26 -27 -28 28 -30 -31
leaf_value=3.108398710725779e-05 0.0043247437466806789 0.0016167312392330721 -0.0044922739379547128 0.00074317226112823617 0.0009212212374650968 0.0017983175412981754 -0.046752743871617423 -0.012676240582887077 -0.017463280420695365 -0.004593273567837103 0.0011378692231088152 -0.00092285374476507769 -0.0052586586303470795 0.0011354673116883113 -0.0022100489521511661 -0.060968998363273776 -0.011961748791020549 9.3538060929167024e-05 -0.0013701614074803975 -0.00091075539558865381 -0.0012865865994534491 0.0003746778933771603 -0.019322397724446702 -0.027015402178809773 -0.0053635550330469149 0.010441700634812505 -0.0099430916338105191 -0.029287305381406326 -0.00060249023640357967 0.0033570653579711759
leaf_weight=10829073 4512 437802 45746 49977 1138577 6927 1679 4973 1896 131555 1477509 338766 114274 677307 363848 289 10105 524503 690306 248333 290553 111076 3998 5225 18972 2399 26818 1448 77095 99396
leaf_count=10829073 4512 437802 45746 49977 1138577 6927 1679 4973 1896 131555 1477509 338766 114274 677307 363848 289 10105 524503 690306 248333 290553 111076 3998 5225 18972 2399 26818 1448 77095 99396
internal_value=-9.82439e-14 3.42269e-05 -6.59262e-06 -0.000513901 -0.000271501 -0.00109113 -0.00598843 0.000405426 -0.000968507 -0.00252698 0.000118921 -0.00188095 -0.00381005 1.37245e-05 -5.40915e-05 2.94561e-05 -0.00247356 -0.000904724 -0.00163049 0.000843091 -0.00183764 -0.000184588 -0.00573406 -0.00740444 -0.010039 -0.00658457 -0.0078883 0.00117725 -0.00113132 0.00296735
internal_weight=1.77349e+07 1.74107e+07 1.69729e+07 3.36639e+06 2.85937e+06 1.29336e+06 47425 1.56602e+06 427439 247604 1.36065e+07 507015 168249 1.18806e+07 1.12033e+07 1.08294e+07 373953 1.24593e+06 721430 1.72584e+06 324282 116049 118272 31124 24197 33729 31330 179835 78543 101292
internal_count=17734937 17410655 16972853 3366389 2859374 1293358 47425 1566016 427439 247604 13606464 507015 168249 11880622 11203315 10829362 373953 1245933 721430 1725842 324282 116049 118272 31124 24197 33729 31330 179835 78543 101292
is_linear=0
shrinkage=0.1


Tree=46
num_leaves=31
num_cat=0
split_feature=0 1 0 3 2 7 9 3 1 8 7 2 7 4 4 2 0 9 7 3 9 5 3 3 3 8 4 7 7 8
split_gain=96.9784 111.48 109.456 106.954 103.977 74.6776 81.3169 102.459 79.0594 69.8374 64.0523 63.3603 63.9315 140.561 110.14 67.7735 62.3427 84.1179 93.0213 67.7119 88.1459 94.1798 85.3791 78.4108 66.607 88.2397 117.008 202.748 64.4821 81.6377
threshold=12.500000000000002 294.50000000000006 15.500000000000002 43154.000000000007 50.500000000000007 20953496.000000004 41792.000000000007 53928.000000000007 27.500000000000004 60037.000000000007 2465328.7500000005 58.500000000000007 4863112.7500000009 70588.000000000015 71501.000000000015 47.500000000000007 113.50000000000001 91379.000000000015 21850032.000000004 123088.00000000001 51967.500000000007 53206.000000000007 56027.500000000007 73144.000000000015 77924.000000000015 68551.000000000015 61462.500000000007 21260667.000000004 2180449.3750000005 54839.500000000007
decision_type=2 2 2 2 2 2 2 2 2 2 2 2 2 2 2 2 2 2 2 2 2 2 2 2 2 2 2 2 2 2
left_child=4 3 -3 -2 5 6 7 -1 -7 -10 -8 12 13 -4 15 -15 17 19 -19 20 23 -22 -23 -13 28 -26 27 -27 -24 -30
right_child=1 2 11 -5 -6 8 10 -9 9 -11 -12 16 -14 14 -16 -17 -18 18 -20 -21 21 22 24 -25 25 26 -28 -29 29 -31
leaf_value=-0.00018334969655596302 -0.00013685434528664615 -0.0019881344676990105 -0.00015068576696529248 0.0038108019543419075 -0.0028594972288863555 -0.0019171634823187192 -0.0078591794549596316 0.0081001396645919016 0.0016462706423677168 -0.00036129862795656877 -0.0015267863030621141 -0.00038744404874503017 0.00031695533323413978 0.005611626679185501 -0.0058272902977157745 -0.043325766029758989 0.00049008306511289933 -0.01798705755000693 -0.0011776936429765163 0.0023242564926369115 -0.023306252303322991 -0.042520000169454689 0.00289534992259932 0.0018717219277855418 -0.0002044581588243321 -0.026333138779374429 -0.0012975937151047698 -0.0045804158565224224 -0.0014893696921199557 -0.0050757242660420671
leaf_weight=371238 122884 259419 2977281 155448 192545 136420 16399 15558 373669 323116 615550 583246 9134882 363 24565 1284 713091 5821 7578 79997 1909 497 21266 208570 842498 4732 227999 45338 170746 101028
leaf_count=371238 122884 259419 2977281 155448 192545 136420 16399 15558 373669 323116 615550 583246 9134882 363 24565 1284 713091 5821 7578 79997 1909 497 21266 208570 842498 4732 227999 45338 170746 101028
internal_value=5.08513e-13 8.44108e-05 4.85903e-05 0.00206791 -0.000647809 -0.000417863 -0.000992143 0.000149835 0.000284299 0.000715312 -0.00169111 8.34597e-05 0.00018536 -0.000214875 -0.00750575 -0.0325399 -0.000326886 -0.000580043 -0.00848028 -0.000533775 -0.000637331 -0.00110983 -0.00107986 0.000207636 -0.00106529 -0.000714264 -0.00225888 -0.00663622 -0.0024076 -0.00282254
internal_weight=1.77349e+07 1.56904e+07 1.54121e+07 278332 2.0445e+06 1.85195e+06 1.01874e+06 386796 833205 696785 631949 1.51527e+07 1.21384e+07 3.00349e+06 26212 1647 3.01432e+06 2.30122e+06 13399 2.28783e+06 2.20783e+06 1.41601e+06 1.4141e+06 791816 1.41361e+06 1.12057e+06 278069 50070 293040 271774
internal_count=17734937 15690442 15412110 278332 2044495 1851950 1018745 386796 833205 696785 631949 15152691 12138375 3003493 26212 1647 3014316 2301225 13399 2287826 2207829 1416013 1414104 791816 1413607 1120567 278069 50070 293040 271774
is_linear=0
shrinkage=0.1


Tree=47
num_leaves=31
num_cat=0
split_feature=8 3 4 2 7 2 4 2 8 3 8 5 0 8 5 2 2 2 1 10 1 0 2 1 7 5 3 3 5 3
split_gain=81.943 96.6809 135.64 104.974 154.8 90.9779 103.854 98.2598 82.3505 128.531 132.372 111.565 109.12 145.408 135.084 137.203 96.0569 85.2188 93.7024 87.5214 81.3869 79.8831 126.834 107.109 90.8872 106.745 88.2524 158.532 99.447 78.6114
threshold=83493.500000000015 96897.500000000015 72549.000000000015 53.500000000000007 1771570.4375000002 70.500000000000014 73614.500000000015 80.500000000000014 54635.000000000007 61798.000000000007 35359.000000000007 58649.500000000007 43.500000000000007 49943.000000000007 54405.500000000007 49.500000000000007 48.500000000000007 46.500000000000007 578.50000000000011 53425.000000000007 1921.5000000000002 33.500000000000007 53.500000000000007 723.50000000000011 3157666.8750000005 59868.500000000007 65666.000000000015 68041.500000000015 58460.500000000007 43475.500000000007
decision_type=2 2 2 2 2 2 2 2 2 2 2 2 2 2 2 2 2 2 2 2 2 2 2 2 2 2 2 2 2 2
left_child=1 2 8 -4 -5 -3 -7 20 9 10 29 12 13 16 15 -15 -12 18 19 -11 -8 22 24 -23 26 -26 -10 -28 -29 -1
right_child=-2 5 3 4 -6 6 7 -9 21 17 11 -13 -14 14 -16 -17 -18 -19 -20 -21 -22 23 -24 -25 25 -27 27 28 -30 -31
leaf_value=5.87180941769001e-05 -0.0015750240551175966 0.0012699807169414823 -0.0018752382970821484 0.013237583667177744 -0.011919205332061398 -0.0004812255827789173 -0.029177120009633063 0.00047551013079636067 0.0011216060885156315 0.0059898018530137069 -0.00050484568949419402 0.0014982090668450004 -0.00022206255527487434 -0.0085545461500614699 -0.003235169465210463 -0.03136160174247643 -0.0025416110756172569 0.00038665629658930979 0.00083960449753959208 0.0018815638577837825 -0.0072829443110438152 0.0033932731778915219 -0.003185130608048987 -0.00018912085065699345 -0.0069680747009755895 -0.00027396807827808885 -0.031189738025302338 0.019110354606820455 -0.0077700352294626449 0.0010530292971390766
leaf_weight=2902443 324282 1023233 113977 2756 21748 193353 3319 5016 13819 78269 941918 268804 2560712 14859 104015 3207 307027 2617751 504664 153668 3476 85834 223427 3017774 24348 1100620 2814 1472 21175 1095157
leaf_count=2902443 324282 1023233 113977 2756 21748 193353 3319 5016 13819 78269 941918 268804 2560712 14859 104015 3207 307027 2617751 504664 153668 3476 85834 223427 3017774 24348 1100620 2814 1472 21175 1095157
internal_value=2.23862e-13 2.93356e-05 -3.55895e-05 -0.00315184 -0.00908979 0.000884625 -0.0010373 -0.0101405 -8.69175e-06 0.000132571 -8.07886e-05 -0.00047279 -0.000607543 -0.00132752 -0.00462148 -0.0126032 -0.00100554 0.000654028 0.00160422 0.00326792 -0.0179771 -0.000372048 -0.00100276 -9.00454e-05 -0.000583949 -0.000418851 -0.00531233 -0.00880437 -0.00602288 0.000331113
internal_weight=1.77349e+07 1.74107e+07 1.61823e+07 138481 24504 1.2284e+06 205164 11811 1.60438e+07 1.15525e+07 8.19814e+06 4.20054e+06 3.93174e+06 1.37103e+06 122081 18066 1.24894e+06 3.35435e+06 736601 231937 6795 4.49128e+06 1.38768e+06 3.10361e+06 1.16425e+06 1.12497e+06 39280 25461 22647 3.9976e+06
internal_count=17734937 17410655 16182258 138481 24504 1228397 205164 11811 16043777 11552494 8198142 4200542 3931738 1371026 122081 18066 1248945 3354352 736601 231937 6795 4491283 1387675 3103608 1164248 1124968 39280 25461 22647 3997600
is_linear=0
shrinkage=0.1


Tree=48
num_leaves=31
num_cat=0
split_feature=0 1 2 0 1 0 1 0 4 1 7 0 8 1 0 1 0 4 0 1 4 3 7 1 3 8 1 0 1 0
split_gain=76.8821 108.3 105.595 101.971 81.2934 71.066 72.7853 76.0265 70.9601 65.9729 63.0454 71.9235 84.0447 57.3321 76.8709 57.5032 84.7413 52.0318 49.0601 76.6213 48.6728 47.7252 61.1987 53.358 45.5978 45.3756 45.2956 89.3818 43.9908 117.805
threshold=8.5000000000000018 212.50000000000003 44.500000000000007 11.500000000000002 267.50000000000006 15.500000000000002 358.50000000000006 19.500000000000004 35310.000000000007 312.50000000000006 10271202.000000002 1.5000000000000002 24788.500000000004 450.50000000000006 23.500000000000004 541.50000000000011 27.500000000000004 43753.500000000007 117.50000000000001 2107.5000000000005 43983.500000000007 17529.000000000004 780555.21875000012 73.500000000000014 36083.500000000007 41244.000000000007 623.50000000000011 31.500000000000004 732.50000000000011 38.500000000000007
decision_type=2 2 2 2 2 2 2 2 2 2 2 2 2 2 2 2 2 2 2 2 2 2 2 2 2 2 2 2 2 2
left_child=2 24 10 -3 17 9 8 -8 -7 -6 21 -12 -13 20 -15 -16 -17 -5 19 26 -9 -1 -23 -24 -2 -25 -18 -28 -29 -30
right_child=1 3 -4 4 5 6 7 13 -10 -11 11 12 -14 14 15 16 18 -19 -20 -21 -22 22 23 25 -26 -27 27 28 29 -31
leaf_value=0.0024635105211779241 0.00014622762764618684 -0.0018341165741188423 -0.0028936987296382111 0.0011626711490484683 -7.5494633802897216e-05 0.00036011624665008578 -0.0014260230289644721 0.0005898115820903452 0.0035023582267175962 -0.0025898161764779499 -0.0012886751710235291 0.0059332228898940822 0.0003842415684396176 -0.0016172293255566211 0.0011927771530158974 -0.0019186314670493164 0.0010243187400616374 0.0050402431671398486 0.00045660490253729077 -0.0013209894960899548 0.0031062044543466319 -0.019336316186004548 -0.0045937672165774933 0.00031766881800185246 0.0032871545301360766 -0.0024694914474258818 -0.00212306935022161 0.00082189932617645104 -0.0019324761375581767 4.4220921621892843e-05
leaf_weight=26775 67516 287538 190477 129506 224978 178945 342593 277303 120104 194645 280198 28550 620949 271756 450150 216503 442064 47225 2695407 434996 106342 2010 56227 109889 146532 124691 196267 657679 312593 8494529
leaf_count=26775 67516 287538 190477 129506 224978 178945 342593 277303 120104 194645 280198 28550 620949 271756 450150 216503 442064 47225 2695407 434996 106342 2010 56227 109889 146532 124691 196267 657679 312593 8494529
internal_value=4.1872e-13 6.18891e-05 -0.000700457 3.21462e-05 6.61234e-05 4.19884e-05 7.74356e-05 4.64297e-05 0.0016221 -0.00124178 -0.000366057 5.04506e-05 0.000628158 8.10867e-05 4.84328e-05 8.09974e-05 4.3788e-05 0.00219881 7.58936e-05 -2.14835e-05 0.00128733 -0.00157768 -0.00194721 -0.00182702 0.00229643 -0.00116385 3.44675e-05 -1.08254e-05 3.29752e-05 -2.59384e-05
internal_weight=1.77349e+07 1.62952e+07 1.43977e+06 1.60811e+07 1.57936e+07 1.56169e+07 1.51972e+07 1.48982e+07 299049 419623 1.24929e+06 929697 649499 1.45556e+07 1.41719e+07 1.39002e+07 1.345e+07 176731 1.32335e+07 1.05381e+07 383645 319592 292817 290807 214048 234580 1.01031e+07 9.66107e+06 9.4648e+06 8.80712e+06
internal_count=17734937 16295171 1439766 16081123 15793585 15616854 15197231 14898182 299049 419623 1249289 929697 649499 14555589 14171944 13900188 13450038 176731 13233535 10538128 383645 319592 292817 290807 214048 234580 10103132 9661068 9464801 8807122
is_linear=0
shrinkage=0.1


Tree=49
num_leaves=31
num_cat=0
split_feature=9 3 8 2 9 5 5 4 9 0 2 5 4 3 8 8 4 8 6 5 1 5 8 5 3 7 0 7 7 2
split_gain=66.0951 96.4385 135.979 109.084 93.134 133.251 116.434 105.26 102.899 102.6 109.583 86.0501 141.771 81.8425 108.093 180.188 115.897 74.0263 72.1416 67.3627 67.3015 66.9 86.212 66.4852 66.1998 83.7926 85.2111 73.8119 72.7268 79.9056
threshold=80948.500000000015 91698.000000000015 77763.500000000015 45.500000000000007 69746.000000000015 72267.500000000015 80726.000000000015 72549.000000000015 63887.500000000007 39.500000000000007 63.500000000000007 73467.500000000015 24113.500000000004 80887.000000000015 61710.500000000007 62031.500000000007 53838.000000000007 61492.500000000007 72313.500000000015 67926.500000000015 17.500000000000004 83914.500000000015 78603.500000000015 65246.000000000007 86380.500000000015 10934171.000000002 75.500000000000014 2090565.6875000002 12030716.000000002 70.500000000000014
decision_type=2 2 2 2 2 2 2 2 2 2 2 2 2 2 2 2 2 2 2 2 2 2 2 2 2 2 2 2 2 2
left_child=1 2 4 -3 5 8 7 11 13 10 -10 12 -6 14 17 16 23 20 -13 -17 -1 22 -2 -16 -23 26 27 -26 -27 -30
right_child=21 3 -4 -5 6 -7 -8 -9 9 -11 -12 18 -14 -15 15 19 -18 -19 -20 -21 -22 24 -24 -25 25 28 -28 -29 29 -31
leaf_value=-0.0059646806735744627 -0.00086301112457387022 0.0037107680301288887 -0.0090466356062592259 0.00054175408324672427 -0.040835796812717096 0.0020792412265168321 0.0011354439634544129 -0.012867975839502216 -0.0023306053493323672 -0.00032798869837262381 -0.014624969356531087 -0.00011760386070798352 -0.0040379325264135076 0.0009830384273255353 -0.041455195470725487 -0.0031874977293232854 -0.009090389253118775 0.0051421707688424781 -0.0024528310155865806 0.0048048438363374329 7.5294426060091412e-06 0.0014739713625057979 -0.015396864911000237 -0.010928817708227111 0.010724553266215591 0.0042095748927964381 0.00026351652815630546 -0.0072552269929040047 -0.00086407103653324008 -0.010998575577703024
leaf_weight=18898 9294 116981 16741 1519971 1060 310329 186518 8336 268635 591947 7451 317203 85282 883806 2027 45327 11959 28042 226933 13743 12396845 106248 7277 1101 2387 28001 28518 52542 433613 7922
leaf_count=18898 9294 116981 16741 1519971 1060 310329 186518 8336 268635 591947 7451 317203 85282 883806 2027 45327 11959 28042 226933 13743 12396845 106248 7277 1101 2387 28001 28518 52542 433613 7922
internal_value=3.23544e-13 3.84239e-05 -3.90387e-05 0.00076822 -2.92502e-05 2.92492e-05 -0.00106269 -0.00170449 -1.53326e-05 -0.00107047 -0.00266241 -0.00155688 -0.00448969 5.30089e-05 -1.26541e-05 -0.00381921 -0.0135729 1.00305e-05 -0.00109151 -0.00132803 -1.56086e-06 -0.000969926 -0.00724542 -0.0307105 -0.00081218 -0.00125143 -0.00417139 -0.0064739 -0.000732491 -0.0010459
internal_weight=1.77349e+07 1.70591e+07 1.54222e+07 1.63695e+06 1.54054e+07 1.45801e+07 825332 638814 1.42698e+07 868033 276086 630478 86342 1.34017e+07 1.25179e+07 74157 15087 1.24438e+07 544136 59070 1.24157e+07 675802 16571 3128 659231 552983 83447 54929 469536 441535
internal_count=17734937 17059135 15422183 1636952 15405442 14580110 825332 638814 14269781 868033 276086 630478 86342 13401748 12517942 74157 15087 12443785 544136 59070 12415743 675802 16571 3128 659231 552983 83447 54929 469536 441535
is_linear=0
shrinkage=0.1


Tree=50
num_leaves=31
num_cat=0
split_feature=1 8 3 2 0 2 4 1 0 1 0 3 0 9 10 6 7 8 3 5 2 3 4 1 0 7 1 4 2 1
split_gain=65.3208 77.2897 83.6219 85.4321 96.024 66.8625 89.6507 61.8032 76.2029 60.9913 67.7461 60.6414 56.4356 62.1828 71.0387 61.5323 56.2735 133.314 187.633 204.939 88.3701 64.1326 53.3321 52.6227 61.1053 51.5761 48.7904 47.7538 47.6855 47.0976
threshold=36.500000000000007 96925.500000000015 123088.00000000001 35.500000000000007 12.500000000000002 70.500000000000014 73614.500000000015 258.50000000000006 9.5000000000000018 303.50000000000006 16.500000000000004 55214.500000000007 42.500000000000007 63720.500000000007 61630.500000000007 62832.550781250007 17674512.000000004 57003.500000000007 104177.00000000001 67473.500000000015 76.500000000000014 100300.50000000001 51634.000000000007 386.50000000000006 20.500000000000004 2090565.6875000002 231.50000000000003 43983.500000000007 50.500000000000007 487.50000000000006
decision_type=2 2 2 2 2 2 2 2 2 2 2 2 2 2 2 2 2 2 2 2 2 2 2 2 2 2 2 2 2 2
left_child=-1 2 3 -2 7 9 12 8 25 11 -11 -6 13 14 22 -15 -14 -18 19 20 -19 -21 -7 27 -25 -5 -10 -12 -27 -26
right_child=1 -3 -4 4 5 6 -8 -9 26 10 23 -13 16 15 -16 -17 17 18 -20 21 -22 -23 -24 24 29 28 -28 -29 -30 -31
leaf_value=-0.0016968429474404642 0.00062893969936682857 -0.004157715842155605 0.002250968904042883 -0.0062398936453618888 2.5823275901824455e-05 -0.0025867556872318665 -0.015501085904837687 -0.0028753414108044347 0.0023089658749764351 -0.0014499771794368561 0.00055158181886187001 0.0031884256388183801 0.00023393490081543845 -0.02957557955708346 0.006001346332600902 -0.0068528231676048034 0.00045374497459064149 -0.035240641829512739 -0.00032149516314899538 -0.0022734011467632734 -0.012130206618686228 -0.014745964046922225 -0.017020700786886344 -0.0014422281587468085 0.0011227704129347308 -0.00073765814923634277 -0.00059503759674711426 0.0034968881428566012 -0.0032882984327701919 1.5584335786182475e-05
leaf_weight=224000 1979333 44136 168236 19648 120898 36846 4330 147669 119272 309772 178473 121620 268440 1269 9594 19574 70938 4514 26210 11546 2612 6412 2751 280398 396614 609699 112354 79601 83313 12274865
leaf_count=224000 1979333 44136 168236 19648 120898 36846 4330 147669 119272 309772 178473 121620 268440 1269 9594 19574 70938 4514 26210 11546 2612 6412 2751 280398 396614 609699 112354 79601 83313 12274865
internal_value=4.72598e-13 2.1706e-05 3.22668e-05 1.0689e-05 -6.91926e-05 1.68002e-07 -0.00117915 -0.000972904 -0.000675398 4.00181e-05 1.18227e-05 0.00161183 -0.00104455 -0.00365861 -0.00171899 -0.00823627 -0.000575934 -0.00235453 -0.00623828 -0.0124207 -0.0267696 -0.0067268 -0.00358955 4.61018e-05 1.79282e-05 -0.00118754 0.000900331 0.00146004 -0.00104429 5.0239e-05
internal_weight=1.77349e+07 1.75109e+07 1.74668e+07 1.72986e+07 1.53192e+07 1.42273e+07 465036 1.09196e+06 944286 1.37622e+07 1.35197e+07 242518 460706 70034 49191 20843 390672 122232 51294 25084 7126 17958 39597 1.321e+07 1.29519e+07 712660 231626 258074 693012 1.26715e+07
internal_count=17734937 17510937 17466801 17298565 15319232 14227277 465036 1091955 944286 13762241 13519723 242518 460706 70034 49191 20843 390672 122232 51294 25084 7126 17958 39597 13209951 12951877 712660 231626 258074 693012 12671479
is_linear=0
shrinkage=0.1


Tree=51
num_leaves=31
num_cat=0
split_feature=0 2 0 7 5 9 5 1 0 1 1 0 1 3 0 1 2 3 8 2 4 4 8 3 1 7 0 3 10 3
split_gain=58.2705 94.4096 75.984 70.4383 70.1153 54.4731 63.8845 54.3608 72.8452 54.1121 51.4982 71.427 47.045 67.513 46.6951 65.5513 57.0952 73.4699 79.1152 99.1217 79.0668 79.021 73.5185 91.2129 71.4459 207.237 88.9848 71.0662 77.5717 84.1097
threshold=3.5000000000000004 35.500000000000007 10.500000000000002 52402726.000000007 58288.500000000007 51422.000000000007 54068.000000000007 258.50000000000006 13.500000000000002 231.50000000000003 330.50000000000006 17.500000000000004 17.500000000000004 32975.500000000007 113.50000000000001 2058.5000000000005 61.500000000000007 64882.000000000007 48152.500000000007 47.500000000000007 63105.000000000007 27401.500000000004 96925.500000000015 128820.50000000001 1227.5000000000002 780555.21875000012 63.500000000000007 123088.00000000001 84370.000000000015 94247.000000000015
decision_type=2 2 2 2 2 2 2 2 2 2 2 2 2 2 2 2 2 2 2 2 2 2 2 2 2 2 2 2 2 2
left_child=3 4 9 -1 5 -2 -7 -4 -9 -3 -10 -12 -5 -14 15 16 17 18 -13 20 -20 -21 24 -24 25 -19 -26 28 29 -27
right_child=1 2 7 12 -6 6 -8 8 10 -11 11 14 13 -15 -16 -17 -18 22 19 21 -22 -23 23 -25 26 27 -28 -29 -30 -31
leaf_value=-0.0016656314792086386 0.00052972692118295121 -0.00070958568199474788 0.0016577823744997899 -0.0018268509658625203 0.0019153289137909613 -0.022294545479098038 -0.0020907022421285341 -0.0017716803586649084 0.0014259022054455965 -0.0033728941285138692 -0.0015850831896183169 -9.0291084872955883e-07 0.011678330776349161 0.0010693657221168306 0.00037834190062127756 -0.0013691575280404937 -0.00061006238388830621 -0.047725436118516061 -0.00018186009136774204 -0.016532096306862136 -0.01490197723532237 -0.0023071870301279106 -0.0026508720589051471 -0.023303446664155517 -0.0030267432655960991 0.00063394940338269397 0.00010689769640294654 0.0059549392717467503 -0.0020117369325138267 0.0025329787926801042
leaf_weight=431712 1198692 699995 197425 58717 395398 1612 53732 231712 254354 85618 282061 4161232 6260 143588 2905961 376724 1443618 880 582117 3956 3672 304139 9312 2776 96051 1809918 1602234 26547 97195 267729
leaf_count=431712 1198692 699995 197425 58717 395398 1612 53732 231712 254354 85618 282061 4161232 6260 143588 2905961 376724 1443618 880 582117 3956 3672 304139 9312 2776 96051 1809918 1602234 26547 97195 267729
internal_value=1.8162e-16 3.50803e-05 -4.17174e-05 -0.000936604 0.00075421 0.000388109 -0.00267918 9.62867e-06 -1.28705e-05 -0.000999839 1.57679e-05 -9.89541e-06 0.000572422 0.00151256 2.25492e-05 -7.32897e-05 -2.64001e-05 6.75571e-05 -0.000184258 -0.00103782 -0.000274133 -0.00248984 0.000392902 -0.00739372 0.000417033 0.000792866 -7.03337e-05 0.000812261 0.000749488 0.000878661
internal_weight=1.77349e+07 1.70947e+07 1.54452e+07 640277 1.64943e+06 1.25404e+06 55344 1.46596e+07 1.44622e+07 785613 1.42305e+07 1.39761e+07 208565 149848 1.36941e+07 1.07881e+07 1.04114e+07 8.96776e+06 5.05512e+06 893884 585789 308095 3.91264e+06 12088 3.90055e+06 2.20227e+06 1.69828e+06 2.20139e+06 2.17484e+06 2.07765e+06
internal_count=17734937 17094660 15445226 640277 1649434 1254036 55344 14659613 14462188 785613 14230476 13976122 208565 149848 13694061 10788100 10411376 8967758 5055116 893884 585789 308095 3912642 12088 3900554 2202269 1698285 2201389 2174842 2077647
is_linear=0
shrinkage=0.1


Tree=52
num_leaves=31
num_cat=0
split_feature=9 5 9 2 8 6 3 9 5 5 0 4 5 9 7 5 6 8 4 3 7 3 9 8 7 1 5 9 8 0
split_gain=53.6052 117.565 141.385 177.628 89.1123 136.502 82.7445 112.033 154.385 136.127 114.554 107.542 104.436 182.144 122.835 81.3497 74.8814 69.1106 75.5938 72.6204 89.8843 69.6355 77.6115 71.5655 68.4518 64.6305 64.5338 67.5435 63.2742 62.7235
threshold=71480.500000000015 73184.500000000015 69746.000000000015 54.500000000000007 41629.500000000007 58762.050781250007 83386.000000000015 59038.500000000007 62077.500000000007 60615.500000000007 50.500000000000007 58273.000000000007 64126.000000000007 60979.500000000007 127980664.00000001 72864.500000000015 54563.199218750007 66731.500000000015 65802.000000000015 68928.000000000015 1379793.0000000002 67199.000000000015 61646.500000000007 60285.000000000007 2553693.6250000005 1255.5000000000002 71561.000000000015 69087.000000000015 60514.000000000007 111.50000000000001
decision_type=2 2 2 2 2 2 2 2 2 2 2 2 2 2 2 2 2 2 2 2 2 2 2 2 2 2 2 2 2 2
left_child=1 2 6 -4 5 -3 7 8 -1 11 12 -9 14 -14 28 -2 -16 19 24 21 -21 23 -23 -15 -19 -6 27 -22 -11 -17
right_child=15 4 3 -5 25 -7 -8 9 -10 10 -12 -13 13 17 16 29 -18 18 -20 20 26 22 -24 -25 -26 -27 -28 -29 -30 -31
leaf_value=7.1509638228628543e-07 -0.022816066247948619 -0.0015142927324242486 -0.00072060364580864517 -0.010189457540879677 0.00247567105061159 -0.031798797576519676 0.0007004708904677563 -0.0090153245007118521 0.0021623697786956318 -0.0029330575905035616 -1.7813747099772513e-05 -0.056867057684755432 0.0030375034803755974 0.0013500634044636174 -0.004862251590594821 -0.0007222472432444262 -0.029196421862544432 -0.030760181352669724 0.0062766503764984816 -0.031331379171010788 -0.0028056518503374356 -0.011593175552117321 0.0041948366270761093 -0.0032113661405239382 -0.0078074910846733271 0.00026735844375943874 0.0015591273449289003 -0.024179170249324672 -0.012342027558708847 0.0008094272069754712
leaf_weight=11306864 1631 6012 57222 30303 343803 1978 1649012 13191 340340 149566 1033822 487 93298 62908 2175 1646992 3021 1395 3634 1076 259737 3330 47927 75888 18945 215667 36547 1487 7506 319173
leaf_count=11306864 1631 6012 57222 30303 343803 1978 1649012 13191 340340 149566 1033822 487 93298 62908 2175 1646992 3021 1395 3634 1076 259737 3330 47927 75888 18945 215667 36547 1487 7506 319173
internal_value=-1.39377e-14 6.14189e-05 8.65805e-06 -0.00399892 0.00147464 -0.00901151 3.18687e-05 -5.0024e-05 6.38803e-05 -0.000780591 -0.000705164 -0.0107191 -0.00162989 -0.00102672 -0.0038831 -0.000492125 -0.0190104 -0.00176606 -0.00700818 -0.001509 -0.00248093 1.92909e-05 0.00316914 -0.00114394 -0.00938168 0.0016244 -0.00237667 -0.00292732 -0.00338268 -0.000473606
internal_weight=1.77349e+07 1.57671e+07 1.51997e+07 87525 567460 7990 1.51122e+07 1.34631e+07 1.16472e+07 1.81594e+06 1.80226e+06 13678 768440 606172 162268 1.9678e+06 5196 512874 23974 488900 298847 190053 51257 138796 20340 559470 297771 261224 157072 1.96616e+06
internal_count=17734937 15767141 15199681 87525 567460 7990 15112156 13463144 11647204 1815940 1802262 13678 768440 606172 162268 1967796 5196 512874 23974 488900 298847 190053 51257 138796 20340 559470 297771 261224 157072 1966165
is_linear=0
shrinkage=0.1


Tree=53
num_leaves=31
num_cat=0
split_feature=1 2 0 7 1 0 1 7 9 3 2 6 3 8 3 9 4 2 3 9 4 3 8 8 8 7 4 3 3 9
split_gain=49.974 58.7108 82.7863 49.9672 49.6537 48.6185 98.2949 66.5309 82.1365 77.4755 75.1203 77.3114 78.1786 91.5425 163.916 121.066 102.481 101.484 90.2755 94.6001 87.9729 83.5481 79.8889 75.0128 112.317 69.3055 91.8132 105.804 82.7604 96.182
threshold=45.500000000000007 37.500000000000007 9.5000000000000018 65724970.000000007 231.50000000000003 93.500000000000014 1723.5000000000002 4863112.7500000009 79108.500000000015 96897.500000000015 61.500000000000007 100679.25000000001 64882.000000000007 50789.000000000007 63738.500000000007 51279.500000000007 34523.000000000007 50.500000000000007 66292.000000000015 50443.000000000007 44137.500000000007 80887.000000000015 64686.500000000007 53794.000000000007 58201.500000000007 109900992.00000001 19024.500000000004 81446.500000000015 128820.50000000001 79665.000000000015
decision_type=2 2 2 2 2 2 2 2 2 2 2 2 2 2 2 2 2 2 2 2 2 2 2 2 2 2 2 2 2 2
left_child=3 -2 -3 -1 -4 6 7 8 -6 -10 11 12 13 -9 15 -15 -16 22 -14 -20 -19 -21 -18 -22 -25 28 -27 -28 29 -23
right_child=1 2 4 -5 5 -7 -8 10 9 -11 -12 -13 18 14 16 -17 17 20 19 21 23 25 -24 24 -26 26 27 -29 -30 -31
leaf_value=-0.0023697245551481975 0.00044826411058412506 -0.0012018264290159023 0.0019308947928710959 0.00027275025315060572 -0.00053803155407400511 0.00023226220207348705 -0.0018361811678247006 4.3954465043772723e-05 -0.016312043223606396 -0.0023182124745275002 -0.00077527362245017543 -0.0087973816967956212 0.002966894160904403 -0.029965857613246657 -0.020054253642755936 -0.00056714994274111973 -0.0018021723066555283 0.0070453425925953899 0.002007007875602959 -0.00037324812886880095 -0.023345105173580946 0.0013173308553065506 -0.023290209674964063 0.00019493068252964457 -0.028528890172972922 0.001860730442102326 -0.032067736780064471 -0.0028228953722657466 0.0073518987827523715 -0.00094306770125691984
leaf_weight=174881 2724670 605742 130865 121119 2036753 4788641 337305 2336351 6307 10615 941502 9562 146412 1407 4960 316246 42286 2038 334933 1244438 6098 1000576 1804 4770 1905 57687 1254 91785 20157 231868
leaf_count=174881 2724670 605742 130865 121119 2036753 4788641 337305 2336351 6307 10615 941502 9562 146412 1407 4960 316246 42286 2038 334933 1244438 6098 1000576 1804 4770 1905 57687 1254 91785 20157 231868
internal_value=1.29148e-13 2.18697e-05 -5.70866e-05 -0.00128846 -7.93779e-06 -2.609e-05 -0.000160724 -9.68789e-05 -0.000595676 -0.00753385 5.38068e-05 0.000187091 0.000201784 -0.000190568 -0.00162676 -0.000697367 -0.00624965 -0.00508718 0.00054257 0.000423567 -0.0122489 0.000223267 -0.00268138 -0.0153273 -0.00800265 0.000752242 -0.00127365 -0.00321706 0.000996019 0.000892067
internal_weight=1.77349e+07 1.74389e+07 1.47143e+07 296000 1.41085e+07 1.39777e+07 9.18902e+06 8.85171e+06 2.05368e+06 16922 6.79804e+06 5.85654e+06 5.84698e+06 2.71786e+06 381514 317653 63861 58901 3.12911e+06 2.9827e+06 14811 2.64776e+06 44090 12773 6675 1.40333e+06 150726 93039 1.2526e+06 1.23244e+06
internal_count=17734937 17438937 14714267 296000 14108525 13977660 9189019 8851714 2053675 16922 6798039 5856537 5846975 2717865 381514 317653 63861 58901 3129110 2982698 14811 2647765 44090 12773 6675 1403327 150726 93039 1252601 1232444
is_linear=0
shrinkage=0.1


Tree=54
num_leaves=31
num_cat=0
split_feature=2 3 6 9 3 1 2 5 0 4 7 10 8 7 2 10 3 8 3 8 5 0 3 3 5 4 0 2 5 8
split_gain=46.7198 48.0343 109.009 76.0452 101.116 83.7865 68.7158 79.123 65.2591 62.7101 82.2537 62.3488 69.7176 57.4348 59.1803 75.2605 79.8999 55.6083 91.1996 97.294 110.388 97.6797 105.908 100.735 81.5365 94.8817 90.2263 87.4081 76.9059 75.6713
threshold=74.500000000000014 120532.00000000001 94227.750000000015 71480.500000000015 85346.000000000015 1024.5000000000002 55.500000000000007 73184.500000000015 32.500000000000007 40631.000000000007 273840528.00000006 73216.000000000015 74131.500000000015 8718038.5000000019 51.500000000000007 56515.500000000007 107588.00000000001 54635.000000000007 61798.000000000007 40861.000000000007 57966.000000000007 38.500000000000007 48934.500000000007 31399.000000000004 73184.500000000015 30169.000000000004 51.500000000000007 61.500000000000007 45596.500000000007 61710.500000000007
decision_type=2 2 2 2 2 2 2 2 2 2 2 2 2 2 2 2 2 2 2 2 2 2 2 2 2 2 2 2 2 2
left_child=1 3 -3 4 17 13 7 -5 -8 10 11 -9 -13 -6 -15 -16 -17 18 19 -1 21 22 23 -21 26 -26 27 29 -25 -19
right_child=-2 2 -4 6 5 -7 8 9 -10 -11 -12 12 -14 14 15 16 -18 24 -20 20 -22 -23 -24 28 25 -27 -28 -29 -30 -31
leaf_value=0.00014981022311539774 -0.0013933695986864676 0.0026877059382163738 -0.0029146668847489965 -0.017727460648957607 0.0037920233000228332 0.00027270565147206546 -0.0044218141669594719 -0.029341445077261753 -0.0011523787364832224 -5.3191681411009025e-05 -0.00026155525970411679 -0.0039029882635719889 -0.018093278110604075 0.003023067569956529 0.0039481283278921539 -0.00072469658296967843 0.0048694888115088141 -0.00058070881901609939 0.00055588164950510122 -0.011971426937503249 0.0011743774369915106 -0.00038791484633717585 -0.002525423882596245 -0.0047190045257374325 -0.011214248903412233 0.0014891716329694452 -8.7121549047114774e-05 -0.0060559565497607503 0.0013556278152106679 -0.0025038222722809141
leaf_weight=5550670 237419 166667 43874 2581 114922 980331 71599 1313 414428 1217139 31565 16524 4380 138596 54346 240753 28560 716535 3010786 6591 313208 1596363 528759 23793 6010 270789 1454708 37362 167981 286385
leaf_count=5550670 237419 166667 43874 2581 114922 980331 71599 1313 414428 1217139 31565 16524 4380 138596 54346 240753 28560 716535 3010786 6591 313208 1596363 528759 23793 6010 270789 1454708 37362 167981 286385
internal_value=1.42647e-13 1.89062e-05 0.00152024 6.21198e-07 7.12244e-05 0.000835488 -0.000622436 -0.000236371 -0.00163402 -0.00020085 -0.0035425 -0.00820394 -0.00687627 0.00179137 0.00129398 0.00055356 -0.000131447 -1.39833e-05 8.5278e-05 -8.77798e-05 -0.000587945 -0.000825508 -0.00178622 0.00018419 -0.000415003 0.00121335 -0.000595655 -0.00130678 0.000601961 -0.00112986
internal_weight=1.77349e+07 1.74975e+07 210541 1.7287e+07 1.55274e+07 1.55751e+06 1.75953e+06 1.2735e+06 486027 1.27092e+06 53782 22217 20904 577177 462255 323659 269313 1.39699e+07 1.11982e+07 8.18736e+06 2.6367e+06 2.32349e+06 727124 198365 2.77179e+06 276799 2.49499e+06 1.04028e+06 191774 1.00292e+06
internal_count=17734937 17497518 210541 17286977 15527448 1557508 1759529 1273502 486027 1270921 53782 22217 20904 577177 462255 323659 269313 13969940 11198151 8187365 2636695 2323487 727124 198365 2771789 276799 2494990 1040282 191774 1002920
is_linear=0
shrinkage=0.1


Tree=55
num_leaves=31
num_cat=0
split_feature=1 2 0 9 3 10 8 3 3 0 5 4 9 8 5 8 1 4 5 4 4 6 5 6 10 3 8 0 2 3
split_gain=46.126 50.7316 84.7198 53.1649 116.745 92.6333 79.6853 129.198 94.5431 96.6857 79.6768 77.9655 75.1536 71.9431 71.8659 70.2464 75.0549 67.7711 64.2464 60.6732 66.9712 75.3015 82.5603 63.3726 106.861 62.6442 62.1359 59.5972 56.1778 88.0722
threshold=27.500000000000004 43.500000000000007 8.5000000000000018 38723.500000000007 64882.000000000007 56337.000000000007 48152.500000000007 57181.500000000007 56987.000000000007 49.500000000000007 53206.000000000007 34375.000000000007 51120.500000000007 58433.000000000007 64716.000000000007 53271.500000000007 741.50000000000011 48234.500000000007 51085.500000000007 46842.500000000007 47534.000000000007 61065.000000000007 57112.500000000007 64313.349609375007 67229.500000000015 63738.500000000007 49482.500000000007 78.500000000000014 64.500000000000014 107588.00000000001
decision_type=2 2 2 2 2 2 2 2 2 2 2 2 2 2 2 2 2 2 2 2 2 2 2 2 2 2 2 2 2 2
left_child=-1 -2 -3 -4 6 -6 7 27 13 10 12 14 17 15 -12 -8 -17 18 -10 -13 25 22 -22 -23 -25 26 -21 -5 -7 -30
right_child=1 2 3 4 5 28 8 -9 9 -11 11 19 -14 -15 -16 16 -18 -19 -20 20 21 23 -24 24 -26 -27 -28 -29 29 -31
leaf_value=-0.0017345311302356459 0.00024964981943129583 -0.002036288240202566 0.00038820655129410497 -0.0016876621693682377 0.00070451564506373351 -7.3622234525024061e-06 -0.00087360127689099483 0.00061882714616767536 -0.030657238633408398 -0.0013983669711998834 -0.019344475438502467 -0.00031476265654834901 -0.032464648517398421 -0.029463600487114279 0.0065392218173205814 0.01102767090318852 0.0015809869961892747 -0.034273780330435419 -0.0047785829163990356 -0.020308980397065565 -0.0085537848380197231 -0.018924715138280177 -0.00017207938187127484 0.01284244057416806 -0.017507284765182009 -0.019287465462904014 -0.0033907403008057572 -0.00027651730544257645 -0.0015573671262970796 0.00070891495384716352
leaf_weight=152000 6045536 223425 2069985 649639 1651100 4030741 154386 773151 1046 360406 5361 50188 1501 817 1341 10042 51766 976 11577 2651 15184 5259 51991 2237 2410 5140 11986 554940 597683 240472
leaf_count=152000 6045536 223425 2069985 649639 1651100 4030741 154386 773151 1046 360406 5361 50188 1501 817 1341 10042 51766 976 11577 2651 15184 5259 51991 2237 2410 5140 11986 554940 597683 240472
internal_value=5.39648e-13 1.49946e-05 -0.000107964 -6.98835e-05 -0.000172463 5.72413e-05 -0.000722268 -0.00039003 -0.00160276 -0.00232349 -0.00429817 -0.0036174 -0.0112298 0.000155004 -0.0141654 0.000266934 0.0031158 -0.00888597 -0.00692301 -0.00313665 -0.00459884 -0.00326691 -0.00206665 -0.0114061 -0.00289736 -0.00979006 -0.00645491 -0.00103756 -0.000162257 -0.000907156
internal_weight=1.77349e+07 1.75829e+07 1.15374e+07 1.1314e+07 9.24399e+06 6.52e+06 2.724e+06 1.97773e+06 746265 529254 168848 153748 15100 217011 6702 216194 61808 13599 12623 147046 96858 77081 67175 9906 4647 19777 14637 1.20458e+06 4.8689e+06 838155
internal_count=17734937 17582937 11537401 11313976 9243991 6519996 2723995 1977730 746265 529254 168848 153748 15100 217011 6702 216194 61808 13599 12623 147046 96858 77081 67175 9906 4647 19777 14637 1204579 4868896 838155
is_linear=0
shrinkage=0.1


Tree=56
num_leaves=31
num_cat=0
split_feature=2 0 7 9 3 0 5 3 9 5 4 8 2 3 7 7 4 4 3 0 1 3 6 6 7 5 8 0 8 10
split_gain=42.3784 78.7634 60.904 67.4337 61.0717 59.8964 57.6903 53.9888 96.9382 56.9542 97.551 112.181 51.8629 68.2874 58.7581 51.3349 46.8405 45.9248 60.3172 100.429 45.7864 45.197 52.7026 40.7975 40.7333 39.4283 39.6052 74.9633 50.7171 43.7805
threshold=55.500000000000007 26.500000000000004 4863112.7500000009 72228.500000000015 94247.000000000015 5.5000000000000009 74674.500000000015 112286.00000000001 74706.500000000015 92613.000000000015 66735.500000000015 76489.500000000015 74.500000000000014 102198.50000000001 14408186.000000002 2180449.3750000005 49154.000000000007 88353.500000000015 128820.50000000001 9.5000000000000018 17.500000000000004 120532.00000000001 94227.750000000015 90528.351562500015 8718038.5000000019 111233.00000000001 85788.000000000015 67.500000000000014 87946.000000000015 91767.000000000015
decision_type=2 2 2 2 2 2 2 2 2 2 2 2 2 2 2 2 2 2 2 2 2 2 2 2 2 2 2 2 2 2
left_child=2 7 3 5 -5 -1 -7 8 12 10 11 -9 13 -2 -15 -10 -14 20 -19 -20 -4 -22 23 -23 -12 26 -3 -28 29 -29
right_child=1 25 17 4 -6 6 -8 9 15 -11 24 -13 16 14 -16 -17 -18 18 19 -21 21 22 -24 -25 -26 -27 27 28 -30 -31
leaf_value=-0.0031970442308794362 -0.0016919825411545288 -0.00010354357603236134 -0.00243107709538278 -0.0064828950435062262 0.0027999756525670552 -0.00018745115121438356 0.023256595809278746 0.0015762278959854288 0.033841882862640497 -0.0066252059724968022 -0.0038825805849896713 -0.027931421635142208 -0.0034072667836129349 0.0096259279608558908 -0.00021160721411597603 -0.008560467983382487 -0.019324578892846288 -0.0013547333679225521 -0.003648822625134952 -0.029287322523763006 0.00022337800356008993 0.0031031625090260921 -0.0012545092781915141 0.010293429085492222 0.013547240588543858 0.015262330983443043 -0.009315015031244744 -0.0013992870315221778 0.003838456054756459 -0.017170328770453512
leaf_weight=67238 345792 3893769 64611 31065 9182 3012133 1050 21630 289 6536 1554 1370 4777 10047 15344 23695 3016 51805 5366 2136 10056915 27864 19287 11009 9773 1664 13534 6119 13896 2471
leaf_count=67238 345792 3893769 64611 31065 9182 3012133 1050 21630 289 6536 1554 1370 4777 10047 15344 23695 3016 51805 5366 2136 10056915 27864 19287 11009 9773 1664 13534 6119 13896 2471
internal_value=-5.11217e-13 -0.000270117 8.84632e-05 -0.000298286 -0.00436509 -0.000245152 -0.000179282 -0.00153291 -0.00188413 0.00193057 0.00355963 -0.000181402 -0.00149394 -0.00132444 0.00368102 -0.00804953 -0.00956749 0.000206338 -0.00256832 -0.0109487 0.000222503 0.000239453 0.00301911 0.00513948 0.011156 -0.000127561 -0.000134077 -0.00343477 0.000104468 -0.00593599
internal_weight=1.77349e+07 4.37528e+06 1.33597e+07 3.12067e+06 40247 3.08042e+06 3.01318e+06 443823 402960 40863 34327 23000 378976 371183 25391 23984 7793 1.0239e+07 59307 7502 1.01797e+07 1.01151e+07 58160 38873 11327 3.93145e+06 3.92979e+06 36020 22486 8590
internal_count=17734937 4375276 13359661 3120668 40247 3080421 3013183 443823 402960 40863 34327 23000 378976 371183 25391 23984 7793 10238993 59307 7502 10179686 10115075 58160 38873 11327 3931453 3929789 36020 22486 8590
is_linear=0
shrinkage=0.1


Tree=57
num_leaves=31
num_cat=0
split_feature=0 7 2 1 3 8 5 9 4 3 9 10 5 7 10 9 8 6 5 4 10 6 4 6 9 3 5 0 4 4
split_gain=37.5814 64.2705 54.6502 57.1135 40.152 73.4122 87.513 179.657 85.1579 86.5015 88.0328 83.8862 71.046 101.947 83.45 83.0214 77.7161 66.8845 70.9296 66.1702 62.7403 108.038 62.4788 57.9062 116.104 103 80.6229 75.8267 70.3328 136.659
threshold=4.5000000000000009 44132210.000000007 32.500000000000007 231.50000000000003 109141.50000000001 78603.500000000015 82623.000000000015 79665.000000000015 60350.000000000007 86380.500000000015 80948.500000000015 80731.500000000015 90935.000000000015 5224437.0000000009 81432.000000000015 87007.000000000015 83493.500000000015 72313.500000000015 76558.000000000015 18360.000000000004 73602.500000000015 60842.849609375007 28810.500000000004 71254.097656250015 70775.500000000015 78967.500000000015 73184.500000000015 27.500000000000004 52480.000000000007 23336.000000000004
decision_type=2 2 2 2 2 2 2 2 2 2 2 2 2 2 2 2 2 2 2 2 2 2 2 2 2 2 2 2 2 2
left_child=1 -1 3 -2 5 6 7 17 -7 10 -10 -8 13 14 -11 -14 -15 18 20 -13 23 -22 -19 24 26 -26 -4 -27 29 -29
right_child=2 -3 4 -5 -6 8 11 -9 9 12 -12 19 15 16 -16 -17 -18 22 -20 -21 21 -23 -24 -25 25 27 -28 28 -30 -31
leaf_value=-0.0013108023326161267 0.0025997979879621288 0.00057343115821202855 -1.4450884516569618e-05 0.00042866071556212163 0.0008243319260158549 -0.0108263916671196 0.0054350483217705959 -0.014936638323092272 -0.010021836228538568 0.0013654804754826633 0.0050840663963114575 -0.017803137297147872 0.0053424101874850159 -0.0016247520818141832 -0.018100866422917243 -0.0019998025700533983 -0.0091335417455691067 -0.02887403835782508 0.0020636918020629134 0.0010878828571245119 -0.032635669513922376 -0.0020173119538841894 -0.0010967165345313044 0.0033585284186033598 -0.0096349364995593299 -0.0075407273996209992 0.0017965563359657729 -0.00091297353949901575 0.00067914498905294969 -0.023266692630677599
leaf_weight=530249 151155 274865 13891193 610601 560494 10001 52156 8092 4416 3012 30526 1873 21865 86464 8191 52090 16398 811 165864 184512 1164 115898 525903 51237 19904 18862 250249 9797 73301 3794
leaf_count=530249 151155 274865 13891193 610601 560494 10001 52156 8092 4416 3012 30526 1873 21865 86464 8191 52090 16398 811 165864 184512 1164 115898 525903 51237 19904 18862 250249 9797 73301 3794
internal_value=-6.92154e-13 -0.000667527 3.17449e-05 0.000859479 -7.25366e-06 -3.71173e-05 -1.04206e-05 -4.03714e-05 -0.00179899 -0.00139407 0.00317497 0.00189004 -0.00224319 -0.00380841 -0.0128672 0.000170943 -0.00282178 -3.24034e-05 7.53263e-06 0.000898045 -1.60928e-05 -0.00232176 -0.00113949 2.75759e-06 -9.29389e-06 -0.00303557 1.7597e-05 -0.0017935 -0.000545922 -0.00715313
internal_weight=1.77349e+07 805114 1.69298e+07 761756 1.61681e+07 1.56076e+07 1.53746e+07 1.51361e+07 232963 222962 34942 238541 188020 114065 11203 73955 102862 1.5128e+07 1.46013e+07 186385 1.44354e+07 117062 526714 1.43183e+07 1.42671e+07 125658 1.41414e+07 105754 86892 13591
internal_count=17734937 805114 16929823 761756 16168067 15607573 15374610 15136069 232963 222962 34942 238541 188020 114065 11203 73955 102862 15127977 14601263 186385 14435399 117062 526714 14318337 14267100 125658 14141442 105754 86892 13591
is_linear=0
shrinkage=0.1


Tree=58
num_leaves=31
num_cat=0
split_feature=2 7 3 5 3 1 7 2 10 7 3 2 8 2 4 8 5 2 3 3 8 3 3 5 4 4 4 6 2 7
split_gain=37.223 79.7962 58.8531 47.4425 76.3975 33.5536 53.5166 48.3053 44.984 68.5152 62.6027 56.1535 46.5458 90.6394 50.7707 40.5474 73.3261 76.0398 71.1064 64.8383 75.194 121.25 113.687 104.259 73.5483 58.8311 80.0715 56.9104 54.8459 55.426
threshold=79.500000000000014 2396416.0000000005 84465.500000000015 69591.500000000015 109141.50000000001 63.500000000000007 44132210.000000007 32.500000000000007 98318.000000000015 26906340.000000004 123088.00000000001 44.500000000000007 75850.500000000015 73.500000000000014 79871.500000000015 82020.000000000015 90935.000000000015 66.500000000000014 120532.00000000001 96897.500000000015 74131.500000000015 89279.500000000015 91299.500000000015 81363.500000000015 59433.000000000007 67647.500000000015 69997.500000000015 76426.500000000015 40.500000000000007 30259644.000000004
decision_type=2 2 2 2 2 2 2 2 2 2 2 2 2 2 2 2 2 2 2 2 2 2 2 2 2 2 2 2 2 2
left_child=5 2 -2 -3 -5 6 -1 -7 10 11 15 -10 -12 -14 -15 19 17 18 -17 20 23 24 25 27 -22 -23 -27 -9 -21 -30
right_child=1 3 -4 4 -6 7 -8 8 9 -11 12 -13 13 14 -16 16 -18 -19 -20 28 21 22 -24 -25 -26 26 -28 -29 29 -31
leaf_value=-0.0018840074537900737 -0.026662456781803807 0.00015790069061648131 -0.0062610201986441731 -0.015220378918084296 -0.0015731424868740294 0.00074173175385648085 0.00032655545552367598 -3.2905084184534097e-05 -0.00095487347137343927 -8.4159918201714794e-05 0.00074612176912450332 -0.010844146071797917 0.0058175375063572211 -0.027537760293937674 -0.0020807148954566168 -0.0041264628549337054 -0.00010168999490490191 -0.019872970773357243 0.014282961745972418 0.0062207194766050961 -0.010228117722730575 -0.00045270126275903866 -0.002590497278984328 0.0039829057132221802 0.0005305488692037895 -0.020076388377289554 -0.0067388922624444922 -0.010070220900977835 0.0012019023116103904 -0.00035624524434828048
leaf_weight=234572 2054 63395 4538 5695 14664 909360 205428 14513470 9569 38783 84822 14356 45188 1208 2229 58615 132330 2963 2176 18126 6620 4678 96918 64812 158213 8527 9534 5651 670210 346233
leaf_count=234572 2054 63395 4538 5695 14664 909360 205428 14513470 9569 38783 84822 14356 45188 1208 2229 58615 132330 2963 2176 18126 6620 4678 96918 64812 158213 8527 9534 5651 670210 346233
internal_value=-1.84037e-13 -0.00202461 -0.0126179 -0.00119085 -0.00539067 1.03667e-05 -0.000851936 3.24197e-05 -7.16367e-06 -0.00268036 3.16316e-06 -0.00688885 0.00216016 0.00462682 -0.0110281 -1.47164e-05 -0.00144394 -0.00422995 -0.0034675 2.90588e-06 -5.03569e-05 -0.00166049 -0.00408353 -1.89478e-05 9.84608e-05 -0.0104471 -0.0130358 -3.68117e-05 0.000768378 0.000671147
internal_weight=1.77349e+07 90346 6592 83754 20359 1.76446e+07 440000 1.72046e+07 1.62952e+07 62708 1.62325e+07 23925 133447 48625 3437 1.60991e+07 196084 63754 60791 1.5903e+07 1.48684e+07 284490 119657 1.45839e+07 164833 22739 18061 1.45191e+07 1.03457e+06 1.01644e+06
internal_count=17734937 90346 6592 83754 20359 17644591 440000 17204591 16295231 62708 16232523 23925 133447 48625 3437 16099076 196084 63754 60791 15902992 14868423 284490 119657 14583933 164833 22739 18061 14519121 1034569 1016443
is_linear=0
shrinkage=0.1


Tree=59
num_leaves=31
num_cat=0
split_feature=2 0 7 0 4 2 4 3 4 3 3 5 4 7 8 7 2 10 4 3 8 5 7 7 9 5 6 3 8 4
split_gain=36.5587 73.3941 43.804 69.239 75.8759 107.31 97.7869 68.7719 78.7402 133.486 111.56 144.675 79.8844 69.9051 68.6352 65.1528 72.635 60.387 54.6851 185.535 89.0088 93.9666 76.3621 80.1876 66.1086 57.2056 54.2322 73.4604 53.3362 42.0425
threshold=58.500000000000007 26.500000000000004 6508782.7500000009 52.500000000000007 70588.000000000015 50.500000000000007 71501.000000000015 78281.000000000015 54475.500000000007 68522.000000000015 66292.000000000015 60615.500000000007 57087.500000000007 2033521.6875000002 74131.500000000015 6248714.0000000009 52.500000000000007 56337.000000000007 53083.000000000007 65460.000000000007 49943.000000000007 52589.500000000007 2465328.7500000005 780555.21875000012 53225.500000000007 53206.000000000007 50973.199218750007 49648.000000000007 52915.000000000007 50165.000000000007
decision_type=2 2 2 2 2 2 2 2 2 2 2 2 2 2 2 2 2 2 2 2 2 2 2 2 2 2 2 2 2 2
left_child=2 -2 3 4 7 -6 -7 8 9 18 -10 12 -12 -9 -8 16 -11 29 20 -20 26 -22 23 -23 25 -25 -1 -28 -19 -18
right_child=1 -3 -4 -5 5 6 14 13 10 15 11 -13 -14 -15 -16 -17 17 28 19 -21 21 22 -24 24 -26 -27 27 -29 -30 -31
leaf_value=-0.00063353169857924838 -0.0018452744416728739 -0.00015755760588454339 0.00018256449400452814 0.00012724575478782226 -0.0019722784948838332 -0.03876759253641951 0.020595998263789841 -0.008838353393801901 0.0013026202580544918 0.0079677007109175742 -0.016246896935156845 -0.003978157912248691 -0.051435715778052726 0.0027371999489581018 -0.013090294863910949 -0.008307280171532672 0.0017807401623036404 -0.029300957756512092 0.0064782759452400905 -0.024563683746717982 -0.025150108079464814 0.010804463225862976 -0.0020273343939508034 -0.035131625794231319 -0.019780422807241703 -0.0036851445675860832 -0.019271494012437863 0.0076403210624967051 -0.002841177775495655 0.01214966834793246
leaf_weight=1334215 283632 2814866 10069574 2739105 25285 1418 662 5544 42939 32026 3579 96262 787 88466 7005 4162 15851 825 23162 2100 1966 1741 95985 626 6134 7622 1099 13161 9947 5191
leaf_count=1334215 283632 2814866 10069574 2739105 25285 1418 662 5544 42939 32026 3579 96262 787 88466 7005 4162 15851 825 23162 2100 1966 1741 95985 626 6134 7622 1099 13161 9947 5191
internal_value=-1.7814e-13 -0.000312049 6.60599e-05 -0.000190823 -0.000667486 -0.00532163 -0.0146434 -0.00057829 -0.00072394 -0.000517163 -0.00296475 -0.00478568 -0.0225899 0.00205456 -0.0101817 0.00381547 0.0046058 0.0012215 -0.000715191 0.00389779 -0.000794869 -0.00347706 -0.00309699 -0.00946493 -0.0119186 -0.00607184 -0.000567969 0.00556626 -0.00486766 0.00433872
internal_weight=1.77349e+07 3.0985e+06 1.46364e+07 4.56686e+06 1.82776e+06 34370 9085 1.79339e+06 1.69938e+06 1.55581e+06 143567 100628 4366 94010 7667 68002 63840 31814 1.48781e+06 25262 1.46255e+06 114074 112108 16123 14382 8248 1.34848e+06 14260 10772 21042
internal_count=17734937 3098498 14636439 4566865 1827760 34370 9085 1793390 1699380 1555813 143567 100628 4366 94010 7667 68002 63840 31814 1487811 25262 1462549 114074 112108 16123 14382 8248 1348475 14260 10772 21042
is_linear=0
shrinkage=0.1


Tree=60
num_leaves=31
num_cat=0
split_feature=2 4 6 5 4 7 4 3 3 10 8 1 8 5 4 9 7 3 8 5 4 3 0 8 3 2 3 8 7 3
split_gain=33.3039 42.1428 59.6804 68.7466 51.9257 45.6623 34.7255 53.449 34.4875 87.2432 104.348 86.5523 66.041 83.704 108.481 82.8668 72.4288 63.782 77.5622 116.148 90.8579 77.6226 69.2414 83.1819 84.9253 73.0281 217.227 83.9256 66.4948 63.3539
threshold=70.500000000000014 68138.000000000015 75720.750000000015 77753.000000000015 66735.500000000015 13798839.500000002 73614.500000000015 137408.00000000003 80887.000000000015 64898.500000000007 43215.000000000007 487.50000000000006 54635.000000000007 61484.500000000007 58273.000000000007 59038.500000000007 1939083.5000000002 61798.000000000007 43700.500000000007 54068.000000000007 19693.500000000004 54722.500000000007 30.500000000000004 49943.000000000007 57649.000000000007 61.500000000000007 56234.500000000007 45137.000000000007 1170567.8125000002 103126.50000000001
decision_type=2 2 2 2 2 2 2 2 2 2 2 2 2 2 2 2 2 2 2 2 2 2 2 2 2 2 2 2 2 2
left_child=8 4 3 -3 -2 -4 -7 -8 12 11 29 -10 17 14 16 -15 -14 18 21 20 -20 -1 23 -22 -25 -24 -27 -28 -23 -11
right_child=1 2 5 -5 -6 6 7 -9 9 10 -12 -13 13 15 -16 -17 -18 -19 19 -21 22 28 25 24 -26 26 27 -29 -30 -31
leaf_value=-4.9147797218755761e-05 -0.0006748852996330012 -0.0084524554926509333 0.00077449456608475907 -0.038051883332860997 0.0069520418754123806 -0.0026059670085168225 -0.020554840597597993 0.0025801827136120534 0.003500911004564579 -0.013672826985254028 5.272778763459078e-05 0.0007339434968636387 0.0020660405827987306 0.0017932215634773681 -0.04244254590311182 -0.00043136463466836864 -0.0021164223545876017 0.00047779271584071466 -0.010755441189564559 0.00024932963482706815 -0.0023912740067438417 -0.027247936080452576 -0.0006298159947375208 -0.0068198840074552864 -0.029643069619711644 -0.036514848465393303 0.0031448180145934364 -0.0088468365669896552 0.0010372926531970815 -0.0020339308387475924
leaf_weight=5581142 468311 6468 20635 893 9100 7182 3332 1426 130176 8707 2690837 859299 46163 182831 654 1990276 401667 2718199 10207 789368 227895 832 741410 7026 2123 2146 10900 12563 793065 10104
leaf_count=5581142 468311 6468 20635 893 9100 7182 3332 1426 130176 8707 2690837 859299 46163 182831 654 1990276 401667 2718199 10207 789368 227895 832 741410 7026 2123 2146 10900 12563 793065 10104
internal_value=-6.32924e-14 -0.000790547 -0.00391112 -0.0120433 -0.000529507 -0.00207348 -0.00699543 -0.0136211 2.3754e-05 0.000294311 8.4208e-07 0.00109797 -5.02798e-05 -0.000500901 -0.00174472 -0.000244203 -0.00168529 5.81315e-05 -8.13437e-05 -0.000660306 -0.00136824 8.24574e-05 -0.00127281 -0.00276661 -0.0121159 -0.000811162 -0.00606135 -0.00327598 0.00100765 -0.0074212
internal_weight=1.77349e+07 517347 39936 7361 477411 32575 11940 4758 1.72176e+07 3.69912e+06 2.70965e+06 989475 1.35185e+07 2.62159e+06 448484 2.17311e+06 447830 1.08969e+07 8.17868e+06 1.80364e+06 1.01427e+06 6.37504e+06 1.00406e+06 237044 9149 767019 25609 23463 793897 18811
internal_count=17734937 517347 39936 7361 477411 32575 11940 4758 17217590 3699123 2709648 989475 13518467 2621591 448484 2173107 447830 10896876 8178677 1803638 1014270 6375039 1004063 237044 9149 767019 25609 23463 793897 18811
is_linear=0
shrinkage=0.1


Tree=61
num_leaves=31
num_cat=0
split_feature=2 0 8 3 9 10 3 2 4 9 3 6 7 3 10 5 4 8 3 5 7 4 4 6 4 4 2 3 3 9
split_gain=32.2684 59.587 85.742 91.902 112.754 57.3019 107.681 94.4658 84.965 95.8904 98.1168 84.8935 83.41 73.4843 67.5919 75.1375 69.9867 78.6118 78.0742 73.2079 68.8279 65.3087 58.3124 57.6404 56.6252 54.7772 72.9204 53.8457 58.2235 53.0591
threshold=55.500000000000007 54.500000000000007 85788.000000000015 109141.50000000001 82703.000000000015 66992.500000000015 82247.000000000015 64.500000000000014 57823.500000000007 63887.500000000007 95260.500000000015 76426.500000000015 9167775.5000000019 77663.000000000015 58861.500000000007 60451.500000000007 48618.500000000007 45701.500000000007 57417.500000000007 47777.500000000007 13050816.500000002 51828.500000000007 13793.000000000002 67549.101562500015 46325.000000000007 58044.000000000007 71.500000000000014 100845.50000000001 99437.000000000015 61871.500000000007
decision_type=2 2 2 2 2 2 2 2 2 2 2 2 2 2 2 2 2 2 2 2 2 2 2 2 2 2 2 2 2 2
left_child=-1 2 3 4 5 6 14 13 9 -8 21 12 -9 -7 16 -16 17 18 22 -19 25 -11 -2 27 -22 26 29 28 -14 -17
right_child=1 -3 -4 -5 -6 7 8 11 -10 10 -12 -13 23 -15 15 20 -18 19 -20 -21 24 -23 -24 -25 -26 -27 -28 -29 -30 -31
leaf_value=7.7193195676332631e-05 0.0034136706610134828 1.4381381434153262e-05 -0.0079579580277568326 0.0019087464991545491 -0.013773717677430736 -0.011364512588998159 0.0010965697043622852 -0.00037600172701459083 0.0064138285372068241 -0.023512148927924609 0.0024765033687097048 0.0073755039466988003 -0.006036063937180835 -0.00079964837691263557 -0.015145368016971764 -0.0050658887624124242 0.0023981726786254909 -0.047485083944547403 0.0011249585129348438 -0.0027763441177935796 -0.0049514065637764762 -0.0063172037883759656 -0.0023832908108206824 -0.013680221482095656 0.0029845124453496494 0.0001169771753227763 -0.041856811848317764 -0.014930294669720751 0.0089142578890583652 -0.015242719819902309
leaf_weight=13359661 19389 2998336 16444 123403 6822 6822 222986 14433 27794 3910 6302 4535 13951 188438 5338 33078 62052 367 186930 178306 13806 5077 165202 16865 25781 13927 597 5120 3203 6062
leaf_count=13359661 19389 2998336 16444 123403 6822 6822 222986 14433 27794 3910 6302 4535 13951 188438 5338 33078 62052 367 186930 178306 13806 5077 165202 16865 25781 13927 597 5120 3203 6062
internal_value=-2.0479e-13 -0.000235705 -0.000780277 -0.000693522 -0.000953105 -0.000882013 -0.00053445 -0.00222211 0.0011816 0.00057128 -0.00708994 -0.00576171 -0.00687381 -0.00116876 -0.00117678 -0.00360681 -0.000785473 -0.00114453 -0.00031559 -0.00286818 -0.0029463 -0.0137983 -0.00177439 -0.00926996 0.000216854 -0.00527971 -0.00717113 -0.00593068 -0.00324454 -0.00664208
internal_weight=1.77349e+07 4.37528e+06 1.37694e+06 1.3605e+06 1.23709e+06 1.23027e+06 976904 253367 266069 238275 15289 58107 53572 195260 710835 98589 612246 550194 371521 178673 93251 8987 184591 39139 39587 53664 39737 22274 17154 39140
internal_count=17734937 4375276 1376940 1360496 1237093 1230271 976904 253367 266069 238275 15289 58107 53572 195260 710835 98589 612246 550194 371521 178673 93251 8987 184591 39139 39587 53664 39737 22274 17154 39140
is_linear=0
shrinkage=0.1


Tree=62
num_leaves=31
num_cat=0
split_feature=2 2 0 7 9 3 9 3 0 10 5 3 9 4 6 3 2 5 2 7 4 3 4 4 7 8 4 3 9 2
split_gain=32.3604 34.6075 71.3455 47.7216 44.6876 87.27 62.2916 75.3824 62.7696 61.6877 70.1207 69.7238 77.6011 105.584 158.043 90.3129 89.9749 61.2415 145.067 72.6671 62.2061 76.9119 70.0322 93.9997 131.876 71.277 77.6395 59.4783 59.1198 58.7959
threshold=18.500000000000004 45.500000000000007 9.5000000000000018 7052642.5000000009 38723.500000000007 64172.000000000007 50055.500000000007 56027.500000000007 41.500000000000007 64438.500000000007 65911.000000000015 94768.000000000015 61167.500000000007 53838.000000000007 61262.050781250007 78648.000000000015 72.500000000000014 53935.500000000007 59.500000000000007 1617989.7500000002 33868.500000000007 63937.000000000007 46704.500000000007 47534.000000000007 7459034.2500000009 56793.500000000007 47388.000000000007 84465.500000000015 55951.500000000007 57.500000000000007
decision_type=2 2 2 2 2 2 2 2 2 2 2 2 2 2 2 2 2 2 2 2 2 2 2 2 2 2 2 2 2 2
left_child=-1 3 -3 -2 -4 6 7 8 -6 27 11 12 16 14 -14 -15 -11 18 19 -8 21 -19 -22 24 -24 26 -26 29 -28 -7
right_child=1 2 4 -5 5 9 17 -9 -10 10 -12 -13 13 15 -16 -17 -18 20 -20 -21 22 -23 23 -25 25 -27 28 -29 -30 -31
leaf_value=-0.001664432164971202 -0.00019015258143273818 -0.0019034784084327187 0.00039580823235352264 0.00035444492024042979 -0.0025543583249415438 0.00047509074665900313 -0.024411282975062121 0.00035728902933654773 -0.00055192398202132901 0.0030577091618641961 -0.00025338059912579671 0.0044777447916697433 -0.0057427667271773286 -0.01247843120419128 -0.031719284282270159 0.00023363133549784512 -0.037621264115159252 -0.0053747136261608321 -0.024078225588278237 -0.0028063231776237134 0.00080151300895186291 -0.040008223619525884 0.00026726063804189434 -0.00092227865175650923 -0.008652260927032647 0.0082669397556949277 -0.034552731005305592 0.0011273928238436978 -0.01117722168227963 -0.00047319714600756825
leaf_weight=116046 2386184 216485 1718017 4940380 204406 1643388 1585 727902 668534 12242 2707295 8489 5517 8762 4070 15432 569 20418 3454 87478 156407 662 23904 231117 27591 2135 2200 706298 2129 1085841
leaf_count=116046 2386184 216485 1718017 4940380 204406 1643388 1585 727902 668534 12242 2707295 8489 5517 8762 4070 15432 569 20418 3454 87478 156407 662 23904 231117 27591 2135 2200 706298 2129 1085841
internal_value=4.3214e-13 1.09627e-05 -0.000107284 0.000177075 -6.86919e-05 -0.000164174 -0.000711554 -0.000394189 -0.00102081 2.65844e-05 -0.000325245 -0.00385747 -0.00537614 -0.00788937 -0.0167707 -0.00437012 0.00125095 -0.00162028 -0.00397062 -0.00319081 -0.00115422 -0.00646235 -0.000903043 -0.00182531 -0.00542622 -0.00942261 -0.0106058 0.000309477 -0.0230567 9.78084e-05
internal_weight=1.77349e+07 1.76189e+07 1.02923e+07 7.32656e+06 1.00758e+07 8.35782e+06 2.15992e+06 1.60084e+06 872940 6.1979e+06 2.76238e+06 55081 46592 33781 9587 24194 12811 559080 92517 89063 466563 21080 445483 289076 57959 34055 31920 3.43553e+06 4329 2.72923e+06
internal_count=17734937 17618891 10292327 7326564 10075842 8357825 2159922 1600842 872940 6197903 2762376 55081 46592 33781 9587 24194 12811 559080 92517 89063 466563 21080 445483 289076 57959 34055 31920 3435527 4329 2729229
is_linear=0
shrinkage=0.1


Tree=63
num_leaves=31
num_cat=0
split_feature=0 7 2 1 0 1 0 1 3 0 1 0 3 1 1 8 1 0 1 0 4 1 0 3 1 0 4 1 0 4
split_gain=27.9597 46.3489 43.1347 55.8917 41.8145 51.537 46.7436 40.6395 37.691 34.335 52.4362 48.1497 44.7627 39.8247 33.8148 33.5321 33.5117 46.8974 51.3707 56.9611 53.0426 38.5321 55.266 33.6549 33.3807 70.8698 43.8523 41.0835 92.2479 47.6054
threshold=3.5000000000000004 52402726.000000007 34.500000000000007 185.50000000000003 7.5000000000000009 185.50000000000003 10.500000000000002 240.50000000000003 43154.000000000007 13.500000000000002 330.50000000000006 16.500000000000004 43154.000000000007 285.50000000000006 222.50000000000003 52572.500000000007 395.50000000000006 21.500000000000004 505.50000000000006 25.500000000000004 43753.500000000007 587.50000000000011 30.500000000000004 55214.500000000007 705.50000000000011 36.500000000000007 43983.500000000007 833.50000000000011 44.500000000000007 49858.000000000007
decision_type=2 2 2 2 2 2 2 2 2 2 2 2 2 2 2 2 2 2 2 2 2 2 2 2 2 2 2 2 2 2
left_child=1 -1 3 -2 -4 -6 14 8 -8 13 12 -12 -11 -9 -7 -5 23 -18 20 -20 -19 -21 -23 -13 26 -26 -24 29 -29 -27
right_child=2 -3 4 15 5 6 7 9 -10 10 11 16 -14 -15 -16 -17 17 18 19 21 -22 22 24 -25 25 27 -28 28 -30 -31
leaf_value=-0.0012401500126533235 0.001935159500738817 0.00057530574658460189 -0.00097533413526523262 1.9518129803493497e-05 0.0021453736954335648 -0.00034297276803325254 -0.00067067201552680139 -0.00010080579355230329 0.0032867579544502271 -0.0006215428779196944 -0.0016101112919668385 -0.00010800715614256776 0.0021474888744285239 -0.0024366408483997271 -0.0025143958365694001 0.0015172990544586376 -0.0011343745359993589 0.00032416492708521924 -0.0016681296669486458 0.00098806927153376038 0.0026789699777681436 -0.0014397828955749598 0.00012843395740436928 0.0020901981184021849 -0.0016516608172085273 0.0003102927327296184 0.0019522187458844058 -0.0016271698529777931 2.259848001261375e-05 0.002300638898104901
leaf_weight=431712 244748 208565 447057 916918 111760 170120 36330 178780 71295 81548 184329 127021 205483 123352 123983 178586 358360 292556 204178 394713 142128 266603 385553 154200 260711 515913 200348 350567 10210858 156662
leaf_count=431712 244748 208565 447057 916918 111760 170120 36330 178780 71295 81548 184329 127021 205483 123352 123983 178586 358360 292556 204178 394713 142128 266603 385553 154200 260711 515913 200348 350567 10210858 156662
internal_value=1.24898e-13 -0.00064878 2.42999e-05 0.000568916 -2.20314e-05 5.81013e-06 -9.92586e-06 1.47139e-05 0.00195088 6.28345e-07 2.26255e-05 -4.41436e-06 0.00136078 -0.00105446 -0.00125836 0.000263682 1.66961e-05 -5.42274e-06 2.48125e-05 -1.10908e-05 0.00109411 1.54618e-05 -1.56303e-05 0.00109732 1.57988e-05 -2.17301e-05 0.000752075 1.60962e-05 -3.21625e-05 0.000773901
internal_weight=1.77349e+07 640277 1.70947e+07 1.34025e+06 1.57544e+07 1.53074e+07 1.51956e+07 1.49015e+07 107625 1.47939e+07 1.44917e+07 1.42047e+07 287031 302132 294103 1.0955e+06 1.40204e+07 1.37392e+07 1.33808e+07 1.29461e+07 434684 1.27419e+07 1.23472e+07 281221 1.20806e+07 1.14947e+07 585901 1.1234e+07 1.05614e+07 672575
internal_count=17734937 640277 17094660 1340252 15754408 15307351 15195591 14901488 107625 14793863 14491731 14204700 287031 302132 294103 1095504 14020371 13739150 13380790 12946106 434684 12741928 12347215 281221 12080612 11494711 585901 11234000 10561425 672575
is_linear=0
shrinkage=0.1


Tree=64
num_leaves=31
num_cat=0
split_feature=2 2 7 2 5 5 7 8 3 2 4 9 3 9 4 4 2 8 6 9 5 5 9 10 7 9 7 7 7 4
split_gain=28.4454 28.1973 65.5232 51.2687 34.8555 63.6046 30.6917 27.6482 54.1078 37.3179 46.8206 30.7428 87.4468 40.5645 38.983 34.2624 50.5009 46.9712 34.1555 29.9221 97.5814 62.4475 86.2723 76.1713 75.3227 157.816 98.6139 71.2128 65.8418 63.929
threshold=15.500000000000002 79.500000000000014 2396416.0000000005 80.500000000000014 69591.500000000015 72864.500000000015 2033521.6875000002 91203.500000000015 120532.00000000001 60.500000000000007 73614.500000000015 85185.000000000015 128820.50000000001 87007.000000000015 76457.000000000015 75391.000000000015 75.500000000000014 80653.500000000015 90528.351562500015 71480.500000000015 77753.000000000015 80187.500000000015 77358.500000000015 77758.000000000015 14941116.000000002 77932.500000000015 4932801.0000000009 9375867.0000000019 9088466.0000000019 60350.000000000007
decision_type=2 2 2 2 2 2 2 2 2 2 2 2 2 2 2 2 2 2 2 2 2 2 2 2 2 2 2 2 2 2
left_child=-1 7 3 -3 -4 -6 -5 8 19 10 -10 15 14 -14 -13 17 -17 -11 -15 20 -2 23 -23 -21 25 -25 -27 28 -24 -29
right_child=1 2 4 6 5 -7 -8 -9 9 11 -12 12 13 18 -16 16 -18 -19 -20 21 -22 22 27 24 -26 26 -28 29 -30 -31
leaf_value=-0.0021375500381434639 3.5294600083828444e-05 -0.03248312587874555 0.0001569744094697316 -0.013782953385518288 -0.017086562005219335 -0.0020971313056553837 0.00127469035281691 -0.0015025329320770896 0.0016026039159080597 0.00083185266580625128 0.0068133790472713314 -0.038234472503484808 -0.024111017494078277 0.0035361902186487278 -0.012163230427663208 0.0097937409454807861 -0.021270153325394538 -0.02867001517372237 -0.012651062434342117 -0.00079116409508278151 0.0038824952165283175 0.002105201193559612 -0.0021248146131600414 -0.014254212242669959 -0.0015197124147727737 0.012477827628350093 -0.0080501013496701909 -0.0024680953901900855 -0.013858909187911994 0.00042176293153261348
leaf_weight=62038 15541344 978 63395 3336 3398 16961 2278 119001 49137 88131 26567 790 657 10040 2093 7260 564 543 1498 619439 66210 178426 109159 17010 36989 4545 4824 87624 5001 605701
leaf_count=62038 15541344 978 63395 3336 3398 16961 2278 119001 49137 88131 26567 790 657 10040 2093 7260 564 543 1498 619439 66210 178426 109159 17010 36989 4545 4824 87624 5001 605701
internal_value=-3.12549e-13 7.50354e-06 -0.00175462 -0.0113539 -0.000999095 -0.00459893 -0.00767299 1.6558e-05 2.69095e-05 0.00171752 0.00343123 0.000554767 -0.0036445 5.83124e-05 -0.0193073 0.00121091 0.00755447 0.000651196 0.00143457 8.58277e-06 5.16151e-05 -0.0003939 0.000115192 -0.00112898 -0.00443124 -0.00851382 0.00190821 -0.00032453 -0.00263885 5.6536e-05
internal_weight=1.77349e+07 1.76729e+07 90346 6592 83754 20359 5614 1.75826e+07 1.74636e+07 187280 75704 111576 15078 12195 2883 96498 7824 88674 11538 1.72763e+07 1.56076e+07 1.66872e+06 985911 682807 63368 26379 9369 807485 114160 693325
internal_count=17734937 17672899 90346 6592 83754 20359 5614 17582553 17463552 187280 75704 111576 15078 12195 2883 96498 7824 88674 11538 17276272 15607554 1668718 985911 682807 63368 26379 9369 807485 114160 693325
is_linear=0
shrinkage=0.1


Tree=65
num_leaves=31
num_cat=0
split_feature=8 3 9 4 1 7 3 9 3 5 2 5 10 0 3 2 5 3 8 5 4 3 5 8 2 4 3 3 5 0
split_gain=26.209 50.106 104.703 115.565 91.18 61.4669 78.7314 55.6047 136.461 125.176 70.7301 52.1938 97.393 57.6329 56.3 55.5811 60.7988 97.8245 62.6591 69.1331 65.8205 72.6052 53.7497 51.6705 89.0877 49.1052 56.607 78.5445 58.4898 53.8232
threshold=29192.000000000004 54503.500000000007 52196.500000000007 40631.000000000007 578.50000000000011 1276134.6875000002 56793.500000000007 45817.000000000007 61575.500000000007 48977.000000000007 48.500000000000007 55995.000000000007 54156.500000000007 24.500000000000004 50951.500000000007 45.500000000000007 35635.500000000007 42261.000000000007 42426.000000000007 48332.500000000007 29759.500000000004 49174.000000000007 51441.500000000007 62859.500000000007 30.500000000000004 18360.000000000004 99437.000000000015 98695.000000000015 73764.500000000015 40.500000000000007
decision_type=2 2 2 2 2 2 2 2 2 2 2 2 2 2 2 2 2 2 2 2 2 2 2 2 2 2 2 2 2 2
left_child=-1 11 4 25 5 6 -3 -7 9 -9 -10 12 13 15 -13 16 17 -2 19 -18 22 -22 -20 -16 -25 -4 27 29 -29 -27
right_child=1 2 3 -5 -6 7 -8 8 10 -11 -12 14 -14 -15 23 -17 18 -19 20 -21 21 -23 -24 24 -26 26 -28 28 -30 -31
leaf_value=0.00029483365637250636 -0.0060097432363240963 -0.032670996894525961 0.00019299894755502503 -7.8628509921240224e-07 0.00029092950116736498 0.0029242464237734279 -0.0017831205826164057 -0.013704664341023527 0.0045844863798747016 -0.00081834834213076978 0.0009301870875360399 0.0018619074220656987 -0.010150456543916988 -0.0002281061176901358 -0.00031099857797989533 -0.0027854593592341664 -0.00029742933975284851 0.0080510965123930384 -0.024049926414844356 0.0036597580991826863 0.00032713356802117194 -0.003951972238673631 -0.0048024299121683734 0.00012687924728307977 -0.028100494687934886 -0.0034641684969992622 0.00051162105730300997 -0.0030953621758468639 -0.027301329605838406 -0.0012965428665261624
leaf_weight=2576960 39920 1156 183198 7065749 2507624 240510 2884 8034 92082 122127 124685 210616 10335 2987876 156658 170572 366159 5648 2381 50201 82399 76432 3714 2845 1842 165545 100895 1871 2140 371879
leaf_count=2576960 39920 1156 183198 7065749 2507624 240510 2884 8034 92082 122127 124685 210616 10335 2987876 156658 170572 366159 5648 2381 50201 82399 76432 3714 2845 1842 165545 100895 1871 2140 371879
internal_value=8.09242e-14 -5.01237e-05 6.18357e-05 -0.000131592 0.000554362 0.00167121 -0.0106213 0.00175575 0.000945681 -0.00161374 0.00248252 -0.000345372 -0.000456155 -0.000429687 0.000785101 -0.00118499 -0.000749489 -0.00426695 -0.000473749 0.000179693 -0.00212338 -0.00173204 -0.0123214 -0.000620537 -0.0109665 -0.00125117 -0.00166305 -0.0020683 -0.01601 -0.00196425
internal_weight=1.77349e+07 1.5158e+07 1.09904e+07 7.89128e+06 3.0991e+06 591478 4040 587438 346928 130161 216767 4.1676e+06 3.79564e+06 3.7853e+06 371961 797426 626854 45568 581286 416360 164926 158831 6095 161345 4687 825528 642330 541435 4011 537424
internal_count=17734937 15157977 10990379 7891277 3099102 591478 4040 587438 346928 130161 216767 4167598 3795637 3785302 371961 797426 626854 45568 581286 416360 164926 158831 6095 161345 4687 825528 642330 541435 4011 537424
is_linear=0
shrinkage=0.1


Tree=66
num_leaves=31
num_cat=0
split_feature=1 6 3 2 6 1 3 8 5 9 4 7 4 9 5 9 2 0 3 8 10 4 0 4 4 4 8 8 9 7
split_gain=25.6182 28.1775 34.7398 42.5662 48.4651 69.8329 48.8931 41.5709 67.8424 147.487 64.8033 66.9369 56.3627 54.9181 66.172 92.6898 129.45 65.3759 63.9678 71.6301 189.634 104.78 72.8953 70.6142 98.4634 70.9188 64.7557 62.1043 73.7092 58.5668
threshold=27.500000000000004 100679.25000000001 109141.50000000001 74.500000000000014 64313.349609375007 1561.5000000000002 107588.00000000001 78603.500000000015 82623.000000000015 79665.000000000015 59044.500000000007 89225696.000000015 18360.000000000004 71480.500000000015 73184.500000000015 69746.000000000015 54.500000000000007 18.500000000000004 77304.500000000015 61710.500000000007 63601.500000000007 54113.500000000007 50.500000000000007 56865.500000000007 48044.000000000007 48234.500000000007 64983.000000000007 43355.500000000007 65681.500000000015 6978859.5000000009
decision_type=2 2 2 2 2 2 2 2 2 2 2 2 2 2 2 2 2 2 2 2 2 2 2 2 2 2 2 2 2 2
left_child=-1 2 3 7 -5 6 -6 8 9 13 -9 -12 -10 14 15 18 -17 -15 19 -2 21 -21 23 24 -22 -26 -27 28 -16 -25
right_child=1 -3 -4 4 5 -7 -8 10 12 -11 11 -13 -14 17 27 16 -18 -19 -20 20 22 -23 -24 29 25 26 -28 -29 -30 -31
leaf_value=-0.0012926562037495594 -1.3725664690927609e-05 -0.0024951091500587091 0.00079943548268678532 -0.00090857153733843042 -0.0098212721701362079 -0.00099426851554047509 -0.033908278527257252 -0.0082887138563199608 -0.013547000454355319 -0.013724747627655007 -0.0011385181982729298 0.0070266086263500241 0.0016427630181669113 -0.0025977549117031681 -0.00022722466275470525 -0.00054113866558032938 -0.0088281192990904891 -0.00035047022380447677 0.00050531528745856237 -0.035783382000952095 0.0018878753801582463 -0.0098804681457223074 0.0001767085342439146 -0.0037375184005318794 -0.033655945594765264 -0.0055353230725755367 -0.016630077530353071 0.0013402561083092233 -0.020351749087511296 0.00055728563872787932
leaf_weight=152000 11978892 44744 550444 140573 9370 13169 926 12196 2463 7824 284065 10408 297982 160155 4939 57171 28122 675198 2398569 2037 13787 6692 226236 54124 1038 35234 6184 480699 2882 76814
leaf_count=152000 11978892 44744 550444 140573 9370 13169 926 12196 2463 7824 284065 10408 297982 160155 4939 57171 28122 675198 2398569 2037 13787 6692 226236 54124 1038 35234 6184 480699 2882 76814
internal_value=-3.85654e-13 1.11747e-05 1.75688e-05 -7.76557e-06 -0.00161084 -0.00581794 -0.0119876 7.86503e-06 2.92842e-05 1.69831e-06 -0.00114576 -0.000849926 0.00151824 8.32409e-06 5.12315e-05 1.3646e-05 -0.00327344 -0.000781323 3.25902e-05 -5.88428e-05 -0.0013391 -0.0159252 -0.00103112 -0.00249096 -0.00545452 -0.00783886 -0.00719185 0.00119644 -0.00764301 -0.001218
internal_weight=1.77349e+07 1.75829e+07 1.75382e+07 1.69877e+07 164038 23465 10296 1.68237e+07 1.6517e+07 1.62166e+07 306669 294473 300445 1.62088e+07 1.53734e+07 1.48849e+07 85293 835353 1.47996e+07 1.2401e+07 422146 8729 413417 187181 56243 42456 41418 488520 7821 130938
internal_count=17734937 17582937 17538193 16987749 164038 23465 10296 16823711 16517042 16216597 306669 294473 300445 16208773 15373420 14884900 85293 835353 14799607 12401038 422146 8729 413417 187181 56243 42456 41418 488520 7821 130938
is_linear=0
shrinkage=0.1


Tree=67
num_leaves=31
num_cat=0
split_feature=2 0 5 10 2 7 1 3 10 0 4 9 9 7 4 0 3 3 3 3 10 10 5 0 2 7 10 3 2 10
split_gain=25.0572 59.1853 43.8243 46.4713 76.2917 45.422 39.8555 31.1021 75.2209 80.1858 75.6185 86.0651 75.8595 69.2195 77.0028 54.9132 59.011 77.1469 68.1114 143.384 59.4737 78.626 55.911 54.0053 62.1724 55.1338 62.645 77.3145 60.4102 52.2324
threshold=58.500000000000007 22.500000000000004 111233.00000000001 91767.000000000015 60.500000000000007 21584096.000000004 1126.5000000000002 64882.000000000007 56857.500000000007 44.500000000000007 48234.500000000007 51621.000000000007 56519.500000000007 3486836.6250000005 42374.000000000007 34.500000000000007 65134.500000000007 72313.500000000015 74023.000000000015 74500.500000000015 69970.000000000015 68899.000000000015 70603.500000000015 7.5000000000000009 38.500000000000007 26906340.000000004 98318.000000000015 109141.50000000001 44.500000000000007 63850.500000000007
decision_type=2 2 2 2 2 2 2 2 2 2 2 2 2 2 2 2 2 2 2 2 2 2 2 2 2 2 2 2 2 2
left_child=7 -2 3 -3 5 -5 -6 -1 9 10 11 -9 -12 15 -15 16 -10 -18 29 -20 21 -21 -22 -16 -25 26 27 -26 -28 -19
right_child=1 2 -4 4 6 -7 -8 8 13 -11 12 -13 -14 14 23 -17 17 18 19 20 22 -23 -24 24 25 -27 28 -29 -30 -31
leaf_value=-6.18994835047342e-05 -0.0019117310929455903 -0.00011742941416721942 0.016381940792344903 -0.024581044780788035 -0.008056382111772193 -0.0066541325214358642 0.0025239808093006325 0.0026358334095424448 0.028318780489448327 0.00036244923814884763 0.0059205204630710436 -0.00061493546761461797 -0.032718769858135585 -0.0010348786337256585 -0.00069084229578495859 -0.00086200286452063407 -0.012106636113010924 0.016271172657865048 -0.035490134318252854 -0.0018930788374967201 -0.050113425632896551 0.018711875760044648 -0.0070457916974099137 0.0019951344751792332 5.4811483586315336e-06 0.0010802986430696097 0.0033036902323070592 0.0032306993900195376 -0.010076457933802116 -0.0026687042514103305
leaf_weight=8926371 202363 2873180 1604 2561 5483 3154 10153 239973 531 865340 53226 123284 513 504029 495046 143657 11971 2997 1445 11593 309 2204 12314 235529 2203438 706704 4789 76921 11423 2832
leaf_count=8926371 202363 2873180 1604 2561 5483 3154 10153 239973 531 865340 53226 123284 513 504029 495046 143657 11971 2997 1445 11593 309 2204 12314 235529 2203438 706704 4789 76921 11423 2832
internal_value=-1.83286e-13 -0.000258341 -0.000142813 -0.00015197 -0.00480007 -0.0146875 -0.00118618 5.46902e-05 0.000236951 0.000911383 0.00205052 0.00153257 0.00555166 4.16256e-05 0.000125313 -0.00182643 -0.00482553 -0.00521093 -0.00276099 -0.00481736 -0.00313976 0.00139846 -0.00810005 0.000281926 0.000430612 0.000307916 7.02369e-05 0.000114274 -0.00612398 0.0070693
internal_weight=1.77349e+07 3.0985e+06 2.89614e+06 2.89453e+06 21351 5715 15636 1.46364e+07 5.71007e+06 1.28234e+06 416996 363257 53739 4.42773e+06 4.23788e+06 189853 46196 45665 33694 27865 26420 13797 12623 3.73385e+06 3.2388e+06 3.00328e+06 2.29657e+06 2.28036e+06 16212 5829
internal_count=17734937 3098498 2896135 2894531 21351 5715 15636 14636439 5710068 1282336 416996 363257 53739 4427732 4237879 189853 46196 45665 33694 27865 26420 13797 12623 3733850 3238804 3003275 2296571 2280359 16212 5829
is_linear=0
shrinkage=0.1


Tree=68
num_leaves=31
num_cat=0
split_feature=2 0 10 3 4 4 3 3 2 0 10 10 3 8 4 3 4 3 7 2 7 7 10 2 5 3 9 5 4 3
split_gain=24.276 54.5546 32.4841 63.2527 56.2001 94.0679 155.044 97.6579 77.5139 61.8834 47.8182 44.0751 43.1805 50.9358 39.9182 38.6275 229.713 50.1479 54.5943 55.2599 89.5589 62.0304 61.1963 42.9761 41.4192 37.7281 36.4881 60.2492 42.9174 114.931
threshold=48.500000000000007 11.500000000000002 39368.500000000007 65460.000000000007 46842.500000000007 47745.500000000007 63738.500000000007 65134.500000000007 56.500000000000007 29.500000000000004 56337.000000000007 52529.000000000007 46245.000000000007 37623.000000000007 45703.000000000007 53635.000000000007 45357.500000000007 52765.000000000007 3361533.1250000005 51.500000000000007 12030716.000000002 6978859.5000000009 49310.000000000007 54.500000000000007 40138.500000000007 64651.000000000007 48329.000000000007 50232.500000000007 45507.500000000007 61798.000000000007
decision_type=2 2 2 2 2 2 2 2 2 2 2 2 2 2 2 2 2 2 2 2 2 2 2 2 2 2 2 2 2 2
left_child=-1 -2 12 4 14 6 -6 9 25 11 -5 -7 13 -3 15 16 17 24 -19 22 21 -21 -20 -22 -4 -8 -17 -28 -29 -30
right_child=1 2 3 10 5 7 8 -9 -10 -11 -12 -13 -14 -15 -16 26 -18 18 19 20 23 -23 -24 -25 -26 -27 27 28 29 -31
leaf_value=0.0001111163710555397 -0.0016899880616032242 -0.00016302854697797093 -0.01132092895266122 0.00051288011985515028 -0.0026256838325316697 -0.0239127624482494 -0.024024735319419767 -0.019428302360419286 -0.0074520978046380198 0.00010635325235929733 -0.00017021796786465383 -0.0047233577319983396 0.0010411551120041854 -0.063750468407358443 0.0019964067014789501 0.00014809946702637296 -0.032540448825787341 0.0035960594477895203 0.00022636734072032326 -0.0090118088596898398 -0.013931864189270927 -0.022867962240694463 -0.021857529271238102 2.1556899039786189e-05 -0.00064070195031569867 -0.0017261161676846272 -0.011633592346181399 -0.00078100061969640336 -0.03883185305328013 -0.0033479324312640497
leaf_weight=9324347 216510 608467 3667 1393886 54912 1290 6446 2781 8764 154452 3869845 16591 559026 126 63690 734216 2348 8505 20179 10883 2665 4595 1338 12853 371155 860 5420 267837 1070 6213
leaf_count=9324347 216510 608467 3667 1393886 54912 1290 6446 2781 8764 154452 3869845 16591 559026 126 63690 734216 2348 8505 20179 10883 2665 4595 1338 12853 371155 860 5420 267837 1070 6213
internal_value=5.27399e-13 -0.000123188 -8.17893e-05 -0.000162954 -0.000681426 -0.00208315 -0.00515398 -0.000838404 -0.0137933 -0.000538412 1.06729e-05 -0.00610775 0.000406642 -0.000176193 -0.000453975 -0.000561388 -0.00134604 -0.00117798 -0.00383654 -0.00504033 -0.0077431 -0.0131253 -0.00114688 -0.00237475 -0.00074519 -0.0213999 -0.000222565 -0.00119265 -0.000986957 -0.00856114
internal_weight=1.77349e+07 8.41059e+06 8.19408e+06 7.02646e+06 1.76273e+06 246096 70982 175114 16070 172333 5.26373e+06 17881 1.16762e+06 608593 1.51663e+06 1.45294e+06 438188 435840 61018 52513 30996 15478 21517 15518 374822 7306 1.01476e+06 280540 275120 7283
internal_count=17734937 8410590 8194080 7026461 1762730 246096 70982 175114 16070 172333 5263731 17881 1167619 608593 1516634 1452944 438188 435840 61018 52513 30996 15478 21517 15518 374822 7306 1014756 280540 275120 7283
is_linear=0
shrinkage=0.1


Tree=69
num_leaves=31
num_cat=0
split_feature=4 0 3 8 1 2 5 7 2 3 10 8 5 3 4 7 5 10 5 9 4 7 4 7 9 5 9 8 3 4
split_gain=22.4893 37.1921 23.4017 59.5343 60.757 51.7002 47.4818 90.661 54.5333 65.9686 55.1863 39.3714 104.435 70.101 148.234 210.751 94.8837 77.4102 70.1844 104.45 106.763 62.6826 62.22 61.9111 61.8756 84.3745 85.9093 100.733 78.4793 70.8497
threshold=5463.5000000000009 22.500000000000004 96897.500000000015 83493.500000000015 450.50000000000006 64.500000000000014 90935.000000000015 21584096.000000004 64.500000000000014 117767.50000000001 88057.500000000015 71741.500000000015 78216.500000000015 94768.000000000015 69997.500000000015 2180449.3750000005 86168.500000000015 80731.500000000015 85229.000000000015 80307.000000000015 71501.000000000015 16631210.500000002 69351.500000000015 11460288.000000002 69746.000000000015 70848.000000000015 63720.500000000007 46942.000000000007 53928.000000000007 65356.500000000007
decision_type=2 2 2 2 2 2 2 2 2 2 2 2 2 2 2 2 2 2 2 2 2 2 2 2 2 2 2 2 2 2
left_child=1 -1 11 4 5 -4 7 8 9 10 -5 12 24 18 22 -16 17 -17 19 -13 21 -21 23 -15 25 26 -2 -28 -29 -26
right_child=2 -3 3 6 -6 -7 -8 -9 -10 -11 -12 13 -14 14 15 16 -18 -19 -20 20 -22 -23 -24 -25 29 -27 27 28 -30 -31
leaf_value=0.0036822652995735384 4.4989818081992379e-06 0.00037221147036518534 0.0030955310472144232 0.0042033715306471512 0.00036411247643705993 -0.0019749590025730491 -0.0006360815124494179 -0.026589122185705416 -0.02019451358412433 0.008638073603239942 -0.0092685151063521386 -0.00077678068221813412 0.002347356363578911 -0.013816634501776141 0.013273619182454975 -0.0094158490836755149 -0.004592158343882516 -0.021784606548678687 0.0009297444451105473 -0.028659260854112852 -0.0015758628851441439 -0.01048830116056733 0.0098777255782147334 0.0009161107430616293 -0.0019220655553594092 0.0011476200410272547 -0.022686504647225075 -0.012887613516829264 -0.0009272352237817311 0.0006772631951107406
leaf_weight=42003 13297031 176951 146757 4330 1056244 23302 202955 1864 1802 4466 10212 338001 185007 3201 4556 13663 21220 8036 237129 2295 16457 10986 6877 26187 348093 607963 2150 5525 779605 150069
leaf_count=42003 13297031 176951 146757 4330 1056244 23302 202955 1864 1802 4466 10212 338001 185007 3201 4556 13663 21220 8036 237129 2295 16457 10986 6877 26187 348093 607963 2150 5525 779605 150069
internal_value=5.99753e-13 0.0010072 -1.25902e-05 0.000371878 0.000646547 0.00240076 -0.00112096 -0.00546108 -0.00356859 -0.00199242 -0.00525715 -4.73399e-05 -1.42089e-05 -0.0007871 -0.00349879 -0.007176 -0.0093468 -0.0139965 -0.000411684 -0.00127668 -0.00695849 -0.0136283 0.0013151 -0.000688609 -4.29708e-05 -5.80738e-06 -5.55962e-05 -0.00107059 -0.0010114 -0.00113903
internal_weight=1.77349e+07 218954 1.7516e+07 1.45193e+06 1.2263e+06 170059 225629 22674 20810 19008 14542 1.60641e+07 1.53754e+07 688608 83740 47475 42919 21699 604868 367739 29738 13281 36265 29388 1.51904e+07 1.46923e+07 1.40843e+07 787280 785130 498162
internal_count=17734937 218954 17515983 1451932 1226303 170059 225629 22674 20810 19008 14542 16064051 15375443 688608 83740 47475 42919 21699 604868 367739 29738 13281 36265 29388 15190436 14692274 14084311 787280 785130 498162
is_linear=0
shrinkage=0.1


Tree=70
num_leaves=31
num_cat=0
split_feature=2 2 0 4 8 0 3 9 7 7 4 5 2 7 8 9 4 4 9 7 8 9 5 10 4 4 0 3 3 4
split_gain=22.6369 22.5782 55.7387 38.1595 67.1313 48.6011 58.5463 82.0149 53.0011 46.4054 89.6897 42.721 41.5177 47.3402 57.4278 80.9484 42.2687 90.5556 61.15 64.1817 67.0205 46.3805 52.9454 47.5918 45.971 79.5365 58.7814 41.7244 41.3522 41.0784
threshold=15.500000000000002 43.500000000000007 8.5000000000000018 35099.500000000007 56632.000000000007 4.5000000000000009 87260.000000000015 89152.000000000015 68671700.000000015 176291784.00000003 21119.000000000004 98033.000000000015 38.500000000000007 23247274.000000004 66731.500000000015 68734.000000000015 53083.000000000007 51169.500000000007 63720.500000000007 10021824.500000002 57994.000000000007 71816.500000000015 86983.500000000015 71507.500000000015 62799.500000000007 65356.500000000007 14.500000000000002 86755.000000000015 84901.500000000015 34879.500000000007
decision_type=2 2 2 2 2 2 2 2 2 2 2 2 2 2 2 2 2 2 2 2 2 2 2 2 2 2 2 2 2 2
left_child=-1 3 -3 4 29 8 12 -8 -5 10 -6 -9 16 14 -14 -16 17 -7 19 20 -19 23 -23 24 -18 26 -26 -24 -15 -2
right_child=1 2 -4 5 9 6 7 11 -10 -11 -12 -13 13 28 15 -17 21 18 -20 -21 -22 22 27 -25 25 -27 -28 -29 -30 -31
leaf_value=-0.0019068608102705284 9.0069701284674389e-06 -0.0016398369878261956 -4.4844237007813928e-05 -0.00090843363054127929 -0.046621775279176852 0.00081353541795776019 0.0037019950965047504 -0.0074382964976335113 0.0017602486470848625 -0.0014228157019097012 -0.0060857185475368765 0.00044140431008966646 1.8066539174689823e-05 0.0015052113369185183 -0.019734463473594231 -0.002134634883208275 0.0024703712341031837 -0.0057238405696796264 -0.012956640812239788 0.00046380499227683568 -0.029509481264346972 -0.0015007213633731636 0.0054264462342558818 0.0064021046095092378 -0.0073915538379793035 0.0058223438479182042 -0.033335956966007808 -0.014414656433641551 -0.007595009675930086 -0.0049856734611904187
leaf_weight=62038 3008611 223425 11313976 440453 561 719242 119965 9908 89551 42967 20189 22518 962181 247982 2699 82314 177479 10904 6298 26221 1329 62878 19441 30132 3879 3895 1127 1121 5096 16557
leaf_count=62038 3008611 223425 11313976 440453 561 719242 119965 9908 89551 42967 20189 22518 962181 247982 2699 82314 177479 10904 6298 26221 1329 62878 19441 30132 3879 3895 1127 1121 5096 16557
internal_value=2.44768e-13 6.69374e-06 -7.57317e-05 0.000161689 -8.59866e-05 0.000412802 0.000596095 0.00249589 -0.000457525 -0.00329823 -0.00718166 -0.0019663 0.00047364 9.45731e-05 -0.000202055 -0.0026934 0.000936905 0.000541966 -0.00382263 -0.00232666 -0.00830793 0.00194284 -6.02307e-05 0.00271479 0.00211866 -0.00489422 -0.0132324 0.00434475 0.00132197 -1.83293e-05
internal_weight=1.77349e+07 1.76729e+07 1.15374e+07 6.1355e+06 3.08888e+06 3.04661e+06 2.51661e+06 152391 530004 63717 20750 32426 2.36422e+06 1.30027e+06 1.04719e+06 85013 1.06395e+06 763994 44752 38454 12233 299952 83440 216512 186380 8901 5006 20562 253078 3.02517e+06
internal_count=17734937 17672899 11537401 6135498 3088885 3046613 2516609 152391 530004 63717 20750 32426 2364218 1300272 1047194 85013 1063946 763994 44752 38454 12233 299952 83440 216512 186380 8901 5006 20562 253078 3025168
is_linear=0
shrinkage=0.1


Tree=71
num_leaves=31
num_cat=0
split_feature=0 1 2 0 3 9 1 7 4 4 3 7 10 10 5 0 3 8 4 8 9 3 4 4 8 8 2 6 9 10
split_gain=20.9497 50.0052 29.8429 37.3742 36.7675 64.7547 61.3322 60.2303 62.5874 64.6914 61.2852 78.6007 64.9636 56.1238 55.4197 72.1334 51.2783 52.389 47.2857 43.9256 41.0903 40.8794 40.476 64.7407 69.8829 46.6006 44.8091 42.0644 41.113 64.7182
threshold=122.50000000000001 2234.5000000000005 61.500000000000007 25.500000000000004 80887.000000000015 79665.000000000015 1209.5000000000002 127980664.00000001 19024.500000000004 19339.500000000004 94247.000000000015 2553693.6250000005 69970.000000000015 64665.000000000007 83268.500000000015 40.500000000000007 81446.500000000015 74131.500000000015 74641.500000000015 36433.000000000007 63720.500000000007 94768.000000000015 38654.500000000007 53083.000000000007 66731.500000000015 66086.000000000015 59.500000000000007 69413.152343750015 71480.500000000015 72407.000000000015
decision_type=2 2 2 2 2 2 2 2 2 2 2 2 2 2 2 2 2 2 2 2 2 2 2 2 2 2 2 2 2 2
left_child=1 2 4 -4 -1 6 7 10 -9 -10 11 12 -6 20 15 -7 -11 19 -17 -18 -13 -12 -15 24 25 -24 27 -26 -25 -30
right_child=-2 -3 3 -5 5 14 -8 8 9 16 21 13 -14 22 -16 18 17 -19 -20 -21 -22 -23 23 28 26 -27 -28 -29 29 -31
leaf_value=-4.2253637394471117e-05 0.00029295662418933816 -0.001260605235310184 -0.0018648972038469245 -0.00025881095656586726 -0.0012693113250084823 -0.012990041986647183 -2.2406084718059908e-05 0.0013600619910445937 -0.027293875307671075 -0.023418973886955966 0.0071008513076652874 0.0021725470365092105 -0.017993933051258692 0.0068465886862399883 -0.00034632734981888301 0.00038025221138337085 -0.015124327695625942 -0.01700238914132484 -0.019431745867409669 -0.0011668874283955423 0.020498809305632987 0.0022731651224864565 -0.0039033175288249026 0.0016144676224705444 -0.0067840099450614455 -0.017485306418633269 0.024069667104669446 0.0058771154848270991 -0.02080330526802841 -0.00023737061924062653
leaf_weight=11134181 2145691 328729 160263 1510330 5676 8039 767064 52015 1118 1201 18704 230255 3931 9456 543748 14126 2367 2384 1317 47563 1230 281811 43221 219602 3823 2683 986 8367 1543 183513
leaf_count=11134181 2145691 328729 160263 1510330 5676 8039 767064 52015 1118 1201 18704 230255 3931 9456 543748 14126 2367 2384 1317 47563 1230 281811 43221 219602 3823 2683 986 8367 1543 183513
internal_value=-3.35989e-13 -4.03223e-05 -1.4036e-05 -0.000412886 3.49941e-05 0.00038523 0.000666656 0.00113797 -0.00112267 -0.00348643 0.00137555 0.000871484 -0.00811271 0.000993967 -0.000551737 -0.0053082 -0.00298907 -0.00252005 -0.00130934 -0.00182856 0.00226992 0.00257364 0.000369773 0.000237706 -0.00285456 -0.00469716 0.00356491 0.00190636 0.000689175 -0.00040885
internal_weight=1.77349e+07 1.55892e+07 1.52605e+07 1.67059e+06 1.35899e+07 2.45574e+06 1.88851e+06 1.12145e+06 106648 54633 1.0148e+06 714286 9607 704679 567230 23482 53515 52314 15443 49930 231485 300515 473194 463738 59080 45904 13176 12190 404658 185056
internal_count=17734937 15589246 15260517 1670593 13589924 2455743 1888513 1121449 106648 54633 1014801 714286 9607 704679 567230 23482 53515 52314 15443 49930 231485 300515 473194 463738 59080 45904 13176 12190 404658 185056
is_linear=0
shrinkage=0.1


Tree=72
num_leaves=31
num_cat=0
split_feature=1 7 2 0 1 7 8 3 0 1 1 0 7 1 0 4 1 0 0 10 3 4 0 1 1 5 1 0 3 1
split_gain=19.9854 30.3582 23.3401 27.5447 55.1875 51.0726 39.821 37.9527 27.8866 39.9041 39.4576 48.5398 34.8191 28.1379 58.4053 32.5081 27.627 49.2352 27.4626 25.7701 24.8766 24.4638 24.3508 25.9378 23.9827 23.3253 23.2933 46.9838 26.3748 25.0073
threshold=36.500000000000007 83968556.000000015 32.500000000000007 7.5000000000000009 176.50000000000003 2090565.6875000002 19294.000000000004 36943.500000000007 10.500000000000002 212.50000000000003 267.50000000000006 13.500000000000002 2396416.0000000005 349.50000000000006 17.500000000000004 43753.500000000007 441.50000000000006 21.500000000000004 15.500000000000002 58622.000000000007 54722.500000000007 53465.000000000007 12.500000000000002 231.50000000000003 303.50000000000006 26208.000000000004 514.50000000000011 25.500000000000004 54954.500000000007 605.50000000000011
decision_type=2 2 2 2 2 2 2 2 2 2 2 2 2 2 2 2 2 2 2 2 2 2 2 2 2 2 2 2 2 2
left_child=1 -1 -2 5 7 -4 -7 -5 9 -6 12 -12 -10 15 -15 -13 20 19 24 -18 -16 -14 23 -23 -17 -8 28 -28 -19 -29
right_child=2 -3 3 4 8 6 25 -9 10 -11 11 13 21 14 16 18 17 26 -20 -21 -22 22 -24 -25 -26 -27 27 29 -30 -31
leaf_value=-0.0018509417994097611 0.0004578227710214068 0.00054687861066533068 -0.0063488298591065431 -0.00061561008211406159 0.00021447253799168587 0.004017387680524797 -0.0067565231284199851 0.003912178792439604 -0.002143088637939509 -0.0019461095040458763 -0.0015435793322536183 0.00016264264133737254 0.0010813386043240297 -0.0016862933524789477 -4.2238043527222148e-05 0.0034671980571310116 -0.00061136146272941212 -0.00013521076144235492 0.0037573305262908769 -0.0032117364423859631 0.0013996469877603454 0.0068793285679556214 0.007722258283889942 0.00089494572038583634 -0.00014830596944817259 -0.00059769829189005924 -0.0016366224141495533 0.00069450228763430261 0.001492680831321324 -2.0056789853950856e-05
leaf_weight=138769 1100529 85231 15405 26728 165948 18758 6213 60230 27934 176294 202927 254604 196657 204738 215842 26163 84033 181252 56652 69738 268502 9646 10976 29068 61412 600463 176080 509684 220730 12533731
leaf_count=138769 1100529 85231 15405 26728 165948 18758 6213 60230 27934 176294 202927 254604 196657 204738 215842 26163 84033 181252 56652 69738 268502 9646 10976 29068 61412 600463 176080 509684 220730 12533731
internal_value=6.89141e-13 -0.000938582 1.20063e-05 -1.78914e-05 8.22563e-06 -0.000660571 -0.000520464 0.00252049 -5.70452e-06 -0.000898476 1.42131e-05 -7.4263e-06 0.00120285 1.35468e-05 -9.30051e-06 0.000842147 1.47776e-05 -1.13224e-05 0.00204168 -0.00179068 0.000757088 0.00158226 0.00356474 0.00238602 0.000931825 -0.000660771 8.76454e-06 -1.40388e-05 0.000758671 7.86529e-06
internal_weight=1.77349e+07 224000 1.75109e+07 1.64104e+07 1.57696e+07 640839 625434 86958 1.56826e+07 342242 1.53404e+07 1.50661e+07 274281 1.48632e+07 1.44643e+07 398831 1.42596e+07 1.37752e+07 144227 153771 484344 246347 49690 38714 87575 606676 1.36215e+07 1.32195e+07 401982 1.30434e+07
internal_count=17734937 224000 17510937 16410408 15769569 640839 625434 86958 15682611 342242 15340369 15066088 274281 14863161 14464330 398831 14259592 13775248 144227 153771 484344 246347 49690 38714 87575 606676 13621477 13219495 401982 13043415
is_linear=0
shrinkage=0.1


Tree=73
num_leaves=31
num_cat=0
split_feature=8 9 5 3 0 3 3 0 8 5 5 3 2 2 0 7 3 9 8 7 2 0 3 3 0 3 3 8 7 9
split_gain=19.3387 48.5047 82.9062 47.784 60.4114 36.3491 48.5101 60.0511 59.9276 91.8713 45.333 39.8095 28.7204 28.6681 45.3372 57.1628 53.279 58.6261 46.6235 47.3388 47.7089 41.718 43.8582 45.6028 37.7208 40.4475 38.2868 52.5593 37.163 35.8999
threshold=28445.500000000004 46898.000000000007 54405.500000000007 36943.500000000007 30.500000000000004 36478.000000000007 34540.000000000007 41.500000000000007 29192.000000000004 38896.500000000007 30772.000000000004 29526.500000000004 26.500000000000004 43.500000000000007 4.5000000000000009 134562360.00000003 87260.000000000015 89152.000000000015 46141.000000000007 192149656.00000003 32.500000000000007 84.500000000000014 71221.500000000015 64651.000000000007 14.500000000000002 45303.000000000007 44690.500000000007 32342.500000000004 17929366.000000004 38516.500000000007
decision_type=2 2 2 2 2 2 2 2 2 2 2 2 2 2 2 2 2 2 2 2 2 2 2 2 2 2 2 2 2 2
left_child=1 3 -3 -1 -5 6 10 8 -8 -10 11 -2 -12 14 28 16 -16 -18 -17 20 -20 22 23 -22 25 26 -15 -28 -7 -27
right_child=5 2 -4 4 -6 13 7 -9 9 -11 12 -13 -14 24 15 18 17 -19 19 -21 21 -23 -24 -25 -26 29 27 -29 -30 -31
leaf_value=4.6131464721430896e-05 -0.037007034550110583 -0.011673784896533063 -0.00066149451002372713 0.0028882212065953483 0.00054216369776013474 -0.0017713168484249807 0.0029832272673449211 -0.00078344829761209595 -0.0096159764410767359 -0.00078423627652995757 0.0019619326805902786 -0.0071171135649626656 -0.000508275039408343 -0.0032613994403349503 0.00034307425506142886 0.00029603535782231886 0.0032084353507434559 -0.0019504328902352288 0.0020187643132750137 -0.001406198337592521 -0.011923610541734955 -0.0023400095223682564 -0.006075017608964655 -0.02912248076675248 -5.377202423575001e-05 0.0021997978261932278 0.013736724060944623 -0.020331607371102099 -9.3218317059089203e-05 -0.0009008082354407381
leaf_weight=1694706 525 8992 28519 141070 494520 183364 8274 91525 30527 19178 54826 2946 332618 22056 3389641 78167 121922 26886 5547 57840 5709 7909 8118 2112 9849969 40045 541 2779 470846 553260
leaf_count=1694706 525 8992 28519 141070 494520 183364 8274 91525 30527 19178 54826 2946 332618 22056 3389641 78167 121922 26886 5547 57840 5709 7909 8118 2112 9849969 40045 541 2779 470846 553260
internal_value=1.02501e-13 0.000266025 -0.00330132 0.000323449 0.00106287 -4.09898e-05 -0.000846567 -0.00237859 -0.00489667 -0.00620837 -0.000260651 -0.0116381 -0.000158724 -1.16273e-05 0.000203887 0.000339441 0.000424377 0.00227635 -0.00147761 -0.00306688 -0.00633457 -0.00827754 -0.0112238 -0.016568 -0.000101345 -0.000858752 -0.00476842 -0.0147801 -0.000563561 -0.000691533
internal_weight=1.77349e+07 2.36781e+06 37511 2.3303e+06 635590 1.53671e+07 540419 149504 57979 49705 390915 3471 387444 1.48267e+07 4.35806e+06 3.70385e+06 3.53845e+06 148808 165402 87235 29395 23848 15939 7821 1.04686e+07 618681 25376 3320 654210 593305
internal_count=17734937 2367807 37511 2330296 635590 15367130 540419 149504 57979 49705 390915 3471 387444 14826711 4358061 3703851 3538449 148808 165402 87235 29395 23848 15939 7821 10468650 618681 25376 3320 654210 593305
is_linear=0
shrinkage=0.1


Tree=74
num_leaves=31
num_cat=0
split_feature=2 7 2 5 5 7 3 9 5 2 7 10 1 10 7 6 6 3 5 7 2 7 7 4 3 2 3 9 8 5
split_gain=18.986 53.9706 41.5352 27.244 45.695 24.8323 21.1437 45.814 46.3236 73.8988 94.3556 46.9384 46.0764 43.4233 38.0156 54.045 50.9688 98.3963 67.9816 37.7386 47.3381 37.1552 41.3792 37.0398 33.5343 33.5039 40.7334 37.8695 32.4039 81.0208
threshold=79.500000000000014 2396416.0000000005 80.500000000000014 69833.500000000015 72864.500000000015 2033521.6875000002 96897.500000000015 87007.000000000015 94929.000000000015 65.500000000000014 11198287.000000002 88057.500000000015 414.50000000000006 98318.000000000015 28591103.000000004 84421.050781250015 81050.500000000015 112286.00000000001 89394.000000000015 26906340.000000004 45.500000000000007 21584096.000000004 29139704.000000004 68700.500000000015 117767.50000000001 56.500000000000007 123088.00000000001 95029.500000000015 71741.500000000015 78216.500000000015
decision_type=2 2 2 2 2 2 2 2 2 2 2 2 2 2 2 2 2 2 2 2 2 2 2 2 2 2 2 2 2 2
left_child=6 2 -2 -3 -5 -4 28 12 9 10 -9 -11 -8 25 -14 16 23 18 -18 20 -15 -12 -23 -16 -13 26 -10 -27 29 -1
right_child=1 3 5 4 -6 -7 7 8 13 11 21 24 14 19 15 -17 17 -19 -20 -21 -22 22 -24 -25 -26 27 -28 -29 -30 -31
leaf_value=-2.0196445552428744e-05 -0.029176026150005242 0.00026062773695989132 -0.012340740285416266 -0.014597009970286928 -0.001835453989428261 0.0012035072141730074 0.0022766140228819695 -0.013222447206075261 0.0016116050611147366 -0.030083330812224425 0.00043347526966111874 0.01281957353671284 0.00084536823251442545 -0.00072431655004763875 -0.00024953410472733877 0.0056745296648703968 -0.02293777480866074 0.0016037557103464617 -0.0062013669999193841 -0.00017786666538633045 -0.0091235726870005276 -0.012843518624745793 -0.0026452362832740596 -0.010151482428259173 0.0013012823703646515 -0.0015299052651175959 0.0084697131440010717 -0.026881569175287386 -0.00069614111003022457 0.0020848369285701748
leaf_weight=15359487 978 63431 3336 3362 16961 2278 148329 11067 45985 415 18720 3318 664170 14564 333370 14013 3800 10007 6717 68247 12443 5846 12455 3821 10611 12247 10670 619 688624 185046
leaf_count=15359487 978 63431 3336 3362 16961 2278 148329 11067 45985 415 18720 3318 664170 14564 333370 14013 3800 10007 6717 68247 12443 5846 12455 3821 10611 12247 10670 619 688624 185046
internal_value=-8.28347e-13 -0.00144595 -0.010158 -0.000760255 -0.00394658 -0.00684487 7.40372e-06 0.000378644 -0.000922051 -0.00324175 -0.00512077 0.00305763 0.000628197 -4.31338e-05 0.000392162 -0.000417585 -0.000656236 -0.00549451 -0.0122486 -0.00142999 -0.00459413 -0.00269887 -0.00590294 -0.000361742 0.00404503 0.00185707 0.00290321 -0.00274961 -2.48748e-05 4.8624e-06
internal_weight=1.77349e+07 90346 6592 83754 20323 5614 1.76446e+07 1.41143e+06 227207 62432 48088 14344 1.18423e+06 164775 1.0359e+06 371728 357715 20524 10517 95254 27007 37021 18301 337191 13929 69521 56655 12866 1.62332e+07 1.55445e+07
internal_count=17734937 90346 6592 83754 20323 5614 17644591 1411434 227207 62432 48088 14344 1184227 164775 1035898 371728 357715 20524 10517 95254 27007 37021 18301 337191 13929 69521 56655 12866 16233157 15544533
is_linear=0
shrinkage=0.1


Tree=75
num_leaves=31
num_cat=0
split_feature=1 10 8 0 7 4 3 4 5 8 3 9 0 0 2 3 2 7 3 8 5 2 5 9 6 1 3 9 1 4
split_gain=18.8787 21.2479 18.8588 29.2093 60.6493 40.5473 38.8103 33.1957 23.8907 42.4774 21.9061 49.54 45.5728 35.6294 69.3614 35.6252 46.0454 34.9751 32.2927 49.639 66.3816 36.1599 34.1003 36.0879 44.6617 34.0964 31.7528 81.0451 103.069 54.1898
threshold=17.500000000000004 36972.500000000007 20523.000000000004 11.500000000000002 780555.21875000012 4382.5000000000009 17529.000000000004 18052.500000000004 23463.500000000004 12359.500000000002 36478.000000000007 32693.500000000004 24.500000000000004 51.500000000000007 29.500000000000004 42261.000000000007 59.500000000000007 6727579.0000000009 34540.000000000007 29192.000000000004 38896.500000000007 57.500000000000007 24979.000000000004 44462.500000000007 48222.050781250007 249.50000000000003 54503.500000000007 48506.500000000007 559.50000000000011 41934.500000000007
decision_type=2 2 2 2 2 2 2 2 2 2 2 2 2 2 2 2 2 2 2 2 2 2 2 2 2 2 2 2 2 2
left_child=1 -1 3 4 5 -2 -6 -7 9 -8 13 12 15 14 17 -12 -17 -4 21 -20 -21 22 25 -24 -25 -16 -13 28 -28 -29
right_child=2 -3 10 -5 6 7 8 -9 -10 -11 11 26 -14 -15 18 16 -18 -19 19 20 -22 -23 23 24 -26 -27 27 29 -30 -31
leaf_value=-0.0081795104619588437 0.0071466146456098823 -0.0011663602643079553 -0.0023754199713600342 0.00024886922517731953 0.0057587344334776407 -0.0071392014478864107 0.0074535460528937329 -0.045176985023259113 0.0036129483933688535 -0.0021602948212240199 0.00071131132245783296 -0.00028621045974087402 0.00046002207876619542 4.6726190989690879e-05 -0.0095901079761741698 0.0050318475976994272 -0.0031371061305201144 0.002247194615709477 -0.00096270208871066215 -0.0077012681821908196 0.00055577667584198309 -0.01018155836934787 -0.00048697609960429331 -0.011640179774842606 0.0016712313146229831 -0.0022432950062647884 0.0021595314722537766 -0.00063237459485357742 0.00029552074781071083 3.856292632978784e-05
leaf_weight=4616 2161 67384 20260 893577 31071 8242 5577 236 26181 26123 57105 3516601 612611 785659 8088 60339 7791 85192 53814 34653 13541 4297 349000 6424 4148 28849 364277 1429294 1597674 7630152
leaf_count=4616 2161 67384 20260 893577 31071 8242 5577 236 26181 26123 57105 3516601 612611 785659 8088 60339 7791 85192 53814 34653 13541 4297 349000 6424 4148 28849 364277 1429294 1597674 7630152
internal_value=7.5756e-14 -0.00161598 6.58728e-06 0.000429917 0.00205436 -0.00508123 0.00290781 -0.00819805 0.00137741 -0.000468926 -1.86343e-05 1.59943e-05 0.000815359 -0.000398125 -0.000972711 0.00255356 0.00409769 0.00135907 -0.00146174 -0.00305028 -0.0053813 -0.00105745 -0.000958567 -0.000661339 -0.00641735 -0.00385201 -2.45758e-05 5.89041e-05 0.000641613 -6.72898e-05
internal_weight=1.77349e+07 72000 1.76629e+07 993168 99591 10639 88952 8478 57881 31700 1.66698e+07 1.52758e+07 737846 1.39392e+06 608266 125235 68130 105452 502814 102008 48194 400806 396509 359572 10572 36937 1.4538e+07 1.10214e+07 1.96195e+06 9.05945e+06
internal_count=17734937 72000 17662937 993168 99591 10639 88952 8478 57881 31700 16669769 15275844 737846 1393925 608266 125235 68130 105452 502814 102008 48194 400806 396509 359572 10572 36937 14537998 11021397 1961951 9059446
is_linear=0
shrinkage=0.1


Tree=76
num_leaves=31
num_cat=0
split_feature=2 7 8 3 5 4 2 3 0 7 4 8 3 10 5 6 2 2 1 8 8 8 3 3 9 3 0 5 9 3
split_gain=17.4335 31.8801 90.647 192.78 165.456 68.5203 65.8478 44.2093 36.3197 35.6929 41.6148 26.2517 24.5534 52.3241 89.9015 88.9172 64.4066 62.7592 52.8478 45.6963 58.0802 43.7355 54.4001 65.9675 40.7117 67.0821 77.9301 64.0019 74.1482 94.4039
threshold=70.500000000000014 17674512.000000004 57003.500000000007 104177.00000000001 67473.500000000015 73614.500000000015 77.500000000000014 100300.50000000001 41.500000000000007 12559106.500000002 66243.000000000015 65268.500000000007 77924.000000000015 66992.500000000015 68177.000000000015 66699.199218750015 64.500000000000014 55.500000000000007 1171.5000000000002 43215.000000000007 41244.000000000007 62216.000000000007 84133.500000000015 79641.500000000015 49188.500000000007 57181.500000000007 29.500000000000004 53018.500000000007 42441.000000000007 56793.500000000007
decision_type=2 2 2 2 2 2 2 2 2 2 2 2 2 2 2 2 2 2 2 2 2 2 2 2 2 2 2 2 2 2
left_child=12 8 -3 4 6 -5 -4 11 9 10 -2 -6 24 15 16 18 17 -15 21 20 -16 -14 23 -23 25 27 -27 28 -1 -30
right_child=1 2 3 5 7 -7 -8 -9 -10 -11 -12 -13 13 14 19 -17 -18 -19 -20 -21 -22 22 -24 -25 -26 26 -28 -29 29 -31
leaf_value=8.1391081719831565e-05 -0.0030104661371305268 0.00036341840810616725 -0.026535350738125865 0.00022327319603396173 9.389527235467223e-05 -0.019692215374076179 -0.0031295885281829999 -0.012135734330894829 0.00040995711385860626 0.0022524288239269461 -0.01476300292524288 -0.011459713570316298 0.0011260227780948181 -0.015493086887176728 -0.0016576391808823595 -0.039028550418595792 -0.021683826059658077 0.0017830652942752699 0.00018102248462710313 2.6913366723447885e-05 -0.013933159137245535 0.0090409386051115512 0.0065306336663728745 -0.0063223499562402724 -0.00027621565273244113 0.0021471858714881753 0.0003354987383743984 0.0026942538600919341 -0.00059948706781081252 -0.0050452333012704128
leaf_weight=5085801 33774 97351 7027 48054 9935 1792 1450 6999 293389 11816 3308 2452 670219 3320 15629 564 2896 5735 915728 2625356 5116 4185 32226 8414 4968288 294123 1231832 83710 1214729 49719
leaf_count=5085801 33774 97351 7027 48054 9935 1792 1450 6999 293389 11816 3308 2452 670219 3320 15629 564 2896 5735 915728 2625356 5116 4185 32226 8414 4968288 294123 1231832 83710 1214729 49719
internal_value=5.40718e-13 -0.000571969 -0.00166964 -0.00421657 -0.0108784 -0.000492703 -0.0225318 -0.00578275 -1.05756e-05 -0.00253378 -0.00405888 -0.00219314 1.71863e-05 0.000224506 -4.9111e-05 0.00067033 -0.00870283 -0.00455121 0.00068406 -1.00269e-05 -0.00468495 0.00132828 0.0043524 -0.00121914 -5.15994e-05 8.85979e-05 0.000684696 -5.27799e-05 -8.89917e-05 -0.000774297
internal_weight=1.77349e+07 517347 175060 77709 27863 49846 8477 19386 342287 48898 37082 12387 1.72176e+07 4.28939e+06 2.65805e+06 1.63134e+06 11951 9055 1.63077e+06 2.6461e+06 20745 715044 44825 12599 1.29282e+07 7.95991e+06 1.52596e+06 6.43396e+06 6.35025e+06 1.26445e+06
internal_count=17734937 517347 175060 77709 27863 49846 8477 19386 342287 48898 37082 12387 17217590 4289388 2658052 1631336 11951 9055 1630772 2646101 20745 715044 44825 12599 12928202 7959914 1525955 6433959 6350249 1264448
is_linear=0
shrinkage=0.1


Tree=77
num_leaves=31
num_cat=0
split_feature=2 0 3 8 5 4 8 7 9 4 3 9 3 2 7 3 4 9 4 8 8 8 9 3 8 4 9 4 3 5
split_gain=18.6075 47.9292 38.3032 79.5417 37.1771 87.0221 112.027 38.4729 35.4687 61.3426 61.8707 56.7465 64.0038 50.737 49.4898 48.5268 46.139 42.1717 40.0415 47.4874 45.9775 46.9567 37.3282 35.1604 33.9412 33.5577 33.2676 32.14 37.1846 31.9206
threshold=55.500000000000007 30.500000000000004 112286.00000000001 82020.000000000015 92613.000000000015 66735.500000000015 76489.500000000015 7135006.0000000009 65422.000000000007 55937.500000000007 97839.500000000015 53542.000000000007 71832.500000000015 64.500000000000014 58410906.000000007 68041.500000000015 61462.500000000007 69746.000000000015 62068.500000000007 68551.000000000015 64686.500000000007 57810.500000000007 76158.000000000015 96897.500000000015 61048.500000000007 65356.500000000007 63887.500000000007 54113.500000000007 88507.500000000015 73184.500000000015
decision_type=2 2 2 2 2 2 2 2 2 2 2 2 2 2 2 2 2 2 2 2 2 2 2 2 2 2 2 2 2 2
left_child=-1 2 3 8 5 6 -4 -7 9 10 11 12 -2 14 18 -13 -15 -18 19 20 21 23 -19 -10 -16 -24 -17 -21 -29 -28
right_child=1 -3 4 -5 -6 7 -8 -9 13 -11 -12 15 -14 16 24 26 17 22 -20 27 -22 -23 25 -25 -26 -27 29 28 -30 -31
leaf_value=5.8618459445570531e-05 -0.0016134502772116998 -5.1020175827997103e-05 0.0010454978353471348 -0.014318493043971859 -0.0048106343461199212 -0.0051312379832796533 -0.026790708367042171 0.010997189502329289 0.023384810736427061 0.0038748376959900355 0.0037938380901671089 -0.011681833337468325 0.0019394045493816893 -0.011829978759121385 -0.010025900824837666 -0.0023311801283991663 0.0065053782482567867 -0.014012515241436483 -0.00058891066025696325 0.003696847999706509 0.00071376797125411741 -0.0097470322830959175 0.02221687352062289 -0.018611694092699586 0.0063586681860579716 -0.0039057968488695376 -0.012755121921047477 0.0025328443074526842 -0.018427745981744778 0.016607584026258931
leaf_weight=13359661 164080 3806280 26563 4644 7648 1675 1529 12640 770 26841 24453 6378 73382 10606 1442 106463 3487 3650 41468 1068 13731 10791 586 269 10261 3058 4826 1008 5278 401
leaf_count=13359661 164080 3806280 26563 4644 7648 1675 1529 12640 770 26841 24453 6378 73382 10606 1442 106463 3487 3650 41468 1068 13731 10791 586 269 10261 3058 4826 1008 5278 401
internal_value=-1.79816e-13 -0.000178988 -0.00103503 -0.00128984 0.00160676 0.00276412 -0.00046958 0.00911 -0.0011722 -0.000745359 -0.00107172 -0.00140637 -0.000515525 -0.00278793 -0.00170495 -0.00319805 -0.0071471 -0.00254023 -0.002656 -0.00526022 -0.00322287 -0.00779209 -0.00686462 0.0125118 0.00433982 0.00029505 -0.00271359 -0.0123416 -0.0150666 -0.0105025
internal_weight=1.77349e+07 4.37528e+06 568996 518941 50055 42407 28092 14315 514297 406824 379983 355530 237462 107473 86086 118068 21387 10781 74383 32915 25561 11830 7294 1039 11703 3644 111690 7354 6286 5227
internal_count=17734937 4375276 568996 518941 50055 42407 28092 14315 514297 406824 379983 355530 237462 107473 86086 118068 21387 10781 74383 32915 25561 11830 7294 1039 11703 3644 111690 7354 6286 5227
is_linear=0
shrinkage=0.1


Tree=78
num_leaves=31
num_cat=0
split_feature=0 1 1 4 2 10 3 3 6 3 5 7 7 0 10 4 4 7 6 8 4 4 4 6 9 7 2 8 3 9
split_gain=17.7694 42.3708 24.1209 30.0618 23.4466 32.0674 65.4565 62.7122 53.2309 115.361 80.242 113.934 53.3407 52.6217 35.965 43.6626 76.0275 35.5504 36.1325 34.5266 39.7518 33.5786 53.1022 55.9941 99.1844 85.3406 61.4125 61.2421 48.8649 46.0677
threshold=119.50000000000001 2207.5000000000005 2602.5000000000005 56533.000000000007 61.500000000000007 66992.500000000015 87260.000000000015 112286.00000000001 47269.750000000007 56027.500000000007 50588.000000000007 8597531.5000000019 3157666.8750000005 62.500000000000007 66712.000000000015 60350.000000000007 61462.500000000007 5365495.7500000009 48078.349609375007 60514.000000000007 61042.500000000007 62068.500000000007 58044.000000000007 58356.050781250007 60572.500000000007 37410850.000000007 69.500000000000014 56632.000000000007 71832.500000000015 59815.500000000007
decision_type=2 2 2 2 2 2 2 2 2 2 2 2 2 2 2 2 2 2 2 2 2 2 2 2 2 2 2 2 2 2
left_child=1 4 3 -2 -1 6 8 13 -6 -10 11 17 19 -7 15 -8 -17 -11 -19 -12 -21 22 23 -14 26 28 29 -28 -26 -25
right_child=2 -3 -4 -5 5 7 14 -9 9 10 12 -13 21 -15 -16 16 -18 18 -20 20 -22 -23 -24 24 25 -27 27 -29 -30 -31
leaf_value=2.6032966198310952e-05 0.0002025370779133377 -0.0012706224853893931 -0.00061013425911478434 0.0012241586204790056 0.00030501663824151386 -0.0031824629719468971 0.0010311212456173469 0.0006817736730570464 -0.02923220817113327 -0.0042895604506528904 0.0024463748253466902 -0.052180391503497958 -0.0010100897001672124 -0.0006566089681695166 0.0059286360334057635 -0.01338100696262283 0.0096509743880745825 -0.012323136103079531 -0.04526168706313688 -0.033298623408116991 -0.0033621483161711814 -0.020350609604209504 0.0046599276442484128 -0.0036483802045787096 -0.019040010226243884 -0.023903985693352735 -0.00024692724901425608 -0.023703105821920548 0.00028344280467469343 -0.015278165338779907
leaf_weight=13350285 1844497 274879 288933 341329 374074 153112 317692 143228 1475 11014 55858 576 288824 178795 14617 5096 1994 2214 392 504 3699 935 14023 14341 1354 1601 1471 4575 39083 4467
leaf_count=13350285 1844497 274879 288933 341329 374074 153112 317692 143228 1475 11014 55858 576 288824 178795 14617 5096 1994 2214 392 504 3699 935 14023 14341 1354 1601 1471 4575 39083 4467
internal_value=-2.20684e-13 -4.03096e-05 0.000248562 0.000362069 -1.77417e-05 -0.000375172 -9.17246e-05 -0.00106711 -0.000574885 -0.00131221 -0.00121966 -0.00861701 -0.000975857 -0.00182181 0.00107629 0.000857909 -0.00690347 -0.00677469 -0.0172778 0.00178869 -0.00695196 -0.0014238 -0.00137594 -0.00161389 -0.00422093 -0.00126011 -0.00922885 -0.0179962 -0.000363587 -0.00641052
internal_weight=1.77349e+07 1.52602e+07 2.47476e+06 2.18583e+06 1.49853e+07 1.63501e+06 1.15988e+06 475135 820480 446406 444931 14196 430735 331907 339399 324782 7090 13620 2606 60061 4203 370674 369739 355716 66892 42038 24854 6046 40437 18808
internal_count=17734937 15260178 2474759 2185826 14985299 1635014 1159879 475135 820480 446406 444931 14196 430735 331907 339399 324782 7090 13620 2606 60061 4203 370674 369739 355716 66892 42038 24854 6046 40437 18808
is_linear=0
shrinkage=0.1


Tree=79
num_leaves=31
num_cat=0
split_feature=1 7 2 0 4 8 1 5 3 7 7 8 5 0 7 0 3 7 3 9 10 5 8 10 2 10 5 9 1 8
split_gain=16.4007 21.5392 17.3332 50.5378 42.6367 58.8884 35.1348 36.1169 35.9855 44.4639 43.0053 34.6075 51.2956 39.1693 37.5627 51.4447 36.6173 34.742 32.5737 63.2652 34.0556 49.2006 48.6186 102.783 82.1878 68.4284 46.2419 60.7935 47.2617 42.2454
threshold=27.500000000000004 93835284.000000015 42.500000000000007 8.5000000000000018 35099.500000000007 42992.500000000007 166.50000000000003 54254.000000000007 17529.000000000004 1276134.6875000002 780555.21875000012 39212.500000000007 41002.000000000007 43.500000000000007 50594124.000000007 5.5000000000000009 68041.500000000015 2090565.6875000002 88507.500000000015 89152.000000000015 86565.500000000015 86168.500000000015 70004.000000000015 75100.500000000015 27.500000000000004 77262.500000000015 75167.500000000015 72228.500000000015 587.50000000000011 75850.500000000015
decision_type=2 2 2 2 2 2 2 2 2 2 2 2 2 2 2 2 2 2 2 2 2 2 2 2 2 2 2 2 2 2
left_child=1 -1 4 -4 5 6 7 8 9 -2 -10 13 -13 17 15 -14 -16 -6 20 -20 21 22 26 -24 -25 -26 27 -17 -28 -27
right_child=2 -3 3 -5 11 -7 -8 -9 10 -11 -12 12 14 -15 16 18 -18 -19 19 -21 -22 -23 23 24 25 29 28 -29 -30 -31
leaf_value=-0.0020667422352347738 -0.00083577501263730296 0.00033822288584860655 -0.0014398256427469824 -2.7538337429906136e-05 -0.0035425788503056716 -0.0016292940627987982 -0.00010622498460435446 0.0070892196269637083 -0.016476101188672085 0.00630451441139 0.00051072698341708624 -0.045103169797409699 -0.00073126322397499101 0.0005050542530177347 0.0036586147258173708 0.00042715413023864941 0.00078046592625143432 0.0055794575479082764 0.0040181857929954606 -0.0030150971612878477 -0.0071459879005131418 0.0058533931253674058 -0.0079253004548562635 -0.023472582987755973 0.0047262476839829669 -0.0040299697140848377 0.0067601316361670096 -0.019341853861628233 0.00055116819326185866 0.0021284750985711013
leaf_weight=86746 13648 65254 258909 11862593 4693 235317 2286688 9652 1500 24159 232438 248 424910 53386 63971 1685412 143053 37836 59756 16272 5960 16549 21402 1469 24442 30410 23501 1557 25629 17577
leaf_count=86746 13648 65254 258909 11862593 4693 235317 2286688 9652 1500 24159 232438 248 424910 53386 63971 1685412 143053 37836 59756 16272 5960 16549 21402 1469 24442 30410 23501 1557 25629 17577
internal_value=-5.50172e-14 -0.00103428 8.94112e-06 -5.77041e-05 0.000156858 -0.000115209 2.35288e-05 0.00107793 0.000864422 0.00372693 0.000401808 0.000443805 0.00037399 0.00230873 0.000378392 0.000264857 0.00166982 0.00457286 0.000484171 0.00251288 0.000400975 0.000425315 0.000376266 -0.00182286 -5.55015e-05 0.000419442 0.000496983 0.000408908 0.00352118 -0.00177421
internal_weight=1.77349e+07 152000 1.75829e+07 1.21215e+07 5.46144e+06 2.8034e+06 2.56808e+06 281397 271745 37807 233938 2.65803e+06 2.56212e+06 95915 2.56187e+06 2.35485e+06 207024 42529 1.92994e+06 76028 1.85391e+06 1.84795e+06 1.8314e+06 95300 73898 72429 1.7361e+06 1.68697e+06 49130 47987
internal_count=17734937 152000 17582937 12121502 5461435 2803402 2568085 281397 271745 37807 233938 2658033 2562118 95915 2561870 2354846 207024 42529 1929936 76028 1853908 1847948 1831399 95300 73898 72429 1736099 1686969 49130 47987
is_linear=0
shrinkage=0.1


Tree=80
num_leaves=31
num_cat=0
split_feature=0 1 0 1 7 7 6 2 5 8 1 2 5 3 4 8 9 4 4 7 3 3 2 5 5 7 7 7 4 3
split_gain=16.1179 87.7978 76.5462 57.0555 46.4642 37.8167 39.3108 36.5581 36.7712 43.3684 36.1344 31.2087 39.9644 60.9868 82.9097 101.829 56.486 58.262 80.8579 95.7736 59.41 97.0544 57.4472 55.3466 53.4424 51.0145 50.4806 53.2041 47.52 43.0861
threshold=88.500000000000014 1435.5000000000002 73.500000000000014 1672.5000000000002 4863112.7500000009 4932801.0000000009 60275.349609375007 78.500000000000014 43877.500000000007 51086.500000000007 83.500000000000014 55.500000000000007 92613.000000000015 114278.50000000001 66735.500000000015 76489.500000000015 74706.500000000015 69997.500000000015 68700.500000000015 8718038.5000000019 103126.50000000001 100300.50000000001 74.500000000000014 82623.000000000015 111233.00000000001 8966165.5000000019 16631210.500000002 16975304.000000004 76457.000000000015 88507.500000000015
decision_type=2 2 2 2 2 2 2 2 2 2 2 2 2 2 2 2 2 2 2 2 2 2 2 2 2 2 2 2 2 2
left_child=1 4 -3 -4 7 6 -6 10 -9 -10 -1 -7 13 16 15 -15 29 18 26 -20 21 23 -21 -19 -14 -22 -18 -28 -25 -13
right_child=-2 2 3 -5 5 11 -8 8 9 -11 -12 12 24 14 -16 -17 17 20 19 22 25 -23 -24 28 -26 -27 27 -29 -30 -31
leaf_value=-0.0036012347560603376 0.0001338392153640807 -0.0028620273601622265 -0.00012481892555084325 -0.0018755323194695373 0.0013955950211305482 0.00021559575104625509 0.0086016156687042499 -0.026213429430336284 0.0040151248840489782 -0.012449297377866613 -0.00030477394058959118 -0.00057264888219032745 -0.0053755142883863405 0.00057755873301833271 0.0054851966076205523 -0.022888266123690788 -0.010246156358401469 0.0056108857065358692 0.0036457067955038454 -0.027025857491846151 -0.015996063577002572 -0.016295891787315359 -0.00087301800036314889 -0.01336997052365693 0.016084068844202715 0.0044208455318346654 0.020695184254350331 -0.0024469797901171563 0.0057082749048447956 0.00062907837214124136
leaf_weight=33752 5969325 168563 751816 247412 30740 6593620 10044 912 3003 3424 2247313 1002784 23057 75019 42919 1896 8707 7939 2075 4166 1291 4841 1052 4005 1222 23514 1017 42863 1937 424709
leaf_count=33752 5969325 168563 751816 247412 30740 6593620 10044 912 3003 3424 2247313 1002784 23057 75019 42919 1896 8707 7939 2075 4166 1291 4841 1052 4005 1222 23514 1017 42863 1937 424709
internal_value=-3.43877e-13 -6.79038e-05 -0.000890829 -0.000558301 2.27756e-05 0.000132659 0.00317024 -0.000376222 -0.00742276 -0.00475634 -0.00035355 0.000117677 -0.000267779 -0.00020854 0.00196397 -8.87655e-07 -0.000378597 -0.00263548 -0.00465923 -0.0145267 0.000148585 -0.00410391 -0.0217532 0.000148045 -0.00429542 0.00335823 -0.00329076 -0.00191062 -0.00715076 -0.00021511
internal_weight=1.77349e+07 1.17656e+07 1.16779e+06 999228 1.05978e+07 8.30942e+06 40784 2.2884e+06 7339 6427 2.28106e+06 8.26863e+06 1.67501e+06 1.65073e+06 119834 76915 1.5309e+06 103407 59880 7293 43527 18722 5218 13881 24279 24805 52587 43880 5942 1.42749e+06
internal_count=17734937 11765612 1167791 999228 10597821 8309417 40784 2288404 7339 6427 2281065 8268633 1675013 1650734 119834 76915 1530900 103407 59880 7293 43527 18722 5218 13881 24279 24805 52587 43880 5942 1427493
is_linear=0
shrinkage=0.1


Tree=81
num_leaves=31
num_cat=0
split_feature=2 10 4 0 3 3 10 5 4 7 2 8 2 5 1 8 5 8 10 7 3 5 6 4 5 9 5 4 7 7
split_gain=15.8218 16.0101 14.6769 26.3548 18.5159 15.9855 51.4346 57.1981 95.5988 122.674 84.0061 77.7716 49.0543 44.4143 37.3688 34.5593 31.0351 30.1054 157.752 88.7374 88.4131 117.284 108.549 127.789 67.4197 91.4817 62.4436 58.9638 58.8964 65.8751
threshold=14.500000000000002 82649.500000000015 5463.5000000000009 23.500000000000004 106510.00000000001 77924.000000000015 64256.500000000007 66587.500000000015 52480.000000000007 27392292.000000004 44.500000000000007 61710.500000000007 65.500000000000014 66129.500000000015 969.50000000000011 62216.000000000007 65911.000000000015 61710.500000000007 63601.500000000007 10377078.000000002 76943.000000000015 66776.000000000015 69097.851562500015 69997.500000000015 64126.000000000007 58314.000000000007 61484.500000000007 57087.500000000007 134562360.00000003 192149656.00000003
decision_type=2 2 2 2 2 2 2 2 2 2 2 2 2 2 2 2 2 2 2 2 2 2 2 2 2 2 2 2 2 2
left_child=1 -1 3 4 -2 17 14 8 9 13 -11 -12 16 -8 15 -7 -10 24 19 -19 -20 -22 -23 -24 25 26 27 -4 -27 -30
right_child=2 -3 5 -5 -6 6 7 -9 12 10 11 -13 -14 -15 -16 -17 -18 18 20 -21 21 22 23 -25 -26 28 -28 -29 29 -31
leaf_value=-0.003728847502484338 0.0032035288887416811 -0.0001080855483032955 -5.2899594986310888e-05 0.000271018928987123 -0.019824653356971051 0.0013155421512694027 -0.023420549633645382 2.6676530003840258e-06 -0.00021290952304977795 -0.032935040856280261 0.0015595504666304524 -0.018432946927674124 0.0028634347540059516 -0.008594318583708337 0.00029186809794292155 0.013064368150528503 -0.0061639275262935561 -0.0078598723857805208 -0.00018526732926224881 -0.030506355202881027 -0.015208689111192476 0.0011602107603646715 -0.011508205684140203 0.0053880529741119655 0.00091553891254540711 -0.0011775376227272771 0.0016683439052330618 -0.045222869592760673 -0.012239620193205486 0.0013550448900824048
leaf_weight=22840 43287 26245 10530716 175065 352 472631 5131 3155492 19637 881 13955 2261 25785 3333 951500 2517 15826 6359 721624 2377 8156 34984 18852 5870 718861 519781 214756 289 10051 5523
leaf_count=22840 43287 26245 10530716 175065 352 472631 5131 3155492 19637 881 13955 2261 25785 3333 951500 2517 15826 6359 721624 2377 8156 34984 18852 5870 718861 519781 214756 289 10051 5523
internal_value=5.84225e-14 -0.00179288 4.97593e-06 0.000819092 0.00301778 -5.21752e-06 0.000153169 -6.69971e-05 -0.0025993 -0.00773619 -0.00286186 -0.00122801 -0.000455485 -0.0175822 0.000653533 0.00137778 -0.00286866 -6.29989e-05 -0.000657669 -0.0140218 -0.000509789 -0.00396066 -0.00242415 -0.00749635 -2.34422e-05 -8.32765e-05 -1.9715e-05 -5.41392e-05 -0.00135909 -0.00741855
internal_weight=1.77349e+07 49085 1.76859e+07 218704 43639 1.74671e+07 4.66895e+06 3.2423e+06 86809 25561 17097 16216 61248 8464 1.42665e+06 475148 35463 1.27982e+07 798222 8736 789486 67862 59706 24722 1.2e+07 1.12811e+07 1.07458e+07 1.0531e+07 535355 15574
internal_count=17734937 49085 17685852 218704 43639 17467148 4668949 3242301 86809 25561 17097 16216 61248 8464 1426648 475148 35463 12798199 798222 8736 789486 67862 59706 24722 11999977 11281116 10745761 10531005 535355 15574
is_linear=0
shrinkage=0.1


Tree=82
num_leaves=31
num_cat=0
split_feature=2 7 3 0 8 7 2 3 3 3 3 9 6 7 1 5 9 8 7 2 7 6 4 7 2 7 3 10 5 8
split_gain=15.2293 39.7842 29.3376 25.0684 30.8816 76.9144 20.3947 25.9344 18.7609 18.5267 16.8392 47.8679 56.8238 83.3487 52.8539 53.1105 73.0575 92.6683 71.0285 65.6242 50.6085 47.5115 49.3626 82.7849 61.5534 47.7399 43.4411 41.7554 76.8914 83.5346
threshold=79.500000000000014 2396416.0000000005 84465.500000000015 65.500000000000014 49943.000000000007 68671700.000000015 84.500000000000014 110707.00000000001 88050.500000000015 107588.00000000001 85346.000000000015 80948.500000000015 81878.449218750015 5006913.2500000009 1313.5000000000002 82623.000000000015 79108.500000000015 76489.500000000015 37410850.000000007 67.500000000000014 8966165.5000000019 76426.500000000015 70588.000000000015 15871043.000000002 61.500000000000007 5611324.7500000009 96897.500000000015 64665.000000000007 68404.000000000015 59259.500000000007
decision_type=2 2 2 2 2 2 2 2 2 2 2 2 2 2 2 2 2 2 2 2 2 2 2 2 2 2 2 2 2 2
left_child=10 2 -2 4 -3 6 7 9 -4 -6 -1 14 13 -13 15 16 20 19 -17 -18 -12 -15 23 -23 -24 -26 -19 -22 29 -29
right_child=1 3 8 -5 5 -7 -8 -9 -10 -11 11 12 -14 21 -16 18 17 26 -20 -21 27 22 24 -25 25 -27 -28 28 -30 -31
leaf_value=-3.8945385023792011e-05 -0.018690890649255609 0.0017044453338067257 0.0034038869388716775 0.0005001765691980862 -0.0093512258332488513 -0.045474415277240124 -0.00080568312504933663 -0.00043784369727527565 -0.009662349201142735 -0.026386529950212304 0.0019866891149077086 -0.020918828946067697 -0.0001128712026260724 0.003223787891113627 -5.4221733662938522e-05 0.0043493527384303203 -0.019911814877511272 -0.0085646011541193751 -0.0003384515992464582 0.01548426309999839 0.0013937745804120847 -0.030566655702534175 0.0015057480690612241 -0.0042285455461020657 0.0056445901726261353 -0.015503857508595863 0.0064617888479580089 0.00038153746660402792 0.00022275241853049693 -0.0082348127344368891
leaf_weight=14490637 2054 8774 1867 56350 5759 469 8300 3384 2671 718 245362 2431 461717 14106 1284070 90922 5157 3244 50149 583 273746 1218 32399 59061 1449 4053 4728 21792 574504 23263
leaf_count=14490637 2054 8774 1867 56350 5759 469 8300 3384 2671 718 245362 2431 461717 14106 1284070 90922 5157 3244 50149 583 273746 1218 32399 59061 1449 4053 4728 21792 574504 23263
internal_value=2.50058e-13 -0.00129502 -0.0087749 -0.000706304 -0.00318715 -0.00549091 -0.00445835 -0.0075328 -0.00428671 -0.0112397 6.63093e-06 0.000216028 -0.00060777 -0.00259966 0.000400262 0.000851449 0.000627249 -0.00662851 0.0026829 -0.0163167 0.000714624 -0.00220304 -0.00298274 -0.00476073 -0.000154967 -0.00993423 0.000347187 0.000365228 -8.92245e-05 -0.0040673
internal_weight=1.77349e+07 90346 6592 83754 27404 18630 18161 9861 4538 6477 1.76446e+07 3.15395e+06 576434 114717 2.57752e+06 1.29345e+06 1.15238e+06 13712 141071 5740 1.13867e+06 112286 98180 60279 37901 5502 7972 893305 619559 45055
internal_count=17734937 90346 6592 83754 27404 18630 18161 9861 4538 6477 17644591 3153954 576434 114717 2577520 1293450 1152379 13712 141071 5740 1138667 112286 98180 60279 37901 5502 7972 893305 619559 45055
is_linear=0
shrinkage=0.1


Tree=83
num_leaves=31
num_cat=0
split_feature=0 1 7 0 7 6 1 1 0 4 2 10 3 8 5 5 3 2 3 4 7 9 3 3 3 10 5 6 4 9
split_gain=15.4915 88.564 33.9792 32.6392 32.3266 31.2762 31.2334 30.8841 58.0681 39.5212 29.1233 32.6672 57.6702 92.2243 102.223 53.2944 39.0351 38.7221 34.0995 32.9807 32.4161 41.9432 41.9795 35.321 32.1782 61.3602 60.4785 38.0114 50.9163 91.4676
threshold=84.500000000000014 1521.5000000000002 4863112.7500000009 76.500000000000014 4932801.0000000009 60275.349609375007 1642.5000000000002 1774.5000000000002 99.500000000000014 52879.500000000007 61.500000000000007 56191.000000000007 71221.500000000015 46942.000000000007 50928.500000000007 59459.500000000007 69761.000000000015 79.500000000000014 61294.500000000007 45238.500000000007 5224437.0000000009 55587.000000000007 73692.500000000015 87724.500000000015 112286.00000000001 66992.500000000015 67926.500000000015 57973.550781250007 50008.500000000007 63720.500000000007
decision_type=2 2 2 2 2 2 2 2 2 2 2 2 2 2 2 2 2 2 2 2 2 2 2 2 2 2 2 2 2 2
left_child=1 2 -1 -3 5 -4 -5 9 -9 -2 -6 12 13 19 18 17 -16 20 -15 -12 -13 22 -22 -24 25 26 27 -17 29 -29
right_child=7 3 4 6 10 -7 -8 8 -10 -11 11 15 -14 14 16 24 -18 -19 -20 -21 21 -23 23 -25 -26 -27 -28 28 -30 -31
leaf_value=-0.00034961846315667046 0.00024988649220934842 -0.0028710812229685422 0.0012579679485885318 -0.00020320966472057555 0.00012825968449238476 0.0075322553115354301 -0.0020804181613235427 -0.001066640947223071 9.7056027817031475e-05 0.0014428570709464057 -0.000286659447943515 -0.01947735971327158 0.0015267516605054331 -0.016473829112807464 -0.0032157084224191251 0.0013284898663640445 -0.020146647399722731 -0.02841462452252555 -0.044366099297507733 -0.025407867142132352 -0.016201112424319295 -0.00010238054638537788 -0.00098256688537187221 -0.012255057367522512 0.00087747456402590361 -0.0024676241850923927 0.0040651120521579091 -0.0035420274350316389 -0.0005241435329322306 -0.022143324658600739
leaf_weight=2327795 1987929 114021 31287 226649 7638811 10649 145552 486122 3636654 322787 114871 1345 171051 801 9016 58847 1604 676 968 525 3935 16805 9106 4001 100571 179547 32103 23661 74272 2976
leaf_count=2327795 1987929 114021 31287 226649 7638811 10649 145552 486122 3636654 322787 114871 1345 171051 801 9016 58847 1604 676 968 525 3935 16805 9106 4001 100571 179547 32103 23661 74272 2976
internal_value=-2.26251e-13 -7.05161e-05 -1.11605e-05 -0.00139078 8.16662e-05 0.00285123 -0.000937306 0.000123873 -4.0157e-05 0.000416534 6.7914e-05 -0.000503525 0.000326047 -0.0012812 -0.00948018 -0.000991678 -0.00577289 -0.00470773 -0.0317365 -0.00040095 -0.00425235 -0.00364734 -0.00714301 -0.00442357 -0.000709276 -0.00113894 0.000104474 -0.000691417 -0.00186936 -0.00562024
internal_weight=1.77349e+07 1.13014e+07 1.08152e+07 486222 8.48743e+06 41936 372201 6.43349e+06 4.12278e+06 2.31072e+06 8.44549e+06 806681 298836 127785 12389 507845 10620 35868 1769 115396 35192 33847 17042 13107 471977 371406 191859 159756 100909 26637
internal_count=17734937 11301445 10815223 486222 8487428 41936 372201 6433492 4122776 2310716 8445492 806681 298836 127785 12389 507845 10620 35868 1769 115396 35192 33847 17042 13107 471977 371406 191859 159756 100909 26637
is_linear=0
shrinkage=0.1


Tree=84
num_leaves=31
num_cat=0
split_feature=1 7 2 0 6 2 7 7 0 3 3 9 3 6 5 10 3 3 5 7 10 10 10 4 4 4 3 5 6 10
split_gain=15.0195 33.8273 24.3151 39.4357 20.7138 31.9719 44.5162 41.9501 30.6912 26.3876 21.9793 31.8307 57.0111 59.5144 56.9099 64.1724 104.554 58.5166 52.2416 51.5224 49.082 42.7376 39.3886 49.0773 37.8338 53.728 66.87 93.1632 62.6474 48.1815
threshold=54.500000000000007 89225696.000000015 30.500000000000004 32.500000000000007 100679.25000000001 52.500000000000007 29628218.000000004 7227136.2500000009 10.500000000000002 112286.00000000001 109141.50000000001 80948.500000000015 87040.500000000015 79514.250000000015 82623.000000000015 80731.500000000015 96897.500000000015 94768.000000000015 83268.500000000015 7715348.0000000009 81432.000000000015 82030.500000000015 80731.500000000015 64036.500000000007 75391.000000000015 72549.000000000015 101362.00000000001 81363.500000000015 75720.750000000015 80160.500000000015
decision_type=2 2 2 2 2 2 2 2 2 2 2 2 2 2 2 2 2 2 2 2 2 2 2 2 2 2 2 2 2 2
left_child=1 -1 3 -2 10 7 -7 -6 -9 -10 11 14 13 -13 15 24 17 -17 -14 20 -16 -20 -21 -24 25 -4 27 28 -27 -29
right_child=2 -3 4 -5 5 6 -8 8 9 -11 -12 12 18 -15 19 16 -18 -19 21 22 -22 -23 23 -25 -26 26 -28 29 -30 -31
leaf_value=-0.0011951049640140368 0.001426643824114853 0.0010007830031065056 -1.6700403765728977e-05 -0.00021277853959162274 0.0055703750206418977 -0.010906699192063621 0.0076306924918222337 -0.003634833357937232 0.0015384361848753709 -0.015600713825857744 0.00061769329579355794 -0.013936732603903823 -0.015824655026111915 0.0027339287935897998 0.00085370592570581838 -0.0069751431622337703 0.0041943709512968974 -0.022293082713572176 -0.014608191247037137 0.0041765358592079508 -0.011910293141387474 -0.0013902988586072173 -0.0023875285271551683 0.0020693843457553623 0.0063379551975312094 0.012769802042773185 -0.032488856681703052 0.0082664708789051723 -0.0089354835971179672 -0.0064766358818386591
leaf_weight=273664 307887 94336 15625512 280311 3340 1714 5305 11500 1100 4899 549611 2240 2581 48696 6936 8719 6693 3493 2471 58445 5326 243392 31547 113943 9350 1431 810 7792 18795 3098
leaf_count=273664 307887 94336 15625512 280311 3340 1714 5305 11500 1100 4899 549611 2240 2581 48696 6936 8719 6693 3493 2471 58445 5326 243392 31547 113943 9350 1431 810 7792 18795 3098
internal_value=1.26699e-13 -0.000632194 1.3396e-05 0.000645362 -8.75832e-06 -0.0027333 0.00310397 -0.00469942 -0.00665959 -0.012458 -4.22719e-06 -2.53252e-05 -0.00104688 0.00200081 -6.0927e-06 -2.83024e-05 -0.005851 -0.0113565 -0.00167172 0.00160528 -0.00469034 -0.00152314 0.00198382 0.00110298 -2.12762e-05 -2.50737e-05 -0.00412319 -0.00338479 -0.00739982 0.00407233
internal_weight=1.77349e+07 368000 1.73669e+07 588198 1.67787e+07 27858 7019 20839 17499 5999 1.67509e+07 1.62013e+07 299380 50936 1.59019e+07 1.56857e+07 18905 12212 248444 216197 12262 245863 203935 145490 1.56668e+07 1.56574e+07 31926 31116 20226 10890
internal_count=17734937 368000 17366937 588198 16778739 27858 7019 20839 17499 5999 16750881 16201270 299380 50936 15901890 15685693 18905 12212 248444 216197 12262 245863 203935 145490 15666788 15657438 31926 31116 20226 10890
is_linear=0
shrinkage=0.1


Tree=85
num_leaves=31
num_cat=0
split_feature=2 8 3 9 8 2 3 9 4 5 6 3 5 6 4 0 3 5 1 7 3 2 3 9 5 10 4 0 4 3
split_gain=13.5632 13.6964 23.1684 32.7729 39.4084 50.2495 33.4718 55.4282 63.8578 52.957 59.74 51.089 84.6886 48.0977 46.48 52.0718 55.4297 46.2265 45.3263 43.9034 77.9064 45.999 65.0719 50.4894 137.889 49.5872 42.7518 42.5318 42.152 40.3542
threshold=13.500000000000002 22495.500000000004 36478.000000000007 36809.500000000007 22910.500000000004 49.500000000000007 54503.500000000007 52196.500000000007 40631.000000000007 60945.500000000007 54885.500000000007 48654.500000000007 47527.000000000007 45509.550781250007 32105.500000000004 18.500000000000004 40411.500000000007 42024.500000000007 750.50000000000011 1276134.6875000002 56793.500000000007 49.500000000000007 63216.500000000007 45639.500000000007 48977.000000000007 49970.000000000007 39303.500000000007 11.500000000000002 46842.500000000007 43154.000000000007
decision_type=2 2 2 2 2 2 2 2 2 2 2 2 2 2 2 2 2 2 2 2 2 2 2 2 2 2 2 2 2 2
left_child=-1 -2 -3 -4 5 -5 11 18 9 10 -9 12 13 14 15 16 -6 29 19 20 -8 22 23 -21 -25 26 27 -26 -22 -18
right_child=1 2 3 4 6 -7 7 8 -10 -11 -12 -13 -14 -15 -16 -17 17 -19 -20 21 28 -23 -24 24 25 -27 -28 -29 -30 -31
leaf_value=-0.0018981428153575623 0.0003188301587287492 -0.00044447090135117353 0.00044671874935752913 -0.029539904643545997 0.00057148319255968577 -0.0042704374718503697 -0.027157363223082698 -0.0018950860772808335 4.5562409159733408e-06 -0.00039509046383631524 -0.012345952946438062 -0.00077361035336205586 0.0012945204685124194 -0.016401082186664313 1.6434109084725457e-05 -0.00089756636150974058 -0.01992785551863234 -0.0038656216792724348 0.00017752679593712636 0.0025951189455279905 0.0044383205563675926 0.00032533404373204802 0.0035214081723160201 -0.012842563685484571 -0.0071967066463547742 -0.00081055285842154432 0.0052570792575978038 0.0028584404981047713 -0.01722530518828284 -0.0077524377639887803
leaf_weight=37565 1281963 1195366 1561569 910 13785 5819 1500 248034 7044051 584191 5593 1382597 408510 1880 720400 204835 4091 18083 2208742 106436 3562 378362 149152 8207 6645 100525 31763 11464 1201 8136
leaf_count=37565 1281963 1195366 1561569 910 13785 5819 1500 248034 7044051 584191 5593 1382597 408510 1880 720400 204835 4091 18083 2208742 106436 3562 378362 149152 8207 6645 100525 31763 11464 1201 8136
internal_value=5.81311e-13 4.02906e-06 -2.05554e-05 1.27385e-05 -3.68783e-05 -0.00768777 -3.31072e-05 4.5757e-05 -9.36086e-05 -0.000918941 -0.00212555 -0.000344 8.65058e-05 -0.000421609 -0.000390617 -0.00156862 -0.00468586 -0.0070769 0.00041099 0.00105652 -0.00728315 0.00112242 0.00185056 0.000910285 -0.000220373 0.000468406 0.00304635 -0.000831242 -0.00102421 -0.0118262
internal_weight=1.77349e+07 1.76974e+07 1.64154e+07 1.522e+07 1.36585e+07 6729 1.36517e+07 1.08894e+07 7.88187e+06 837818 253627 2.76232e+06 1.37972e+06 971210 969330 248930 44095 30310 3.00756e+06 798817 6263 792554 414192 265040 158604 150397 49872 18109 4763 12227
internal_count=17734937 17697372 16415409 15220043 13658474 6729 13651745 10889428 7881869 837818 253627 2762317 1379720 971210 969330 248930 44095 30310 3007559 798817 6263 792554 414192 265040 158604 150397 49872 18109 4763 12227
is_linear=0
shrinkage=0.1


Tree=86
num_leaves=31
num_cat=0
split_feature=0 1 0 0 1 4 7 10 4 3 7 3 3 2 3 3 3 3 10 5 0 9 3 8 7 2 8 8 3 3
split_gain=13.4696 98.4255 39.4861 38.6698 94.8584 48.8238 40.9085 37.8218 99.4146 62.9776 75.7192 65.0349 65.0904 67.2168 66.5479 132.144 58.7841 76.6806 54.2945 51.4295 48.3431 46.6001 41.2564 141.813 89.3715 59.2847 55.5528 40.1454 38.6771 56.5753
threshold=79.500000000000014 1398.5000000000002 69.500000000000014 65.500000000000014 1218.5000000000002 47745.500000000007 3100419.6250000005 57514.000000000007 53083.000000000007 59484.500000000007 2090565.6875000002 65666.000000000015 72541.500000000015 56.500000000000007 74023.000000000015 74500.500000000015 67199.000000000015 69223.000000000015 71507.500000000015 60615.500000000007 47.500000000000007 62656.000000000007 68522.000000000015 51364.500000000007 919361.31250000012 65.500000000000014 51236.500000000007 60514.000000000007 57649.000000000007 60244.500000000007
decision_type=2 2 2 2 2 2 2 2 2 2 2 2 2 2 2 2 2 2 2 2 2 2 2 2 2 2 2 2 2 2
left_child=1 3 -3 4 6 -5 7 8 22 10 -9 19 13 16 -14 20 -13 -18 21 -11 -16 -19 23 -1 -25 -24 -27 -21 -10 -30
right_child=-2 2 -4 5 -6 -7 -8 9 28 11 -12 12 14 -15 15 -17 17 18 -20 27 -22 -23 25 24 -26 26 -28 -29 29 -31
leaf_value=-0.00047507778887876761 0.00010767581629785023 -0.0030954885060888327 -0.0009384140171016744 0.0001717053154921187 -0.0017008980636921687 0.0017075525475111241 7.9167709284586301e-05 0.0045446790721331972 0.015780039012384239 -0.0064350338846969673 -0.027255229014087907 -0.028128016307563619 0.010200174305255459 0.0025585253964505034 -0.032084555967968394 -0.0015516540862684962 0.0021718449030331374 -0.0065967417692076591 0.0057429327212004007 0.013084752752183432 0.010917606355240014 -0.023341039434330753 0.0053810479707605734 0.01206283826661432 -0.011101537775754351 -0.0088010082316550328 0.0072578066198953559 0.0020716126796322455 -0.030303521841830973 0.0059801339944547272
leaf_weight=810992 7019430 101230 524844 793576 340086 280019 7694548 1155 4203 4100 2129 1880 4413 4337 1946 52800 4046 2515 1144 5373 302 4901 25328 1833 18232 6814 3150 8620 448 10543
leaf_count=810992 7019430 101230 524844 793576 340086 280019 7694548 1155 4203 4100 2129 1880 4413 4337 1946 52800 4046 2515 1144 5373 302 4901 25328 1833 18232 6814 3150 8620 448 10543
internal_value=1.77488e-13 -7.05354e-05 -0.00128719 4.96107e-06 -6.25958e-05 0.000572291 1.62495e-06 -0.000606461 -0.000397708 -0.00245297 -0.016071 -0.00198894 -0.00323777 -0.00836277 -0.0016154 -0.00256261 -0.0116325 -0.00917246 -0.0145345 0.00341447 -0.0263076 -0.0176625 -0.000538343 -0.000680551 -0.0089854 0.00281036 -0.00372421 0.00630041 0.00762117 0.00450119
internal_weight=1.77349e+07 1.07155e+07 626074 1.00894e+07 9.01584e+06 1.0736e+06 8.67575e+06 981204 881543 99661 3284 96377 78284 18823 59461 55048 14486 12606 8560 18093 2248 7416 866349 831057 20065 35292 9964 13993 15194 10991
internal_count=17734937 10715507 626074 10089433 9015838 1073595 8675752 981204 881543 99661 3284 96377 78284 18823 59461 55048 14486 12606 8560 18093 2248 7416 866349 831057 20065 35292 9964 13993 15194 10991
is_linear=0
shrinkage=0.1


Tree=87
num_leaves=31
num_cat=0
split_feature=2 0 5 5 4 8 7 7 7 4 5 3 8 5 3 2 4 9 7 7 6 3 5 3 3 6 8 3 9 5
split_gain=12.4276 24.6017 17.6513 31.307 24.5261 20.4124 17.1704 84.6526 33.6813 27.6475 28.6291 14.4502 35.8581 73.7872 113.085 109.771 67.2048 62.3009 57.6509 85.8407 68.7757 47.4487 58.4166 43.7709 66.6651 64.9234 46.4311 43.5204 50.6146 45.6417
threshold=74.500000000000014 20.500000000000004 83268.500000000015 79709.000000000015 79871.500000000015 80653.500000000015 83968556.000000015 73001580.000000015 62648076.000000007 38439.000000000007 57669.500000000007 81190.500000000015 54635.000000000007 61484.500000000007 80460.000000000015 69.500000000000014 58273.000000000007 59038.500000000007 3027312.5000000005 3424422.3750000005 59283.900390625007 77924.000000000015 56979.500000000007 58467.500000000007 59008.500000000007 56491.849609375007 55014.500000000007 70990.000000000015 61167.500000000007 61875.500000000007
decision_type=2 2 2 2 2 2 2 2 2 2 2 2 2 2 2 2 2 2 2 2 2 2 2 2 2 2 2 2 2 2
left_child=11 -2 3 6 5 -4 7 8 -3 10 -10 12 27 14 16 -16 18 -15 -14 -20 21 22 -21 25 -25 26 -24 29 -29 -1
right_child=1 2 4 -5 -6 -7 -8 -9 9 -11 -12 -13 13 17 15 -17 -18 -19 19 20 -22 -23 23 24 -26 -27 -28 28 -30 -31
leaf_value=-5.3440164421596675e-05 -0.0068661725299816083 -0.00046694208537053001 -0.0052121398539507705 0.0062313628165771512 0.0020554114767127934 -0.019516182710500093 0.003074996306943805 -0.048627607924182248 -0.0054881369058510472 0.0033231358579871671 -0.02268331091423794 0.00018187203698991352 0.0010928001940480234 0.0015984604677057237 -0.0061261422217998799 -0.029917932898431268 -0.033305630510507743 -0.00028992765308979106 -0.013461200434437824 -0.017038199855947116 -0.034589298127426046 0.0023823489872632549 -3.8472444984939779e-05 -0.01692891602867801 -0.0021051751429226324 0.0028936081814999234 -0.011269753162019827 0.0007293866859459661 -0.0043564745126009911 0.0015784767388731542
leaf_weight=9721046 6336 192272 8089 7035 4460 1138 12301 369 2280 1456 1683 3814329 86490 191122 8610 2503 654 2034202 6185 2517 630 28647 8695 3069 264306 40511 6383 1083233 19928 174458
leaf_count=9721046 6336 192272 8089 7035 4460 1138 12301 369 2280 1456 1683 3814329 86490 191122 8610 2503 654 2034202 6185 2517 630 28647 8695 3069 264306 40511 6383 1083233 19928 174458
internal_value=5.76404e-16 -0.000718637 -0.00055008 -0.000330782 -0.00403326 -0.00697631 -0.000550237 -0.000775391 -0.000686073 -0.00846106 -0.0127906 9.75099e-06 -3.82295e-05 -0.000365899 -0.00152002 -0.0114848 -0.00127289 -0.000127743 -0.00122607 -0.00178172 -0.00157809 -0.00151936 -0.00186277 -0.0017445 -0.00227533 0.000808678 -0.00479303 4.17472e-05 0.000637513 -2.46694e-05
internal_weight=1.77349e+07 237419 231083 217396 13687 9227 210361 198060 197691 5419 3963 1.74975e+07 1.36832e+07 2.68452e+06 459200 11113 448087 2.22532e+06 447433 360943 354758 354128 325481 322964 267375 55589 15078 1.09987e+07 1.10316e+06 9.8955e+06
internal_count=17734937 237419 231083 217396 13687 9227 210361 198060 197691 5419 3963 17497518 13683189 2684524 459200 11113 448087 2225324 447433 360943 354758 354128 325481 322964 267375 55589 15078 10998665 1103161 9895504
is_linear=0
shrinkage=0.1


Tree=88
num_leaves=31
num_cat=0
split_feature=1 7 3 0 3 7 9 2 3 1 3 0 2 1 6 3 9 5 10 3 9 10 3 2 8 6 10 8 8 5
split_gain=12.4702 33.6918 32.6004 41.6845 24.4159 21.1819 20.997 35.9168 29.4438 31.2239 28.7311 30.2796 20.9061 41.7655 19.3639 19.5003 28.0368 74.884 77.9812 117.436 66.1845 48.3888 46.6388 107.498 65.8168 86.6904 48.1512 42.089 40.639 37.0934
threshold=63.500000000000007 13982206.500000002 44048.000000000007 1.0000000180025095e-35 25287.500000000004 73001580.000000015 101476.00000000001 61.500000000000007 128820.50000000001 641.50000000000011 123088.00000000001 27.500000000000004 30.500000000000004 231.50000000000003 100679.25000000001 109141.50000000001 79665.000000000015 80726.000000000015 77758.000000000015 104177.00000000001 76763.000000000015 77262.500000000015 93717.000000000015 53.500000000000007 75850.500000000015 75720.750000000015 79060.500000000015 75298.000000000015 70817.000000000015 83268.500000000015
decision_type=2 2 2 2 2 2 2 2 2 2 2 2 2 2 2 2 2 2 2 2 2 2 2 2 2 2 2 2 2 2
left_child=1 -1 3 -3 -5 -4 12 8 10 -10 -8 -12 13 -2 15 16 17 18 -14 22 -21 -19 23 24 25 28 -24 -28 -20 -18
right_child=6 2 5 4 -6 -7 7 -9 9 -11 11 -13 14 -15 -16 -17 29 21 19 20 -22 -23 26 -25 -26 -27 27 -29 -30 -31
leaf_value=-0.0024562658751831907 0.00183314286695314 -0.0014237319754573127 -0.0012354658898533625 0.0086595560139319551 0.0025721625896771867 0.00051241225624153977 -0.004008914708176786 0.0095383157372517322 -0.0032204978899262522 -0.014584940213121393 -0.0040265718042135808 0.0098508895553105907 -9.9050680390595541e-06 -1.1610878499628399e-05 -0.010614666581159407 0.0005873320632749483 -0.0040207954784604785 0.0066524293937590866 -0.0071022280415431877 -0.008778807842335869 -0.029292362062680023 0.0013071498556274817 0.0029669860505555233 -0.012406507193483716 0.0056286901067949813 -0.012028898193791653 0.0045183849808623465 -0.0087015087219607084 0.0025402152080247595 -0.00055572652119486145
leaf_weight=74992 188148 24947 185883 8090 35509 110579 12586 2271 5839 4126 2660 3845 15418183 352959 1719 545663 33765 18205 6156 5395 2220 242907 28192 11357 10031 8867 3445 8003 15073 363322
leaf_count=74992 188148 24947 185883 8090 35509 110579 12586 2271 5839 4126 2660 3845 15418183 352959 1719 545663 33765 18205 6156 5395 2220 242907 28192 11357 10031 8867 3445 8003 15073 363322
internal_value=2.88525e-13 -0.000525722 -0.000129085 0.00183633 0.00370171 -0.000583515 1.33749e-05 -0.0025732 -0.00351983 -0.00792594 -0.00121996 0.00417617 1.80685e-05 0.000629827 -1.72677e-06 -6.35692e-07 -2.04706e-05 4.15463e-07 -2.7845e-05 -0.00282918 -0.0147591 0.00167983 -0.00183222 -0.00381735 -0.00138639 -0.00372451 0.000746038 -0.0047233 -0.000255907 -0.000850367
internal_weight=1.77349e+07 440000 365008 68546 43599 296462 1.72949e+07 31327 29056 9965 19091 6505 1.72636e+07 541107 1.67225e+07 1.67208e+07 1.61751e+07 1.5778e+07 1.55169e+07 98739 7615 261112 91124 51484 40127 30096 39640 11448 21229 397087
internal_count=17734937 440000 365008 68546 43599 296462 17294937 31327 29056 9965 19091 6505 17263610 541107 16722503 16720784 16175121 15778034 15516922 98739 7615 261112 91124 51484 40127 30096 39640 11448 21229 397087
is_linear=0
shrinkage=0.1


Tree=89
num_leaves=31
num_cat=0
split_feature=0 1 3 7 1 7 7 3 0 7 5 9 1 0 1 0 1 3 0 1 4 0 3 1 0 4 9 3 3 1
split_gain=11.6718 48.8631 35.8071 42.1588 31.2783 43.3971 27.8704 27.7805 27.6647 26.1702 25.4783 31.7727 24.7459 23.3581 37.2869 29.7799 42.4407 46.2073 43.7083 32.8003 26.3156 26.214 25.322 22.8552 44.9897 34.801 25.3181 22.6208 26.8221 22.1543
threshold=5.5000000000000009 147.50000000000003 17529.000000000004 3820733.0000000005 27.500000000000004 1939083.5000000002 2955846.7500000005 45303.000000000007 6.5000000000000009 34853286.000000007 41002.000000000007 36374.000000000007 17.500000000000004 7.5000000000000009 185.50000000000003 11.500000000000002 285.50000000000006 36478.000000000007 14.500000000000002 240.50000000000003 59044.500000000007 9.5000000000000018 43154.000000000007 358.50000000000006 18.500000000000004 43753.500000000007 68387.500000000015 71539.000000000015 60762.500000000007 441.50000000000006
decision_type=2 2 2 2 2 2 2 2 2 2 2 2 2 2 2 2 2 2 2 2 2 2 2 2 2 2 2 2 2 2
left_child=2 6 4 -4 -1 -6 -2 10 -8 -9 11 -5 -12 -3 22 19 17 -17 -18 21 -19 -16 -15 25 26 -20 -25 28 -22 -26
right_child=1 13 3 7 5 -7 8 9 -10 -11 12 -13 -14 14 15 16 18 20 23 -21 27 -23 -24 24 29 -27 -28 -29 -30 -31
leaf_value=-0.0033097012676206075 -0.0017204118863171438 -0.0011015019345564743 -0.0038276020289188246 4.2190875095948017e-05 -0.00064694615206340106 0.0088613673839822819 0.0010974639580755281 -0.0011502202186129725 0.0039666930283777276 6.5426152552463629e-05 -0.001864568724543525 -0.0073684215725060027 0.0024862512149631138 -0.00011287433670512468 -0.0010193351836696935 -0.00073133883663381778 -0.0014070822501098033 0.0014952389509683523 0.00013116827550419634 -0.0020210569675121305 -0.030078833513743394 0.0008022606875319416 0.0027691947787051594 -0.00084440310619269925 0.00075069135839333091 0.0022302285875035609 -0.0034312621182799249 0.0036710551209036737 0.014174419078966336 5.0103390486108712e-06
leaf_weight=5548 20082 189370 35326 83552 7850 12355 82618 386990 56644 326497 15373 6216 87359 48501 179414 91004 217103 193329 245223 147050 143 141154 82070 212173 409885 116512 46045 29091 3244 14257216
leaf_count=5548 20082 189370 35326 83552 7850 12355 82618 386990 56644 326497 15373 6216 87359 48501 179414 91004 217103 193329 245223 147050 143 141154 82070 212173 409885 116512 46045 29091 3244 14257216
internal_value=7.26704e-14 1.94825e-05 -0.000337805 -0.000438452 0.00334103 0.00516722 0.00176229 -0.000306303 0.00226451 -0.000593931 0.000759768 -0.000470958 0.00183519 2.76177e-06 1.54978e-05 2.00552e-06 2.52516e-05 0.00117102 1.83891e-06 -0.00078448 0.00193771 -0.000217242 0.00169864 2.18481e-05 2.81258e-06 0.000807259 -0.00130569 0.00457156 0.012306 2.5849e-05
internal_weight=1.77349e+07 1.67679e+07 967066 941313 25753 20205 159344 905987 139262 713487 192500 89768 102732 1.66085e+07 1.64192e+07 1.62886e+07 1.5821e+07 316811 1.55042e+07 467618 225807 320568 130571 1.52871e+07 1.49253e+07 361735 258218 32478 3387 1.46671e+07
internal_count=17734937 16767871 967066 941313 25753 20205 159344 905987 139262 713487 192500 89768 102732 16608527 16419157 16288586 15820968 316811 15504157 467618 225807 320568 130571 15287054 14925319 361735 258218 32478 3387 14667101
is_linear=0
shrinkage=0.1


Tree=90
num_leaves=31
num_cat=0
split_feature=0 1 4 2 7 9 5 3 2 1 3 9 7 4 3 4 3 8 4 5 8 2 4 7 2 6 4 9 2 4
split_gain=11.4253 34.3418 17.6849 14.9153 28.2251 26.3719 38.0604 22.4842 16.8927 14.7992 14.6879 61.697 52.6209 48.7704 79.4789 48.7099 62.8881 57.3426 102.69 81.8294 88.6885 54.0064 48.3047 78.8568 62.6704 46.7831 45.1738 67.605 43.331 40.9624
threshold=126.50000000000001 2317.5000000000005 74641.500000000015 79.500000000000014 2396416.0000000005 65884.000000000015 72864.500000000015 84465.500000000015 84.500000000000014 2675.5000000000005 91698.000000000015 80948.500000000015 11305400.000000002 83633.000000000015 117767.50000000001 63105.000000000007 92357.000000000015 70817.000000000015 58273.000000000007 80726.000000000015 73543.000000000015 65.500000000000014 69351.500000000015 89225696.000000015 70.500000000000014 90528.351562500015 61462.500000000007 72638.500000000015 60.500000000000007 69997.500000000015
decision_type=2 2 2 2 2 2 2 2 2 2 2 2 2 2 2 2 2 2 2 2 2 2 2 2 2 2 2 2 2 2
left_child=1 3 9 10 7 -6 -7 -5 -9 -2 -1 15 13 14 -13 17 -17 -12 -19 20 26 28 23 -14 29 -16 27 -20 -21 -24
right_child=2 -3 -4 4 5 6 -8 8 -10 -11 11 12 22 -15 25 16 -18 18 19 21 -22 -23 24 -25 -26 -27 -28 -29 -30 -31
leaf_value=-3.4567202961649809e-05 0.00030051615219280146 -0.0010897839810061363 0.0026020840011867332 -0.018006471298770314 0.00023421641377278422 -0.015982073128357015 -0.0023693652775771653 0.0038362970676725674 -0.010472779280020664 -0.00069313665360036525 0.00044075129650264451 -0.0070113287891135122 -0.0052587021001200872 -6.1942759575740194e-05 0.0076830868871353188 0.0064631890036566404 0.0011624872979192644 0.0012781698493699398 0.0071007682389627475 -0.0015507802839660122 -0.020256487416195956 0.0065051112551746341 0.0072530019194917989 0.00085733571567149058 -0.013753014054045769 -0.026638946924751203 -0.0028721798743332485 -0.019200823561681658 -0.014301568160339237 0.00028399011958033345
leaf_weight=13846772 1510493 297943 31271 1707 49416 2426 13392 1529 1792 166401 801115 37878 44670 29743 5679 23566 445545 43933 1248 12686 5781 6618 8696 39922 3121 427 13160 4505 3374 280128
leaf_count=13846772 1510493 297943 31271 1707 49416 2426 13392 1529 1792 166401 801115 37878 44670 29743 5679 23566 445545 43933 1248 12686 5781 6618 8696 39922 3121 427 13160 4505 3374 280128
internal_value=-2.69282e-13 -2.62036e-05 0.000245854 -6.05672e-06 -0.00145979 -0.000903348 -0.00445714 -0.00867911 -0.00388483 0.000201914 4.66352e-07 0.000268213 -0.000746534 -0.00318961 -0.0053046 0.000603794 0.00142877 0.000170135 -0.00220427 -0.00543389 -0.00941681 -0.00109692 -0.000268173 -0.00237232 0.000341511 0.00528291 -0.00610352 -0.0134952 -0.00422956 0.000493815
internal_weight=1.77349e+07 1.60268e+07 1.70816e+06 1.57288e+07 70262 65234 15818 5028 3321 1.67689e+06 1.56586e+07 1.8118e+06 450264 73727 43984 1.36153e+06 469111 892420 91305 47372 24694 22678 376537 84592 291945 6106 18913 5753 16060 288824
internal_count=17734937 16026772 1708165 15728829 70262 65234 15818 5028 3321 1676894 15658567 1811795 450264 73727 43984 1361531 469111 892420 91305 47372 24694 22678 376537 84592 291945 6106 18913 5753 16060 288824
is_linear=0
shrinkage=0.1


Tree=91
num_leaves=31
num_cat=0
split_feature=1 7 9 2 3 1 3 0 10 2 0 4 8 7 5 8 9 5 0 9 6 6 8 3 3 4 7 3 8 5
split_gain=10.7841 19.4431 14.8694 26.0148 25.7934 28.6889 17.3472 24.4189 15.5285 14.8928 48.1556 35.6446 83.792 57.4755 55.4838 109.542 76.3031 156.918 67.9259 54.6896 83.5928 48.0147 175.103 51.4326 45.8427 45.3342 81.5045 44.7645 39.4288 78.7753
threshold=36.500000000000007 18227346.000000004 101476.00000000001 61.500000000000007 128820.50000000001 660.50000000000011 123088.00000000001 27.500000000000004 106251.00000000001 50.500000000000007 15.500000000000002 52879.500000000007 58822.500000000007 10485359.500000002 61875.500000000007 58433.000000000007 57621.500000000007 58981.500000000007 57.500000000000007 56677.000000000007 57047.500000000007 57227.048828125007 51651.500000000007 62481.000000000007 60511.000000000007 50765.000000000007 9375867.0000000019 59240.500000000007 61710.500000000007 67682.500000000015
decision_type=2 2 2 2 2 2 2 2 2 2 2 2 2 2 2 2 2 2 2 2 2 2 2 2 2 2 2 2 2 2
left_child=1 -1 9 4 6 8 -4 -8 -6 11 -11 12 14 -14 15 16 -2 -18 -16 -13 -21 -19 -23 24 25 26 27 -24 -22 -30
right_child=2 -3 3 -5 5 -7 7 -9 -10 10 -12 19 13 -15 18 -17 17 21 -20 20 28 22 23 -25 -26 -27 -28 -29 29 -31
leaf_value=-0.0031485870839434854 4.1159311419302587e-05 -0.00033649045961342387 -0.0023459219199661197 0.0085063812325785262 0.014316133873428278 -0.013228295453408454 -0.0028487110172444943 0.00882013731966373 -0.0040025072241326662 -0.0013047937856308965 -4.1780473670211618e-05 0.0047944004971886165 -0.020287509766975628 -0.0014309069638202266 0.0020137877945327299 -0.026974856291012036 -0.034528207310123044 -0.00032419985229736696 -0.00016711535183584327 -0.011519215753503695 0.0011729835934965434 -0.035998626472234306 -0.019026551821428331 -0.00084428065184756615 -0.015351985914895297 0.00071132291496038243 -0.0034925377120093152 -0.054490797048371835 -0.0028480489117368099 0.00035113342037831679
leaf_weight=28116 7264420 195884 19973 2271 496 4069 3361 3845 6902 315796 6849472 28837 1624 346639 310899 1506 1501 73821 264147 5859 536633 1679 1778 34552 5112 8214 5597 445 81697 1329792
leaf_count=28116 7264420 195884 19973 2271 496 4069 3361 3845 6902 315796 6849472 28837 1624 346639 310899 1506 1501 73821 264147 5859 536633 1679 1778 34552 5112 8214 5597 445 81697 1329792
internal_value=8.14946e-14 -0.000689459 8.81956e-06 -0.00189527 -0.00250651 -0.00648386 -0.000828441 0.00337759 -0.00277433 1.32792e-05 -9.74455e-05 9.027e-05 -5.13566e-07 -0.00151884 6.58017e-05 -7.73933e-06 -2.24902e-06 -0.00237858 0.00101199 0.000471291 0.00040749 -0.00201076 -0.00418069 -0.00322154 -0.00710593 -0.0044769 -0.00992652 -0.0261258 0.00044336 0.000165965
internal_weight=1.77349e+07 224000 1.75109e+07 40917 38646 11467 27179 7206 7398 1.747e+07 7.16527e+06 1.03048e+07 8.32193e+06 348263 7.97367e+06 7.39862e+06 7.39712e+06 132699 575046 1.98282e+06 1.95398e+06 131198 57377 55698 21146 16034 7820 2223 1.94812e+06 1.41149e+06
internal_count=17734937 224000 17510937 40917 38646 11467 27179 7206 7398 17470020 7165268 10304752 8321934 348263 7973671 7398625 7397119 132699 575046 1982818 1953981 131198 57377 55698 21146 16034 7820 2223 1948122 1411489
is_linear=0
shrinkage=0.1


Tree=92
num_leaves=31
num_cat=0
split_feature=9 4 7 4 6 7 5 10 0 2 3 0 9 5 3 0 5 9 9 7 2 3 8 6 2 10 4 3 3 2
split_gain=10.8225 64.8387 64.5171 49.0315 68.4381 103.773 46.945 65.8866 62.7811 62.8828 45.9448 49.8913 42.5235 71.343 47.9802 45.9263 45.8323 107.289 65.8944 43.15 41.4016 40.7757 101.346 41.2786 45.2505 40.5791 67.1902 64.2791 69.0746 49.9592
threshold=51776.500000000007 47745.500000000007 1170567.8125000002 40631.000000000007 50657.798828125007 9088466.0000000019 60615.500000000007 59431.500000000007 37.500000000000007 76.500000000000014 60244.500000000007 19.500000000000004 42650.500000000007 54068.000000000007 50727.000000000007 14.500000000000002 49355.500000000007 46702.500000000007 46374.500000000007 5748598.5000000009 54.500000000000007 50215.000000000007 37623.000000000007 41245.849609375007 50.500000000000007 51274.000000000007 11781.500000000002 59737.500000000007 59976.500000000007 57.500000000000007
decision_type=2 2 2 2 2 2 2 2 2 2 2 2 2 2 2 2 2 2 2 2 2 2 2 2 2 2 2 2 2 2
left_child=1 10 -3 6 5 -5 7 8 9 -2 12 -12 14 15 21 16 18 -18 -14 20 -15 -1 -23 24 -24 -17 -27 29 -29 -28
right_child=3 2 -4 4 -6 -7 -8 -9 -10 -11 11 -13 13 19 -16 25 17 -19 -20 -21 -22 22 23 -25 -26 26 27 28 -30 -31
leaf_value=-1.8368843052244135e-05 -0.0036912893473940757 -0.010306664368672301 0.0030694556828772673 -0.028697862878803028 1.7306205807155796e-05 -0.0034682767432374821 -0.00025531798435426365 -0.018820091370137949 -0.00074877909522103503 -0.046282422568263683 0.0019502648935980267 0.0003043697659522043 -0.0029078914388597291 -0.01104210500829814 0.00074887839641467758 -0.00034403600638211525 0.0033199946334733681 -0.0029081626826207973 -0.012211163867319217 0.0016293970258479196 0.0062317821639394314 -9.8307764379655619e-05 -0.020521004044147795 -0.0038177470120041991 -0.0070841652910647564 -0.028107037077830826 -0.0014315973668954044 -0.027982381793634499 0.0031127215716119597 -0.020208305559381429
leaf_weight=4363931 89466 3743 98450 1939 7467985 10240 647284 2239 235429 348 206187 1724810 79920 5115 885662 1415467 41681 82217 8415 187951 1904 52032 4438 9690 5758 1007 97132 1922 1137 1438
leaf_count=4363931 89466 3743 98450 1939 7467985 10240 647284 2239 235429 348 206187 1724810 79920 5115 885662 1415467 41681 82217 8415 187951 1904 52032 4438 9690 5758 1007 97132 1922 1137 1438
internal_value=-3.16319e-13 7.4564e-05 0.00257953 -8.18404e-05 5.09109e-06 -0.00748504 -0.000748936 -0.00172459 -0.00160691 -0.00385632 4.66718e-05 0.000480114 -6.8824e-05 -0.000471549 7.68806e-05 -0.000675884 -0.00205376 -0.000812924 -0.00379414 0.00134191 -0.00635633 -5.72906e-05 -0.00241903 -0.00849124 -0.0129328 -0.000483256 -0.00240325 -0.00214856 -0.0164246 -0.00170552
internal_weight=1.77349e+07 9.28001e+06 102193 8.45493e+06 7.48016e+06 12179 974766 327482 325243 89814 9.17781e+06 1.931e+06 7.24682e+06 1.92531e+06 5.32151e+06 1.73034e+06 212233 123898 88335 194970 7019 4.43585e+06 71918 19886 10196 1.5181e+06 102636 101629 3059 98570
internal_count=17734937 9280007 102193 8454930 7480164 12179 974766 327482 325243 89814 9177814 1930997 7246817 1925306 5321511 1730336 212233 123898 88335 194970 7019 4435849 71918 19886 10196 1518103 102636 101629 3059 98570
is_linear=0
shrinkage=0.1


Tree=93
num_leaves=31
num_cat=0
split_feature=8 5 10 3 8 10 4 5 3 3 4 9 3 2 6 7 3 4 3 3 4 4 8 4 8 3 3 5 4 10
split_gain=10.5662 42.4018 82.9715 117.148 46.1331 44.3697 43.4791 42.3378 63.4672 144.685 82.2502 58.0218 51.5016 99.594 48.3373 120.725 72.9257 132.64 80.8151 70.1082 72.547 53.4189 50.4554 50.2821 46.9844 106.057 57.4672 46.4892 46.2448 44.7771
threshold=66731.500000000015 70848.000000000015 69173.000000000015 80460.000000000015 43215.000000000007 69437.500000000015 58273.000000000007 77319.500000000015 74317.000000000015 81752.500000000015 53630.500000000007 74706.500000000015 70990.000000000015 48.500000000000007 72711.902343750015 16631210.500000002 88930.000000000015 66243.000000000015 85671.500000000015 95776.000000000015 67162.500000000015 65356.500000000007 75298.000000000015 69351.500000000015 68111.500000000015 81446.500000000015 76596.000000000015 80187.500000000015 57561.000000000007 77262.500000000015
decision_type=2 2 2 2 2 2 2 2 2 2 2 2 2 2 2 2 2 2 2 2 2 2 2 2 2 2 2 2 2 2
left_child=1 2 -1 -4 5 -3 -5 8 12 10 -10 -9 13 -2 23 16 17 18 -16 21 -21 -18 -23 -11 25 26 -12 29 -14 -13
right_child=7 4 3 6 -6 -7 -8 11 9 14 24 27 28 -15 15 -17 19 -19 -20 20 -22 22 -24 -25 -26 -27 -28 -29 -30 -31
leaf_value=5.2439001444383357e-06 -0.00012439420672606736 0.00026439794726031634 -0.011231093496073685 -0.0053202003212976271 0.00086788370711010253 -0.0079893917724210423 0.0015868730952627566 0.0016183316379210983 -0.014038511467294275 0.00012830445277031317 -0.01094473861719409 -0.00013935018581267834 -0.0050419574647464068 -0.03421556933215638 -0.0060304297465461724 -0.018670795127552316 -0.010074503092866212 -0.0022989513337211727 -0.036909275262796651 0.0011900001951630444 -0.0091410905271617493 0.0057823089448653994 -0.042892625110093938 -0.016990751450858661 -0.0021336700042590487 -0.029806725344083365 -0.0028193273952900272 8.3043458437405778e-05 0.0047526851802954101 -0.0032753626767192661
leaf_weight=14553219 57077 14748 15578 14486 791237 11664 24574 215524 7617 407631 11989 95618 5389 870 1392 4477 2503 9822 2167 14900 12499 22438 215 1723 97379 1801 31769 1172024 45689 86918
leaf_count=14553219 57077 14748 15578 14486 791237 11664 24574 215524 7617 407631 11989 95618 5389 870 1392 4477 2503 9822 2167 14900 12499 22438 215 1723 97379 1801 31769 1172024 45689 86918
internal_value=4.8453e-13 2.9866e-05 -9.359e-06 -0.00389895 0.000730647 -0.00338062 -0.000974721 -0.000199485 -0.000823434 -0.00120876 -0.00391333 9.43299e-05 0.00140433 -0.00063623 -0.000360047 -0.00278023 -0.00170128 -0.00829213 -0.0248319 -2.3184e-05 -0.00352288 0.00378856 0.00532033 5.62491e-05 -0.00337377 -0.0060244 -0.00504556 -0.000148154 0.0037193 -0.00163262
internal_weight=1.77349e+07 1.54255e+07 1.46079e+07 54638 817649 26412 39060 2.30943e+06 739347 630322 150555 1.57008e+06 109025 57947 479767 70413 65936 13381 3559 52555 27399 25156 22653 409354 142938 45559 43758 1.35456e+06 51078 182536
internal_count=17734937 15425506 14607857 54638 817649 26412 39060 2309431 739347 630322 150555 1570084 109025 57947 479767 70413 65936 13381 3559 52555 27399 25156 22653 409354 142938 45559 43758 1354560 51078 182536
is_linear=0
shrinkage=0.1


Tree=94
num_leaves=31
num_cat=0
split_feature=2 9 4 7 1 4 5 2 7 5 8 0 4 10 0 4 0 8 5 8 2 7 3 5 3 8 2 0 8 5
split_gain=10.5825 11.4068 10.909 31.795 27.8441 48.3858 118.916 35.9584 22.7719 22.4263 21.6467 20.8263 19.87 41.14 26.6166 24.6043 18.2996 17.3414 46.6447 36.3002 44.2761 59.939 30.1502 24.2254 27.2069 89.9034 21.5243 28.7207 21.781 21.5084
threshold=14.500000000000002 74706.500000000015 12611.500000000002 134562360.00000003 54.500000000000007 31682.500000000004 76558.000000000015 41.500000000000007 176291784.00000003 66990.000000000015 77763.500000000015 45.500000000000007 39303.500000000007 88057.500000000015 24.500000000000004 36406.500000000007 10.500000000000002 61048.500000000007 65246.000000000007 56793.500000000007 58.500000000000007 248978768.00000003 84133.500000000015 70603.500000000015 86755.000000000015 68551.000000000015 52.500000000000007 25.500000000000004 55721.500000000007 62077.500000000007
decision_type=2 2 2 2 2 2 2 2 2 2 2 2 2 2 2 2 2 2 2 2 2 2 2 2 2 2 2 2 2 2
left_child=1 -1 11 -4 -5 17 7 9 -9 -7 12 -2 13 14 15 -8 -17 19 -19 26 21 29 -23 -20 25 -25 -6 28 -28 -21
right_child=2 -3 3 4 5 6 10 8 -10 -11 -12 -13 -14 -15 -16 16 -18 18 23 20 -22 22 -24 24 -26 -27 27 -29 -30 -31
leaf_value=-0.0031471237352067752 0.0008908767927647953 -8.3706430920469407e-05 9.4020074708599656e-06 0.002407912897331845 4.9991442882127472e-05 -0.02770231705889753 -0.0038541153874234076 -0.013879932287594593 -0.030497947887989221 -0.0036361041318965885 -0.0054449925376134634 -2.3296825993530279e-05 0.0023259205956296346 -0.028666815096721546 0.0008872909203971038 -0.0076494903553540996 -0.034294901993999843 -0.028911113343333125 0.0044508147943865626 0.0075104523479104226 0.0021817644798253571 0.002797193199605889 -0.01003768076862115 -0.0004627162069431144 0.0010913466028018655 -0.021299652725947468 -0.0046306132674511528 -0.0010160563574002374 -0.021279379631048489 -0.011201961202577201
leaf_weight=22153 394493 26932 16078032 26176 203731 418 2793 7665 924 5256 8920 676648 18372 579 11523 482 554 531 15242 643 8418 7608 2410 14309 58929 2421 16148 108061 826 13740
leaf_count=22153 394493 26932 16078032 26176 203731 418 2793 7665 924 5256 8920 676648 18372 579 11523 482 554 531 15242 643 8418 7608 2410 14309 58929 2421 16148 108061 826 13740
internal_value=2.35936e-13 -0.00146629 4.0695e-06 -1.5872e-05 -0.00077304 -0.000936143 -0.00366912 -0.0115867 -0.0156677 -0.00540905 -0.00105644 0.000313386 8.4745e-05 -0.00249983 -0.00151294 -0.00873622 -0.0218981 -0.000589339 0.000641045 -0.000900459 -0.00407171 -0.00622907 -0.000290454 0.000813674 8.09487e-05 -0.00347803 -0.00058389 -0.00161673 -0.00544079 -0.0103654
internal_weight=1.77349e+07 49085 1.76859e+07 1.66147e+07 536679 510503 57486 14263 8589 5674 43223 1.07114e+06 34303 15931 15352 3829 1036 453017 91432 361585 32819 24401 10018 90901 75659 16730 328766 125035 16974 14383
internal_count=17734937 49085 17685852 16614711 536679 510503 57486 14263 8589 5674 43223 1071141 34303 15931 15352 3829 1036 453017 91432 361585 32819 24401 10018 90901 75659 16730 328766 125035 16974 14383
is_linear=0
shrinkage=0.1


Tree=95
num_leaves=31
num_cat=0
split_feature=0 7 3 1 3 2 1 7 3 5 9 5 0 2 3 1 3 0 1 0 4 9 3 10 4 3 1 1 0 4
split_gain=10.0899 26.3663 35.661 30.0809 23.4308 16.8273 42.9515 25.3346 23.5578 32.7491 36.0978 31.4355 23.2013 25.6175 27.2822 25.4908 32.2635 24.5346 27.9285 30.7492 25.8644 22.4977 24.2872 27.2469 21.7983 33.4275 21.1392 20.3969 31.1173 26.906
threshold=3.5000000000000004 17929366.000000004 52765.000000000007 17.500000000000004 17529.000000000004 34.500000000000007 185.50000000000003 6424468.7500000009 71539.000000000015 76901.000000000015 71816.500000000015 90935.000000000015 8.5000000000000018 44.500000000000007 35028.500000000007 203.50000000000003 76110.000000000015 11.500000000000002 285.50000000000006 14.500000000000002 43753.500000000007 55112.000000000007 81190.500000000015 75441.500000000015 78007.500000000015 88507.500000000015 240.50000000000003 358.50000000000006 17.500000000000004 53083.000000000007
decision_type=2 2 2 2 2 2 2 2 2 2 2 2 2 2 2 2 2 2 2 2 2 2 2 2 2 2 2 2 2 2
left_child=1 -1 3 -3 -5 6 7 -2 9 -9 -11 -12 13 -7 -15 16 -14 26 20 -20 -19 -10 -23 -24 25 -8 -17 29 -29 -21
right_child=5 2 -4 4 -6 12 24 8 21 10 11 -13 15 14 -16 17 -18 18 19 27 -22 22 23 -25 -26 -27 -28 28 -30 -31
leaf_value=-0.0013875196637739141 -0.00013435900600674997 -0.0015855285452946216 -0.00051722605135464154 0.010858390319827599 0.0020002007482731207 -0.00017939270972127568 7.2939992670741912e-05 0.0024178417467584732 0.018804757590774074 0.021299259914158028 0.0015818415265208335 0.031751827142072489 0.00062642853198704399 -0.0076344316769512673 -0.0013630561756069715 -0.00012503958373482019 0.0047551006793260537 0.0003523180202366939 -0.001213558649650618 0.00035605084229806334 0.0025454672376671213 -0.0033203603490266007 0.01719105541699804 0.001021122288845536 -0.012546614778318234 0.010289446577087051 -0.0018109992723879913 -0.0014149796395757546 1.4018607297848959e-05 0.0027023488142318675
leaf_weight=187346 65288 25371 330454 3084 94022 391649 1090928 139129 613 1920 3514 383 88753 7219 177389 162238 24058 161890 206335 245858 80518 16216 1112 16573 1364 3212 137313 154078 13856109 61001
leaf_count=187346 65288 25371 330454 3084 94022 391649 1090928 139129 613 1920 3514 383 88753 7219 177389 162238 24058 161890 206335 245858 80518 16216 1112 16573 1364 3212 137313 154078 13856109 61001
internal_value=3.09845e-13 -0.000389741 2.2971e-05 0.00148047 0.00228153 1.45977e-05 0.000354759 0.00155245 0.00216611 0.00272519 0.0100763 0.00454697 -1.43404e-05 -0.000637152 -0.0016083 9.3054e-06 0.00150691 -1.90881e-06 1.62675e-05 -1.50031e-06 0.00108079 -0.000181843 -0.00052516 0.00203786 8.71822e-05 0.000102932 -0.000897877 1.59677e-05 -1.6969e-06 0.000822475
internal_weight=1.77349e+07 640277 452931 122477 97106 1.70947e+07 1.34025e+06 244748 179460 144946 5817 3897 1.57544e+07 576257 184608 1.51782e+07 112811 1.50653e+07 1.47658e+07 1.45234e+07 242408 34514 33901 17685 1.0955e+06 1.09414e+06 299551 1.4317e+07 1.40102e+07 306859
internal_count=17734937 640277 452931 122477 97106 17094660 1340252 244748 179460 144946 5817 3897 15754408 576257 184608 15178151 112811 15065340 14765789 14523381 242408 34514 33901 17685 1095504 1094140 299551 14317046 14010187 306859
is_linear=0
shrinkage=0.1


Tree=96
num_leaves=31
num_cat=0
split_feature=3 10 5 4 7 2 8 2 4 8 4 3 4 1 10 9 2 9 5 8 5 4 4 7 8 1 10 4 4 4
split_gain=9.60744 36.6524 41.3865 69.032 96.8326 69.4178 44.8481 40.2564 35.352 37.4616 28.9474 61.2326 43.0462 43.6044 30.8611 33.4215 25.4756 25.2119 53.1269 49.3766 45.9722 72.2686 90.1245 56.8171 45.6267 43.3478 44.1309 42.8064 38.6025 36.5371
threshold=77924.000000000015 64256.500000000007 66587.500000000015 52480.000000000007 27392292.000000004 44.500000000000007 61710.500000000007 65.500000000000014 49441.500000000007 61221.500000000007 57823.500000000007 79881.000000000015 59218.000000000007 477.50000000000006 62401.500000000007 61646.500000000007 52.500000000000007 48666.500000000007 50588.000000000007 24053.500000000004 52036.500000000007 41535.000000000007 41735.500000000007 9907884.0000000019 22495.500000000004 797.50000000000011 48560.000000000007 45013.000000000007 42985.000000000007 42564.000000000007
decision_type=2 2 2 2 2 2 2 2 2 2 2 2 2 2 2 2 2 2 2 2 2 2 2 2 2 2 2 2 2 2
left_child=17 10 3 4 8 -6 -7 -5 -3 -10 -2 14 13 -13 -12 -16 -15 18 -1 24 21 -19 23 -23 -20 26 27 28 -21 -28
right_child=1 2 -4 7 5 6 -8 -9 9 -11 11 12 -14 16 15 -17 -18 20 19 25 -22 22 -24 -25 -26 -27 29 -29 -30 -31
leaf_value=-8.3499109122095933e-06 0.0004582029097737102 -0.024724194846296191 -3.9624465340005167e-06 -0.0025814851550915174 -0.029589208653122697 0.0013503725270469192 -0.013831615906945245 0.002611200015913639 -0.0063543140975835287 -0.025279753807999874 -0.025597458862574248 0.020546433832556107 -0.0031344735923853049 -0.0012633682562275229 0.0069879634666118436 -0.010065164717966217 0.0059264309116849765 0.00079478693153224242 -0.00187440021892691 0.0040379139174420483 -0.00015224059888294374 -0.040593802824253795 -0.002671294298428563 -0.0071091828951812394 -0.015021072850235738 0.00044002422629687855 0.00064004324863599056 -0.018542504858565314 0.013174828607439314 0.0041307228135618393
leaf_weight=7208248 1387109 2719 3168714 35463 881 13955 2261 25785 4370 1375 758 1833 6818 5912 1793 3201 29616 79239 19229 54231 4975690 1017 140097 1010 3060 374785 141898 795 5055 38020
leaf_count=7208248 1387109 2719 3168714 35463 881 13955 2261 25785 4370 1375 758 1833 6818 5912 1793 3201 29616 79239 19229 54231 4975690 1017 140097 1010 3060 374785 141898 795 5055 38020
internal_value=-3.13285e-13 0.000122705 -6.29771e-05 -0.00221714 -0.00658229 -0.00225168 -0.000766455 -0.000395399 -0.01533 -0.0108839 0.000543356 0.00290895 0.00417255 0.005506 -0.00679625 -0.00394257 0.00473002 -4.41485e-05 6.90128e-05 0.000944343 -0.000214973 -0.00162505 -0.00297419 -0.0239093 -0.00367927 0.00111197 0.00216129 0.00450787 0.00481697 0.00137769
internal_weight=1.77349e+07 4.69256e+06 3.25552e+06 86809 25561 17097 16216 61248 8464 5745 1.43704e+06 49931 44179 37361 5752 4994 35528 1.30424e+07 7.84532e+06 637073 5.19705e+06 221363 142124 2027 22289 614784 239999 60081 59286 179918
internal_count=17734937 4692563 3255523 86809 25561 17097 16216 61248 8464 5745 1437040 49931 44179 37361 5752 4994 35528 13042374 7845321 637073 5197053 221363 142124 2027 22289 614784 239999 60081 59286 179918
is_linear=0
shrinkage=0.1


Tree=97
num_leaves=31
num_cat=0
split_feature=2 0 5 9 10 2 4 7 7 0 3 7 6 0 3 2 6 3 6 4 10 4 8 10 9 3 0 5 5 0
split_gain=10.1267 20.2989 14.3641 27.0529 20.6906 18.4351 15.6866 14.4677 31.3128 44.2313 17.7662 17.4018 14.4384 14.4347 13.7244 17.6533 12.5767 47.529 27.0611 26.4869 33.1293 27.6475 26.5522 23.2429 21.0505 19.239 21.8326 18.6469 57.9027 17.2814
threshold=74.500000000000014 15.500000000000002 83268.500000000015 73920.500000000015 89624.000000000015 79.500000000000014 76457.000000000015 89225696.000000015 62648076.000000007 39.500000000000007 137408.00000000003 68671700.000000015 73664.652343750015 103.50000000000001 85346.000000000015 79.500000000000014 63538.849609375007 90674.000000000015 60842.849609375007 46116.500000000007 63601.500000000007 46529.500000000007 58822.500000000007 63422.000000000007 63481.000000000007 96402.000000000015 76.500000000000014 43877.500000000007 41273.500000000007 30.500000000000004
decision_type=2 2 2 2 2 2 2 2 2 2 2 2 2 2 2 2 2 2 2 2 2 2 2 2 2 2 2 2 2 2
left_child=-1 -2 3 7 6 -5 -4 8 12 -10 -9 -11 16 -7 15 -13 18 -18 19 27 21 -21 25 -20 -25 26 -23 28 -3 -19
right_child=1 2 4 5 -6 13 -8 10 9 11 -12 14 -14 -15 -16 -17 17 29 23 20 -22 22 -24 24 -26 -27 -28 -29 -30 -31
leaf_value=8.8021320122980587e-06 -0.0095670394975747378 0.0008036304430079134 -0.0039756806952867627 0.004053785827283338 0.0018635785261866549 -0.014907450892290057 -0.013388857116665412 0.0030570407591281865 -0.040117162918063859 -0.013406705078511242 -0.071563794463872912 -0.0046691958155243097 -0.050971346518449617 0.0048263802293164668 0.0019404477028376864 -0.030401565557586659 -0.015518049609843999 -0.0091286695215489749 0.0070817365271672664 -0.01360705430913637 -0.026555129937413671 -0.0069026945821793282 -0.011918532568510014 -0.0020404720436952447 0.0043871032678906097 0.0013398144317576964 -0.00065367993242108967 0.0016265243793256686 -0.011956477487795665 -0.00078096024476582613
leaf_weight=17497518 2525 15970 7023 18305 4557 957 2367 10873 389 1979 32 1677 57 605 3005 317 2488 2644 8164 2105 576 9178 2476 11609 9081 16753 14305 42854 4575 39973
leaf_count=17497518 2525 15970 7023 18305 4557 957 2367 10873 389 1979 32 1677 57 605 3005 317 2488 2644 8164 2105 576 9178 2476 11609 9081 16753 14305 42854 4575 39973
internal_value=-8.57065e-14 -0.000648707 -0.00055284 -0.000356368 -0.00366533 0.00316394 -0.00634852 -0.00070418 -0.000907299 -0.0072993 0.00283807 -0.00546981 -0.000649707 -0.00726407 -0.00232776 -0.00876005 -0.000634012 -0.00208319 -0.000159132 -0.000881229 -0.00272524 -0.00241897 -0.00186758 0.00256348 0.00078064 -0.00124908 -0.00309602 0.000439063 -0.00203781 -0.00129886
internal_weight=1.77349e+07 237419 234894 220947 13947 19867 9390 201080 190175 7367 10905 6978 182808 1562 4999 1994 182751 45105 137646 108792 45393 44817 42712 28854 20690 40236 23483 63399 20545 42617
internal_count=17734937 237419 234894 220947 13947 19867 9390 201080 190175 7367 10905 6978 182808 1562 4999 1994 182751 45105 137646 108792 45393 44817 42712 28854 20690 40236 23483 63399 20545 42617
is_linear=0
shrinkage=0.1


Tree=98
num_leaves=31
num_cat=0
split_feature=1 0 1 4 8 5 10 3 9 2 4 10 5 8 2 8 7 5 3 5 3 3 7 6 10 5 9 5 4 7
split_gain=9.39811 12.9963 27.1609 17.6294 11.4998 42.0635 72.8054 92.4085 56.5804 63.0271 44.5069 41.5403 64.7164 64.383 46.3675 45.2319 44.9234 44.7851 41.4712 37.8269 66.0449 105.257 66.4815 62.1657 56.0569 79.91 54.9901 50.2192 52.2847 44.6853
threshold=2809.5000000000005 129.50000000000003 2402.5000000000005 55937.500000000007 66731.500000000015 70848.000000000015 69173.000000000015 87040.500000000015 67889.000000000015 50.500000000000007 48044.000000000007 69970.000000000015 71363.500000000015 43215.000000000007 67.500000000000014 65268.500000000007 10271202.000000002 78675.000000000015 86029.500000000015 76558.000000000015 74317.000000000015 77924.000000000015 12293029.500000002 72313.500000000015 70273.500000000015 75167.500000000015 73513.000000000015 77319.500000000015 61042.500000000007 10934171.000000002
decision_type=2 2 2 2 2 2 2 2 2 2 2 2 2 2 2 2 2 2 2 2 2 2 2 2 2 2 2 2 2 2
left_child=1 2 4 -3 5 6 -1 10 9 -9 -8 15 14 17 18 -7 -15 -14 -13 20 -6 24 -23 -21 -22 -26 -27 28 -25 -30
right_child=-2 3 -4 -5 19 11 7 8 -10 -11 -12 12 13 16 -16 -17 -18 -19 -20 23 21 22 -24 27 25 26 -28 -29 29 -31
leaf_value=8.7255672377577e-07 -0.0012811533796374993 0.00013501488855840833 -0.0010917136812012868 0.0010863170003470107 0.0014892180550460576 0.0010221773739609219 0.0033401017349102718 0.0018061946749745846 0.0026036578710108005 -0.016840133019256832 -0.010581728466142793 -0.013052745733277095 -0.017471317878113159 -0.0080397851527014598 -0.040811838737378522 0.0040015042392557241 0.00062045618173079222 -0.0026377206202119578 7.4726845773411189e-05 0.0020766731650411498 0.0015904774398766857 0.00018042284009202181 -0.0024377512537753416 -0.01698751411541731 -0.010707037530868676 0.0020741868225340452 -0.0084393228507095314 -4.9276016232509457e-05 -0.0044245464714744538 0.0021962598915564739
leaf_weight=13215853 57074 1088596 233224 237263 93500 237054 2622 3567 20547 3686 18488 4744 3255 6075 408 64911 427140 5432 4884 135492 9211 242276 161724 2619 25384 11933 8532 1360191 34842 14410
leaf_count=13215853 57074 1088596 233224 237263 93500 237054 2622 3567 20547 3686 18488 4744 3255 6075 408 64911 427140 5432 4884 135492 9211 242276 161724 2619 25384 11933 8532 1360191 34842 14410
internal_value=-5.17772e-13 4.13628e-06 -2.02788e-05 0.000305251 -4.77611e-06 2.79163e-05 -1.33797e-05 -0.00386444 -7.6715e-05 -0.00766993 -0.00885255 0.00075451 0.000147751 0.000328088 -0.00779279 0.00166262 0.000499013 -0.00819584 -0.00639357 -0.000223004 -0.000933255 -0.00142666 -0.00086765 3.05938e-05 -0.00552834 -0.0069585 -0.00230897 -0.000165734 -0.00321957 -0.00248745
internal_weight=1.77349e+07 1.76779e+07 1.6352e+07 1.32586e+06 1.61188e+07 1.40187e+07 1.32648e+07 48910 27800 7253 21110 753903 451938 441902 10036 301965 433215 8687 9628 2.10011e+06 552560 459060 404000 1.54755e+06 55060 45849 20465 1.41206e+06 51871 49252
internal_count=17734937 17677863 16352004 1325859 16118780 14018666 13264763 48910 27800 7253 21110 753903 451938 441902 10036 301965 433215 8687 9628 2100114 552560 459060 404000 1547554 55060 45849 20465 1412062 51871 49252
is_linear=0
shrinkage=0.1


Tree=99
num_leaves=31
num_cat=0
split_feature=0 1 3 7 7 1 7 7 8 4 8 2 3 0 5 3 3 3 3 7 2 4 8 2 8 7 9 5 8 4
split_gain=9.83054 38.5581 28.5509 33.7297 24.4155 23.3521 33.5852 23.2784 22.2737 24.8467 18.4207 16.6674 15.6827 29.1422 15.6097 16.769 15.2758 15.0516 14.8381 25.0455 21.3406 24.1487 27.2157 24.6876 15.7122 18.4916 14.3378 13.94 13.7719 29.6578
threshold=5.5000000000000009 138.50000000000003 17529.000000000004 1519407.8750000002 40647240.000000007 27.500000000000004 2465328.7500000005 2955846.7500000005 23481.000000000004 19693.500000000004 11006.500000000002 38.500000000000007 59976.500000000007 1.0000000180025095e-35 63460.000000000007 39676.000000000007 74743.000000000015 30798.000000000004 49174.000000000007 5531907.2500000009 21.500000000000004 34375.000000000007 38644.500000000007 37.500000000000007 39212.500000000007 15871043.000000002 24999.500000000004 34528.500000000007 36433.000000000007 31682.500000000004
decision_type=2 2 2 2 2 2 2 2 2 2 2 2 2 2 2 2 2 2 2 2 2 2 2 2 2 2 2 2 2 2
left_child=2 7 5 26 18 -1 -7 10 -6 17 -2 -9 13 -11 15 -15 -13 -10 19 -5 -21 22 23 -22 -23 -26 -4 -28 -20 -30
right_child=1 -3 3 4 8 6 -8 11 9 12 -12 16 -14 14 -16 -17 -18 -19 28 20 21 24 -24 -25 25 -27 27 -29 29 -31
leaf_value=-0.0027716049177521789 0.0024862887584623317 5.7430914511213821e-06 -0.015071707480432642 -0.0022468205446710544 0.0063924235840482875 0.00013013623620781301 0.0083112374478060119 0.0035696230956008368 0.0045427765188477808 -0.00041922126181406116 -0.0045807970506624614 -0.00080427312517082996 2.134864223146831e-05 0.0064621834717903063 0.005123701645178569 -0.000166266960282965 0.0035613774765481266 -0.0038998367058220812 0.0032290682507865633 -0.0021753742457744155 0.0013817729304955104 0.0070936844019779833 -0.0053730442109800733 -0.0028039310047053966 0.00013636172775269309 0.0042761838803512392 0.0044898026867829883 -0.010022179979285284 -0.011527096429890199 -0.0010960480314796989
leaf_weight=5548 6225 16661145 2059 42020 5979 9282 10923 56840 2364 37315 9051 22002 213255 4989 23729 16242 12608 19785 7251 25818 69834 7039 8553 17653 23944 19640 1129 1600 2745 388370
leaf_count=5548 6225 16661145 2059 42020 5979 9282 10923 56840 2364 37315 9051 22002 213255 4989 23729 16242 12608 19785 7251 25818 69834 7039 8553 17653 23944 19640 1129 1600 2745 388370
internal_value=-1.67232e-14 1.78798e-05 -0.000310017 -0.000399889 -0.000357088 0.00297498 0.00455291 0.00191256 0.00034552 0.000231712 -0.00170095 0.00251617 0.000473824 0.00164663 0.0033612 0.00139133 0.00078608 -0.00299874 -0.000728139 -5.75857e-05 0.000475758 0.000942453 1.08422e-05 0.000537188 0.00270987 0.00200187 -0.00877175 -0.00401851 -0.0010892 -0.00116926
internal_weight=1.77349e+07 1.67679e+07 967066 941313 936525 25753 20205 106726 323658 317679 15276 91450 295530 82275 44960 21231 34610 22149 612867 214501 172481 146663 96040 87487 50623 43584 4788 2729 398366 391115
internal_count=17734937 16767871 967066 941313 936525 25753 20205 106726 323658 317679 15276 91450 295530 82275 44960 21231 34610 22149 612867 214501 172481 146663 96040 87487 50623 43584 4788 2729 398366 391115
is_linear=0
shrinkage=0.1


end of trees

feature_importances:
step=476
first_nn_dist=448
nn_dist=378
percentile_25=337
variance=323
inserts=270
dists=240
furthest_dist=193
percentile_50=171
percentile_75=93
avg_dist=71

parameters:
[boosting: gbdt]
[objective: regression]
[metric: l2]
[tree_learner: serial]
[device_type: cpu]
[data_sample_strategy: bagging]
[data: ]
[valid: ]
[num_iterations: 100]
[learning_rate: 0.1]
[num_leaves: 31]
[num_threads: 16]
[seed: 42]
[deterministic: 0]
[force_col_wise: 0]
[force_row_wise: 0]
[histogram_pool_size: -1]
[max_depth: -1]
[min_data_in_leaf: 20]
[min_sum_hessian_in_leaf: 0.001]
[bagging_fraction: 1]
[pos_bagging_fraction: 1]
[neg_bagging_fraction: 1]
[bagging_freq: 0]
[bagging_seed: 400]
[bagging_by_query: 0]
[feature_fraction: 1]
[feature_fraction_bynode: 1]
[feature_fraction_seed: 30056]
[extra_trees: 0]
[extra_seed: 12879]
[early_stopping_round: 0]
[early_stopping_min_delta: 0]
[first_metric_only: 0]
[max_delta_step: 0]
[lambda_l1: 0]
[lambda_l2: 0]
[linear_lambda: 0]
[min_gain_to_split: 0]
[drop_rate: 0.1]
[max_drop: 50]
[skip_drop: 0.5]
[xgboost_dart_mode: 0]
[uniform_drop: 0]
[drop_seed: 17869]
[top_rate: 0.2]
[other_rate: 0.1]
[min_data_per_group: 100]
[max_cat_threshold: 32]
[cat_l2: 10]
[cat_smooth: 10]
[max_cat_to_onehot: 4]
[top_k: 20]
[monotone_constraints: ]
[monotone_constraints_method: basic]
[monotone_penalty: 0]
[feature_contri: ]
[forcedsplits_filename: ]
[refit_decay_rate: 0.9]
[cegb_tradeoff: 1]
[cegb_penalty_split: 0]
[cegb_penalty_feature_lazy: ]
[cegb_penalty_feature_coupled: ]
[path_smooth: 0]
[interaction_constraints: ]
[verbosity: -1]
[saved_feature_importance_type: 0]
[use_quantized_grad: 0]
[num_grad_quant_bins: 4]
[quant_train_renew_leaf: 0]
[stochastic_rounding: 1]
[linear_tree: 0]
[max_bin: 255]
[max_bin_by_feature: ]
[min_data_in_bin: 3]
[bin_construct_sample_cnt: 200000]
[data_random_seed: 175]
[is_enable_sparse: 1]
[enable_bundle: 1]
[use_missing: 1]
[zero_as_missing: 0]
[feature_pre_filter: 1]
[pre_partition: 0]
[two_round: 0]
[header: 0]
[label_column: ]
[weight_column: ]
[group_column: ]
[ignore_column: ]
[categorical_feature: ]
[forcedbins_filename: ]
[precise_float_parser: 0]
[parser_config_file: ]
[objective_seed: 16083]
[num_class: 1]
[is_unbalance: 0]
[scale_pos_weight: 1]
[sigmoid: 1]
[boost_from_average: 1]
[reg_sqrt: 0]
[alpha: 0.9]
[fair_c: 1]
[poisson_max_delta_step: 0.7]
[tweedie_variance_power: 1.5]
[lambdarank_truncation_level: 30]
[lambdarank_norm: 1]
[label_gain: ]
[lambdarank_position_bias_regularization: 0]
[eval_at: ]
[multi_error_top_k: 1]
[auc_mu_weights: ]
[num_machines: 1]
[local_listen_port: 12400]
[time_out: 120]
[machine_list_filename: ]
[machines: ]
[gpu_platform_id: -1]
[gpu_device_id: -1]
[gpu_use_dp: 0]
[num_gpu: 1]

end of parameters

pandas_categorical:[]
